date,region,product_category,fulfillment_center,units,gross_revenue
2025-01-06,West,Electronics,WEST_DC,36,4151.24
2025-01-06,West,Electronics,EAST_DC,3,361.38
2025-01-06,West,Electronics,CENTRAL_DC,6,713.17
2025-01-06,West,Home,WEST_DC,15,697.83
2025-01-06,West,Home,EAST_DC,5,228.16
2025-01-06,West,Home,CENTRAL_DC,3,131.52
2025-01-06,West,Apparel,WEST_DC,29,852.23
2025-01-06,West,Apparel,EAST_DC,4,124.4
2025-01-06,West,Apparel,CENTRAL_DC,3,89.58
2025-01-06,West,Accessories,WEST_DC,2,29.63
2025-01-06,West,Accessories,EAST_DC,1,14.77
2025-01-06,East,Electronics,EAST_DC,31,3627.99
2025-01-06,East,Electronics,WEST_DC,3,367.03
2025-01-06,East,Electronics,CENTRAL_DC,3,368.03
2025-01-06,East,Home,EAST_DC,25,1128.94
2025-01-06,East,Home,WEST_DC,7,317.07
2025-01-06,East,Home,CENTRAL_DC,4,184.71
2025-01-06,East,Apparel,EAST_DC,18,516.39
2025-01-06,East,Apparel,WEST_DC,5,148.56
2025-01-06,East,Apparel,CENTRAL_DC,4,118.31
2025-01-06,East,Accessories,EAST_DC,2,30.15
2025-01-06,East,Accessories,WEST_DC,1,15.26
2025-01-06,Central,Electronics,CENTRAL_DC,30,3579.34
2025-01-06,Central,Electronics,WEST_DC,4,461.63
2025-01-06,Central,Electronics,EAST_DC,7,811.44
2025-01-06,Central,Home,CENTRAL_DC,14,633.0
2025-01-06,Central,Home,WEST_DC,3,137.53
2025-01-06,Central,Home,EAST_DC,2,89.16
2025-01-06,Central,Apparel,CENTRAL_DC,33,1004.46
2025-01-06,Central,Apparel,WEST_DC,5,147.89
2025-01-06,Central,Apparel,EAST_DC,3,90.03
2025-01-06,Central,Accessories,CENTRAL_DC,4,57.4
2025-01-07,West,Electronics,WEST_DC,32,3924.96
2025-01-07,West,Electronics,EAST_DC,11,1283.03
2025-01-07,West,Electronics,CENTRAL_DC,7,834.82
2025-01-07,West,Home,WEST_DC,22,947.05
2025-01-07,West,Home,EAST_DC,2,90.19
2025-01-07,West,Home,CENTRAL_DC,5,221.43
2025-01-07,West,Apparel,WEST_DC,26,784.2
2025-01-07,West,Apparel,EAST_DC,2,60.4
2025-01-07,West,Apparel,CENTRAL_DC,6,187.34
2025-01-07,West,Accessories,WEST_DC,2,29.17
2025-01-07,East,Electronics,EAST_DC,37,4304.72
2025-01-07,East,Electronics,WEST_DC,4,484.51
2025-01-07,East,Home,EAST_DC,13,547.58
2025-01-07,East,Home,WEST_DC,4,181.45
2025-01-07,East,Home,CENTRAL_DC,4,175.61
2025-01-07,East,Apparel,EAST_DC,23,686.72
2025-01-07,East,Apparel,WEST_DC,8,232.54
2025-01-07,East,Apparel,CENTRAL_DC,4,113.97
2025-01-07,East,Accessories,EAST_DC,5,73.15
2025-01-07,East,Accessories,WEST_DC,1,15.38
2025-01-07,East,Accessories,CENTRAL_DC,1,14.59
2025-01-07,Central,Electronics,CENTRAL_DC,45,5472.26
2025-01-07,Central,Electronics,WEST_DC,7,828.53
2025-01-07,Central,Electronics,EAST_DC,3,346.76
2025-01-07,Central,Home,CENTRAL_DC,27,1255.32
2025-01-07,Central,Home,WEST_DC,6,273.47
2025-01-07,Central,Home,EAST_DC,5,235.37
2025-01-07,Central,Apparel,CENTRAL_DC,26,775.8
2025-01-07,Central,Apparel,WEST_DC,4,118.62
2025-01-07,Central,Apparel,EAST_DC,1,31.32
2025-01-07,Central,Accessories,CENTRAL_DC,5,76.45
2025-01-07,Central,Accessories,EAST_DC,1,14.08
2025-01-08,West,Electronics,WEST_DC,34,4192.11
2025-01-08,West,Electronics,EAST_DC,4,460.9
2025-01-08,West,Electronics,CENTRAL_DC,2,240.22
2025-01-08,West,Home,WEST_DC,21,940.62
2025-01-08,West,Home,EAST_DC,6,264.36
2025-01-08,West,Home,CENTRAL_DC,1,44.7
2025-01-08,West,Apparel,WEST_DC,29,935.71
2025-01-08,West,Apparel,EAST_DC,3,95.07
2025-01-08,West,Apparel,CENTRAL_DC,4,116.93
2025-01-08,West,Accessories,WEST_DC,1,14.03
2025-01-08,West,Accessories,EAST_DC,2,29.85
2025-01-08,East,Electronics,EAST_DC,34,4217.56
2025-01-08,East,Electronics,WEST_DC,4,478.64
2025-01-08,East,Electronics,CENTRAL_DC,4,454.69
2025-01-08,East,Home,EAST_DC,20,978.44
2025-01-08,East,Home,WEST_DC,6,260.51
2025-01-08,East,Home,CENTRAL_DC,3,133.51
2025-01-08,East,Apparel,EAST_DC,24,729.39
2025-01-08,East,Apparel,WEST_DC,3,88.98
2025-01-08,East,Apparel,CENTRAL_DC,1,29.88
2025-01-08,East,Accessories,EAST_DC,1,14.75
2025-01-08,Central,Electronics,CENTRAL_DC,34,4080.01
2025-01-08,Central,Electronics,WEST_DC,4,469.61
2025-01-08,Central,Electronics,EAST_DC,4,484.56
2025-01-08,Central,Home,CENTRAL_DC,18,791.46
2025-01-08,Central,Home,WEST_DC,3,130.49
2025-01-08,Central,Home,EAST_DC,3,139.82
2025-01-08,Central,Apparel,CENTRAL_DC,18,544.27
2025-01-08,Central,Apparel,WEST_DC,5,150.24
2025-01-08,Central,Apparel,EAST_DC,3,89.21
2025-01-08,Central,Accessories,CENTRAL_DC,5,74.16
2025-01-09,West,Electronics,WEST_DC,31,3683.34
2025-01-09,West,Electronics,EAST_DC,4,479.12
2025-01-09,West,Electronics,CENTRAL_DC,5,581.05
2025-01-09,West,Home,WEST_DC,23,1048.63
2025-01-09,West,Home,EAST_DC,2,94.71
2025-01-09,West,Home,CENTRAL_DC,2,91.19
2025-01-09,West,Apparel,WEST_DC,34,983.94
2025-01-09,West,Apparel,EAST_DC,4,122.82
2025-01-09,West,Apparel,CENTRAL_DC,3,89.49
2025-01-09,West,Accessories,WEST_DC,3,43.42
2025-01-09,East,Electronics,EAST_DC,36,4324.25
2025-01-09,East,Electronics,WEST_DC,8,924.96
2025-01-09,East,Electronics,CENTRAL_DC,2,235.17
2025-01-09,East,Home,EAST_DC,25,1135.27
2025-01-09,East,Home,WEST_DC,3,135.29
2025-01-09,East,Home,CENTRAL_DC,4,182.24
2025-01-09,East,Apparel,EAST_DC,32,1002.51
2025-01-09,East,Apparel,CENTRAL_DC,3,90.99
2025-01-09,East,Accessories,EAST_DC,6,92.7
2025-01-09,East,Accessories,CENTRAL_DC,1,14.52
2025-01-09,Central,Electronics,CENTRAL_DC,26,3199.03
2025-01-09,Central,Electronics,WEST_DC,7,840.29
2025-01-09,Central,Electronics,EAST_DC,5,623.92
2025-01-09,Central,Home,CENTRAL_DC,24,1122.43
2025-01-09,Central,Home,WEST_DC,1,42.84
2025-01-09,Central,Home,EAST_DC,7,303.17
2025-01-09,Central,Apparel,CENTRAL_DC,22,632.03
2025-01-09,Central,Apparel,WEST_DC,7,195.45
2025-01-09,Central,Apparel,EAST_DC,5,150.24
2025-01-09,Central,Accessories,CENTRAL_DC,6,88.1
2025-01-10,West,Electronics,WEST_DC,20,2380.86
2025-01-10,West,Electronics,EAST_DC,7,837.04
2025-01-10,West,Electronics,CENTRAL_DC,5,614.93
2025-01-10,West,Home,WEST_DC,22,1012.26
2025-01-10,West,Home,EAST_DC,3,133.85
2025-01-10,West,Home,CENTRAL_DC,7,316.87
2025-01-10,West,Apparel,WEST_DC,15,451.24
2025-01-10,West,Apparel,EAST_DC,3,87.74
2025-01-10,West,Apparel,CENTRAL_DC,2,58.93
2025-01-10,West,Accessories,WEST_DC,6,89.65
2025-01-10,East,Electronics,EAST_DC,35,4117.56
2025-01-10,East,Electronics,WEST_DC,7,850.78
2025-01-10,East,Electronics,CENTRAL_DC,2,238.64
2025-01-10,East,Home,EAST_DC,27,1253.9
2025-01-10,East,Home,WEST_DC,2,89.1
2025-01-10,East,Home,CENTRAL_DC,2,93.01
2025-01-10,East,Apparel,EAST_DC,22,661.37
2025-01-10,East,Apparel,WEST_DC,2,60.29
2025-01-10,East,Apparel,CENTRAL_DC,4,123.87
2025-01-10,East,Accessories,EAST_DC,5,73.97
2025-01-10,Central,Electronics,CENTRAL_DC,28,3318.97
2025-01-10,Central,Electronics,WEST_DC,5,594.88
2025-01-10,Central,Electronics,EAST_DC,5,603.34
2025-01-10,Central,Home,CENTRAL_DC,22,1067.15
2025-01-10,Central,Home,WEST_DC,3,135.9
2025-01-10,Central,Home,EAST_DC,2,93.87
2025-01-10,Central,Apparel,CENTRAL_DC,30,917.97
2025-01-10,Central,Apparel,WEST_DC,4,123.91
2025-01-10,Central,Apparel,EAST_DC,1,30.33
2025-01-10,Central,Accessories,CENTRAL_DC,3,42.31
2025-01-11,West,Electronics,WEST_DC,27,2951.85
2025-01-11,West,Electronics,EAST_DC,3,354.13
2025-01-11,West,Electronics,CENTRAL_DC,7,900.99
2025-01-11,West,Home,WEST_DC,21,947.82
2025-01-11,West,Home,EAST_DC,3,134.65
2025-01-11,West,Home,CENTRAL_DC,3,138.2
2025-01-11,West,Apparel,WEST_DC,18,524.28
2025-01-11,West,Apparel,EAST_DC,8,233.61
2025-01-11,West,Apparel,CENTRAL_DC,1,31.2
2025-01-11,West,Accessories,WEST_DC,3,47.11
2025-01-11,East,Electronics,EAST_DC,22,2690.49
2025-01-11,East,Electronics,CENTRAL_DC,1,118.06
2025-01-11,East,Home,EAST_DC,19,861.35
2025-01-11,East,Home,WEST_DC,4,179.03
2025-01-11,East,Home,CENTRAL_DC,1,44.66
2025-01-11,East,Apparel,EAST_DC,23,697.97
2025-01-11,East,Apparel,WEST_DC,3,91.5
2025-01-11,East,Apparel,CENTRAL_DC,4,121.07
2025-01-11,East,Accessories,EAST_DC,6,90.14
2025-01-11,East,Accessories,WEST_DC,1,14.66
2025-01-11,Central,Electronics,CENTRAL_DC,16,1930.83
2025-01-11,Central,Electronics,WEST_DC,5,573.93
2025-01-11,Central,Electronics,EAST_DC,6,718.53
2025-01-11,Central,Home,CENTRAL_DC,11,513.53
2025-01-11,Central,Home,WEST_DC,4,178.64
2025-01-11,Central,Home,EAST_DC,4,181.96
2025-01-11,Central,Apparel,CENTRAL_DC,15,471.75
2025-01-11,Central,Apparel,WEST_DC,2,57.8
2025-01-11,Central,Apparel,EAST_DC,2,60.45
2025-01-11,Central,Accessories,CENTRAL_DC,3,45.33
2025-01-11,Central,Accessories,WEST_DC,1,14.2
2025-01-12,West,Electronics,WEST_DC,21,2560.91
2025-01-12,West,Electronics,EAST_DC,5,613.73
2025-01-12,West,Electronics,CENTRAL_DC,3,364.84
2025-01-12,West,Home,WEST_DC,15,684.04
2025-01-12,West,Home,EAST_DC,4,175.64
2025-01-12,West,Home,CENTRAL_DC,2,86.54
2025-01-12,West,Apparel,WEST_DC,23,690.66
2025-01-12,West,Apparel,EAST_DC,6,181.45
2025-01-12,West,Apparel,CENTRAL_DC,2,58.88
2025-01-12,West,Accessories,WEST_DC,1,14.53
2025-01-12,East,Electronics,EAST_DC,32,3804.23
2025-01-12,East,Electronics,WEST_DC,3,356.91
2025-01-12,East,Electronics,CENTRAL_DC,2,238.63
2025-01-12,East,Home,EAST_DC,13,621.02
2025-01-12,East,Home,WEST_DC,3,135.7
2025-01-12,East,Home,CENTRAL_DC,2,89.09
2025-01-12,East,Apparel,EAST_DC,16,482.37
2025-01-12,East,Apparel,WEST_DC,2,59.3
2025-01-12,East,Apparel,CENTRAL_DC,2,63.33
2025-01-12,East,Accessories,EAST_DC,2,29.22
2025-01-12,Central,Electronics,CENTRAL_DC,21,2451.78
2025-01-12,Central,Electronics,WEST_DC,7,831.37
2025-01-12,Central,Electronics,EAST_DC,4,478.83
2025-01-12,Central,Home,CENTRAL_DC,15,690.89
2025-01-12,Central,Home,WEST_DC,2,90.74
2025-01-12,Central,Home,EAST_DC,1,44.04
2025-01-12,Central,Apparel,CENTRAL_DC,14,425.29
2025-01-12,Central,Apparel,WEST_DC,3,91.05
2025-01-12,Central,Apparel,EAST_DC,5,149.25
2025-01-12,Central,Accessories,CENTRAL_DC,7,103.55
2025-01-13,West,Electronics,WEST_DC,48,5617.15
2025-01-13,West,Electronics,EAST_DC,6,703.1
2025-01-13,West,Electronics,CENTRAL_DC,1,111.65
2025-01-13,West,Home,WEST_DC,16,697.73
2025-01-13,West,Home,CENTRAL_DC,3,134.77
2025-01-13,West,Apparel,WEST_DC,18,550.49
2025-01-13,West,Apparel,EAST_DC,2,59.98
2025-01-13,West,Apparel,CENTRAL_DC,3,91.89
2025-01-13,West,Accessories,WEST_DC,1,14.3
2025-01-13,East,Electronics,EAST_DC,34,3800.84
2025-01-13,East,Electronics,WEST_DC,2,229.22
2025-01-13,East,Electronics,CENTRAL_DC,3,350.03
2025-01-13,East,Home,EAST_DC,24,1094.51
2025-01-13,East,Home,CENTRAL_DC,1,45.08
2025-01-13,East,Apparel,EAST_DC,21,644.7
2025-01-13,East,Accessories,EAST_DC,1,15.53
2025-01-13,Central,Electronics,CENTRAL_DC,27,3290.18
2025-01-13,Central,Electronics,WEST_DC,8,949.29
2025-01-13,Central,Electronics,EAST_DC,7,817.49
2025-01-13,Central,Home,CENTRAL_DC,20,930.67
2025-01-13,Central,Home,WEST_DC,6,262.54
2025-01-13,Central,Apparel,CENTRAL_DC,27,827.98
2025-01-13,Central,Apparel,WEST_DC,2,61.15
2025-01-13,Central,Apparel,EAST_DC,3,90.92
2025-01-13,Central,Accessories,CENTRAL_DC,1,15.76
2025-01-14,West,Electronics,WEST_DC,37,4467.01
2025-01-14,West,Electronics,EAST_DC,2,232.13
2025-01-14,West,Electronics,CENTRAL_DC,6,728.58
2025-01-14,West,Home,WEST_DC,19,851.13
2025-01-14,West,Home,EAST_DC,2,87.99
2025-01-14,West,Home,CENTRAL_DC,2,86.62
2025-01-14,West,Apparel,WEST_DC,30,928.6
2025-01-14,West,Apparel,EAST_DC,1,30.92
2025-01-14,West,Accessories,WEST_DC,9,132.66
2025-01-14,East,Electronics,EAST_DC,26,3142.85
2025-01-14,East,Electronics,WEST_DC,6,725.9
2025-01-14,East,Electronics,CENTRAL_DC,8,927.18
2025-01-14,East,Home,EAST_DC,17,716.42
2025-01-14,East,Home,WEST_DC,2,84.97
2025-01-14,East,Home,CENTRAL_DC,5,225.2
2025-01-14,East,Apparel,EAST_DC,26,816.54
2025-01-14,East,Apparel,WEST_DC,5,144.92
2025-01-14,East,Apparel,CENTRAL_DC,2,59.32
2025-01-14,East,Accessories,EAST_DC,5,78.95
2025-01-14,Central,Electronics,CENTRAL_DC,37,4345.79
2025-01-14,Central,Electronics,WEST_DC,6,740.93
2025-01-14,Central,Electronics,EAST_DC,6,712.18
2025-01-14,Central,Home,CENTRAL_DC,23,1045.45
2025-01-14,Central,Home,WEST_DC,2,91.15
2025-01-14,Central,Home,EAST_DC,4,169.54
2025-01-14,Central,Apparel,CENTRAL_DC,34,998.78
2025-01-14,Central,Apparel,WEST_DC,10,307.48
2025-01-14,Central,Apparel,EAST_DC,5,143.96
2025-01-14,Central,Accessories,CENTRAL_DC,1,14.15
2025-01-14,Central,Accessories,WEST_DC,1,14.12
2025-01-14,Central,Accessories,EAST_DC,1,14.99
2025-01-15,West,Electronics,WEST_DC,27,3132.0
2025-01-15,West,Electronics,EAST_DC,8,926.25
2025-01-15,West,Electronics,CENTRAL_DC,1,116.06
2025-01-15,West,Home,WEST_DC,21,921.38
2025-01-15,West,Home,EAST_DC,2,88.49
2025-01-15,West,Apparel,WEST_DC,18,526.03
2025-01-15,West,Apparel,EAST_DC,5,152.15
2025-01-15,West,Apparel,CENTRAL_DC,5,143.09
2025-01-15,West,Accessories,WEST_DC,5,75.16
2025-01-15,East,Electronics,EAST_DC,37,4571.52
2025-01-15,East,Electronics,WEST_DC,4,496.67
2025-01-15,East,Electronics,CENTRAL_DC,6,751.02
2025-01-15,East,Home,EAST_DC,25,1129.02
2025-01-15,East,Home,WEST_DC,4,176.91
2025-01-15,East,Home,CENTRAL_DC,1,44.78
2025-01-15,East,Apparel,EAST_DC,28,840.15
2025-01-15,East,Apparel,WEST_DC,2,60.81
2025-01-15,East,Apparel,CENTRAL_DC,5,155.24
2025-01-15,East,Accessories,EAST_DC,4,60.38
2025-01-15,Central,Electronics,CENTRAL_DC,30,3636.27
2025-01-15,Central,Electronics,WEST_DC,4,437.8
2025-01-15,Central,Electronics,EAST_DC,3,364.14
2025-01-15,Central,Home,CENTRAL_DC,21,924.81
2025-01-15,Central,Home,WEST_DC,6,281.1
2025-01-15,Central,Home,EAST_DC,7,310.43
2025-01-15,Central,Apparel,CENTRAL_DC,32,931.13
2025-01-15,Central,Apparel,WEST_DC,4,119.6
2025-01-15,Central,Apparel,EAST_DC,1,29.97
2025-01-15,Central,Accessories,CENTRAL_DC,3,45.83
2025-01-15,Central,Accessories,EAST_DC,1,14.55
2025-01-16,West,Electronics,WEST_DC,35,4258.38
2025-01-16,West,Electronics,EAST_DC,4,457.96
2025-01-16,West,Electronics,CENTRAL_DC,5,604.13
2025-01-16,West,Home,WEST_DC,24,1070.2
2025-01-16,West,Home,EAST_DC,6,266.09
2025-01-16,West,Home,CENTRAL_DC,3,138.53
2025-01-16,West,Apparel,WEST_DC,40,1227.61
2025-01-16,West,Apparel,EAST_DC,4,120.44
2025-01-16,West,Apparel,CENTRAL_DC,4,120.47
2025-01-16,West,Accessories,WEST_DC,3,46.02
2025-01-16,West,Accessories,EAST_DC,1,15.17
2025-01-16,West,Accessories,CENTRAL_DC,1,14.44
2025-01-16,East,Electronics,EAST_DC,30,3605.63
2025-01-16,East,Electronics,WEST_DC,2,238.03
2025-01-16,East,Electronics,CENTRAL_DC,2,237.57
2025-01-16,East,Home,EAST_DC,23,969.55
2025-01-16,East,Home,WEST_DC,2,89.02
2025-01-16,East,Home,CENTRAL_DC,1,42.06
2025-01-16,East,Apparel,EAST_DC,18,531.89
2025-01-16,East,Apparel,WEST_DC,6,182.62
2025-01-16,East,Apparel,CENTRAL_DC,6,177.15
2025-01-16,East,Accessories,EAST_DC,5,72.85
2025-01-16,East,Accessories,WEST_DC,3,45.59
2025-01-16,East,Accessories,CENTRAL_DC,1,14.44
2025-01-16,Central,Electronics,CENTRAL_DC,36,4339.42
2025-01-16,Central,Electronics,WEST_DC,3,364.44
2025-01-16,Central,Electronics,EAST_DC,6,722.56
2025-01-16,Central,Home,CENTRAL_DC,21,926.73
2025-01-16,Central,Home,WEST_DC,7,314.43
2025-01-16,Central,Home,EAST_DC,3,130.66
2025-01-16,Central,Apparel,CENTRAL_DC,21,612.75
2025-01-16,Central,Apparel,WEST_DC,6,181.22
2025-01-16,Central,Accessories,CENTRAL_DC,5,75.25
2025-01-17,West,Electronics,WEST_DC,38,4478.46
2025-01-17,West,Electronics,EAST_DC,2,240.06
2025-01-17,West,Electronics,CENTRAL_DC,3,368.59
2025-01-17,West,Home,WEST_DC,19,870.75
2025-01-17,West,Home,EAST_DC,1,45.81
2025-01-17,West,Home,CENTRAL_DC,1,45.7
2025-01-17,West,Apparel,WEST_DC,25,768.9
2025-01-17,West,Apparel,EAST_DC,3,94.02
2025-01-17,West,Apparel,CENTRAL_DC,4,119.02
2025-01-17,West,Accessories,WEST_DC,3,45.61
2025-01-17,West,Accessories,CENTRAL_DC,1,15.0
2025-01-17,East,Electronics,EAST_DC,27,3230.43
2025-01-17,East,Electronics,WEST_DC,8,952.98
2025-01-17,East,Electronics,CENTRAL_DC,4,449.8
2025-01-17,East,Home,EAST_DC,33,1542.4
2025-01-17,East,Home,WEST_DC,1,45.08
2025-01-17,East,Home,CENTRAL_DC,2,90.1
2025-01-17,East,Apparel,EAST_DC,28,826.31
2025-01-17,East,Apparel,WEST_DC,2,60.03
2025-01-17,East,Apparel,CENTRAL_DC,5,153.11
2025-01-17,East,Accessories,EAST_DC,2,30.87
2025-01-17,Central,Electronics,CENTRAL_DC,26,3257.87
2025-01-17,Central,Electronics,WEST_DC,4,444.71
2025-01-17,Central,Electronics,EAST_DC,2,229.79
2025-01-17,Central,Home,CENTRAL_DC,18,789.08
2025-01-17,Central,Home,WEST_DC,4,193.27
2025-01-17,Central,Home,EAST_DC,3,142.3
2025-01-17,Central,Apparel,CENTRAL_DC,29,828.23
2025-01-17,Central,Apparel,WEST_DC,5,146.57
2025-01-17,Central,Apparel,EAST_DC,3,90.4
2025-01-17,Central,Accessories,CENTRAL_DC,4,60.66
2025-01-17,Central,Accessories,WEST_DC,1,15.28
2025-01-18,West,Electronics,WEST_DC,26,3301.0
2025-01-18,West,Electronics,EAST_DC,3,381.17
2025-01-18,West,Electronics,CENTRAL_DC,9,1040.21
2025-01-18,West,Home,WEST_DC,20,911.35
2025-01-18,West,Home,EAST_DC,2,89.72
2025-01-18,West,Home,CENTRAL_DC,3,132.37
2025-01-18,West,Apparel,WEST_DC,18,554.37
2025-01-18,West,Apparel,EAST_DC,2,59.12
2025-01-18,West,Apparel,CENTRAL_DC,3,89.5
2025-01-18,West,Accessories,WEST_DC,1,15.6
2025-01-18,West,Accessories,CENTRAL_DC,1,14.98
2025-01-18,East,Electronics,EAST_DC,34,4169.19
2025-01-18,East,Electronics,WEST_DC,1,117.92
2025-01-18,East,Electronics,CENTRAL_DC,1,122.01
2025-01-18,East,Home,EAST_DC,23,964.06
2025-01-18,East,Home,WEST_DC,2,90.23
2025-01-18,East,Home,CENTRAL_DC,2,90.88
2025-01-18,East,Apparel,EAST_DC,23,716.43
2025-01-18,East,Apparel,WEST_DC,1,29.1
2025-01-18,East,Apparel,CENTRAL_DC,3,94.55
2025-01-18,East,Accessories,EAST_DC,5,75.68
2025-01-18,East,Accessories,CENTRAL_DC,1,14.67
2025-01-18,Central,Electronics,CENTRAL_DC,24,2966.34
2025-01-18,Central,Electronics,WEST_DC,1,120.35
2025-01-18,Central,Electronics,EAST_DC,2,245.73
2025-01-18,Central,Home,CENTRAL_DC,15,688.17
2025-01-18,Central,Home,WEST_DC,6,274.81
2025-01-18,Central,Home,EAST_DC,2,94.15
2025-01-18,Central,Apparel,CENTRAL_DC,31,913.27
2025-01-18,Central,Apparel,EAST_DC,6,188.75
2025-01-18,Central,Accessories,EAST_DC,1,15.36
2025-01-19,West,Electronics,WEST_DC,20,2368.39
2025-01-19,West,Electronics,EAST_DC,3,355.74
2025-01-19,West,Electronics,CENTRAL_DC,4,449.34
2025-01-19,West,Home,WEST_DC,16,733.27
2025-01-19,West,Home,CENTRAL_DC,2,92.04
2025-01-19,West,Apparel,WEST_DC,22,675.93
2025-01-19,West,Apparel,EAST_DC,2,58.78
2025-01-19,West,Apparel,CENTRAL_DC,4,121.45
2025-01-19,West,Accessories,WEST_DC,2,31.07
2025-01-19,East,Electronics,EAST_DC,18,2222.69
2025-01-19,East,Electronics,WEST_DC,1,121.05
2025-01-19,East,Electronics,CENTRAL_DC,5,571.4
2025-01-19,East,Home,EAST_DC,14,635.1
2025-01-19,East,Home,WEST_DC,2,91.11
2025-01-19,East,Apparel,EAST_DC,32,937.02
2025-01-19,East,Apparel,WEST_DC,6,182.31
2025-01-19,East,Apparel,CENTRAL_DC,5,151.98
2025-01-19,East,Accessories,EAST_DC,3,44.85
2025-01-19,Central,Electronics,CENTRAL_DC,24,2847.5
2025-01-19,Central,Electronics,WEST_DC,4,472.7
2025-01-19,Central,Electronics,EAST_DC,8,948.18
2025-01-19,Central,Home,CENTRAL_DC,11,489.36
2025-01-19,Central,Home,WEST_DC,4,182.04
2025-01-19,Central,Home,EAST_DC,6,260.87
2025-01-19,Central,Apparel,CENTRAL_DC,23,689.5
2025-01-19,Central,Apparel,WEST_DC,5,151.64
2025-01-19,Central,Apparel,EAST_DC,1,30.5
2025-01-19,Central,Accessories,CENTRAL_DC,7,101.58
2025-01-20,West,Electronics,WEST_DC,38,4623.23
2025-01-20,West,Electronics,EAST_DC,2,226.53
2025-01-20,West,Electronics,CENTRAL_DC,6,760.23
2025-01-20,West,Home,WEST_DC,17,757.56
2025-01-20,West,Home,EAST_DC,3,134.17
2025-01-20,West,Home,CENTRAL_DC,5,221.68
2025-01-20,West,Apparel,WEST_DC,24,731.09
2025-01-20,West,Apparel,EAST_DC,3,88.87
2025-01-20,West,Apparel,CENTRAL_DC,2,64.01
2025-01-20,West,Accessories,WEST_DC,2,29.8
2025-01-20,West,Accessories,EAST_DC,1,14.91
2025-01-20,West,Accessories,CENTRAL_DC,1,15.18
2025-01-20,East,Electronics,EAST_DC,30,3670.7
2025-01-20,East,Electronics,WEST_DC,3,368.05
2025-01-20,East,Electronics,CENTRAL_DC,4,476.1
2025-01-20,East,Home,EAST_DC,19,843.71
2025-01-20,East,Home,WEST_DC,3,123.03
2025-01-20,East,Home,CENTRAL_DC,2,86.63
2025-01-20,East,Apparel,EAST_DC,25,746.76
2025-01-20,East,Apparel,WEST_DC,4,121.04
2025-01-20,East,Apparel,CENTRAL_DC,6,192.56
2025-01-20,East,Accessories,EAST_DC,4,64.14
2025-01-20,East,Accessories,WEST_DC,1,15.04
2025-01-20,Central,Electronics,CENTRAL_DC,25,3041.37
2025-01-20,Central,Electronics,WEST_DC,5,617.79
2025-01-20,Central,Electronics,EAST_DC,7,841.01
2025-01-20,Central,Home,CENTRAL_DC,24,1116.45
2025-01-20,Central,Home,WEST_DC,3,134.95
2025-01-20,Central,Home,EAST_DC,7,293.64
2025-01-20,Central,Apparel,CENTRAL_DC,27,851.45
2025-01-20,Central,Apparel,WEST_DC,6,182.43
2025-01-20,Central,Apparel,EAST_DC,11,335.58
2025-01-20,Central,Accessories,CENTRAL_DC,5,73.6
2025-01-20,Central,Accessories,EAST_DC,1,14.52
2025-01-21,West,Electronics,WEST_DC,22,2546.43
2025-01-21,West,Electronics,EAST_DC,4,471.85
2025-01-21,West,Electronics,CENTRAL_DC,2,235.5
2025-01-21,West,Home,WEST_DC,23,1033.66
2025-01-21,West,Home,EAST_DC,2,95.39
2025-01-21,West,Home,CENTRAL_DC,3,135.54
2025-01-21,West,Apparel,WEST_DC,21,633.97
2025-01-21,West,Apparel,EAST_DC,2,58.71
2025-01-21,West,Apparel,CENTRAL_DC,4,124.72
2025-01-21,West,Accessories,WEST_DC,7,105.97
2025-01-21,West,Accessories,EAST_DC,1,15.44
2025-01-21,West,Accessories,CENTRAL_DC,1,14.48
2025-01-21,East,Electronics,EAST_DC,23,2885.56
2025-01-21,East,Electronics,WEST_DC,7,833.43
2025-01-21,East,Electronics,CENTRAL_DC,1,123.02
2025-01-21,East,Home,EAST_DC,19,834.4
2025-01-21,East,Home,WEST_DC,4,182.98
2025-01-21,East,Home,CENTRAL_DC,5,227.67
2025-01-21,East,Apparel,EAST_DC,25,735.86
2025-01-21,East,Apparel,WEST_DC,3,88.03
2025-01-21,East,Apparel,CENTRAL_DC,1,30.69
2025-01-21,East,Accessories,EAST_DC,3,45.99
2025-01-21,East,Accessories,WEST_DC,1,14.29
2025-01-21,East,Accessories,CENTRAL_DC,2,30.02
2025-01-21,Central,Electronics,CENTRAL_DC,35,3921.01
2025-01-21,Central,Electronics,WEST_DC,2,242.49
2025-01-21,Central,Electronics,EAST_DC,1,124.28
2025-01-21,Central,Home,CENTRAL_DC,23,962.21
2025-01-21,Central,Home,WEST_DC,4,185.09
2025-01-21,Central,Home,EAST_DC,3,131.01
2025-01-21,Central,Apparel,CENTRAL_DC,27,819.18
2025-01-21,Central,Apparel,WEST_DC,4,121.63
2025-01-21,Central,Apparel,EAST_DC,2,60.58
2025-01-21,Central,Accessories,CENTRAL_DC,5,78.06
2025-01-22,West,Electronics,WEST_DC,28,3334.56
2025-01-22,West,Electronics,EAST_DC,3,359.54
2025-01-22,West,Electronics,CENTRAL_DC,5,601.41
2025-01-22,West,Home,WEST_DC,28,1231.26
2025-01-22,West,Home,EAST_DC,6,274.68
2025-01-22,West,Home,CENTRAL_DC,7,315.44
2025-01-22,West,Apparel,WEST_DC,31,974.37
2025-01-22,West,Apparel,EAST_DC,6,182.03
2025-01-22,West,Apparel,CENTRAL_DC,3,92.91
2025-01-22,West,Accessories,WEST_DC,6,91.36
2025-01-22,West,Accessories,EAST_DC,1,13.91
2025-01-22,East,Electronics,EAST_DC,24,2864.56
2025-01-22,East,Electronics,WEST_DC,4,470.0
2025-01-22,East,Electronics,CENTRAL_DC,3,354.53
2025-01-22,East,Home,EAST_DC,21,956.01
2025-01-22,East,Home,WEST_DC,2,85.25
2025-01-22,East,Home,CENTRAL_DC,3,138.04
2025-01-22,East,Apparel,EAST_DC,20,604.03
2025-01-22,East,Apparel,WEST_DC,4,120.01
2025-01-22,East,Apparel,CENTRAL_DC,8,242.03
2025-01-22,East,Accessories,EAST_DC,7,108.87
2025-01-22,East,Accessories,WEST_DC,2,29.42
2025-01-22,East,Accessories,CENTRAL_DC,1,15.29
2025-01-22,Central,Electronics,CENTRAL_DC,32,3658.84
2025-01-22,Central,Electronics,WEST_DC,5,575.12
2025-01-22,Central,Electronics,EAST_DC,11,1298.94
2025-01-22,Central,Home,CENTRAL_DC,22,996.05
2025-01-22,Central,Home,WEST_DC,1,43.48
2025-01-22,Central,Home,EAST_DC,2,88.67
2025-01-22,Central,Apparel,CENTRAL_DC,29,876.78
2025-01-22,Central,Apparel,WEST_DC,4,123.69
2025-01-22,Central,Apparel,EAST_DC,4,119.41
2025-01-22,Central,Accessories,CENTRAL_DC,6,86.23
2025-01-22,Central,Accessories,EAST_DC,1,14.7
2025-01-23,West,Electronics,WEST_DC,24,2872.15
2025-01-23,West,Electronics,EAST_DC,4,479.56
2025-01-23,West,Electronics,CENTRAL_DC,4,476.91
2025-01-23,West,Home,WEST_DC,26,1141.23
2025-01-23,West,Home,EAST_DC,3,135.45
2025-01-23,West,Home,CENTRAL_DC,5,222.38
2025-01-23,West,Apparel,WEST_DC,22,648.58
2025-01-23,West,Apparel,EAST_DC,6,181.69
2025-01-23,West,Apparel,CENTRAL_DC,2,59.11
2025-01-23,West,Accessories,WEST_DC,4,58.14
2025-01-23,West,Accessories,EAST_DC,1,15.03
2025-01-23,East,Electronics,EAST_DC,39,4659.74
2025-01-23,East,Electronics,WEST_DC,2,231.24
2025-01-23,East,Electronics,CENTRAL_DC,3,369.09
2025-01-23,East,Home,EAST_DC,20,901.94
2025-01-23,East,Home,WEST_DC,5,216.26
2025-01-23,East,Home,CENTRAL_DC,4,189.21
2025-01-23,East,Apparel,EAST_DC,29,908.17
2025-01-23,East,Apparel,WEST_DC,4,122.91
2025-01-23,East,Apparel,CENTRAL_DC,4,120.34
2025-01-23,East,Accessories,EAST_DC,7,105.86
2025-01-23,Central,Electronics,CENTRAL_DC,32,3775.09
2025-01-23,Central,Electronics,WEST_DC,5,592.03
2025-01-23,Central,Electronics,EAST_DC,8,958.86
2025-01-23,Central,Home,CENTRAL_DC,19,867.24
2025-01-23,Central,Home,WEST_DC,3,135.0
2025-01-23,Central,Home,EAST_DC,5,225.27
2025-01-23,Central,Apparel,CENTRAL_DC,24,734.35
2025-01-23,Central,Apparel,WEST_DC,3,92.52
2025-01-23,Central,Apparel,EAST_DC,3,91.31
2025-01-23,Central,Accessories,CENTRAL_DC,4,61.35
2025-01-23,Central,Accessories,WEST_DC,3,45.08
2025-01-24,West,Electronics,WEST_DC,29,3452.99
2025-01-24,West,Electronics,EAST_DC,4,501.29
2025-01-24,West,Electronics,CENTRAL_DC,4,467.03
2025-01-24,West,Home,WEST_DC,18,760.48
2025-01-24,West,Home,EAST_DC,4,180.18
2025-01-24,West,Home,CENTRAL_DC,5,217.45
2025-01-24,West,Apparel,WEST_DC,25,734.43
2025-01-24,West,Apparel,CENTRAL_DC,4,119.39
2025-01-24,West,Accessories,WEST_DC,3,44.72
2025-01-24,West,Accessories,CENTRAL_DC,2,30.61
2025-01-24,East,Electronics,EAST_DC,30,3471.01
2025-01-24,East,Electronics,WEST_DC,6,697.01
2025-01-24,East,Electronics,CENTRAL_DC,5,567.09
2025-01-24,East,Home,EAST_DC,22,1032.24
2025-01-24,East,Home,WEST_DC,1,44.38
2025-01-24,East,Home,CENTRAL_DC,4,180.55
2025-01-24,East,Apparel,EAST_DC,25,762.21
2025-01-24,East,Apparel,WEST_DC,6,185.53
2025-01-24,East,Apparel,CENTRAL_DC,3,87.89
2025-01-24,East,Accessories,EAST_DC,2,30.41
2025-01-24,Central,Electronics,CENTRAL_DC,30,3585.96
2025-01-24,Central,Electronics,WEST_DC,3,366.69
2025-01-24,Central,Home,CENTRAL_DC,29,1274.45
2025-01-24,Central,Home,WEST_DC,9,411.19
2025-01-24,Central,Home,EAST_DC,4,182.98
2025-01-24,Central,Apparel,CENTRAL_DC,34,1010.29
2025-01-24,Central,Apparel,WEST_DC,4,114.72
2025-01-24,Central,Apparel,EAST_DC,4,116.06
2025-01-24,Central,Accessories,CENTRAL_DC,6,93.49
2025-01-24,Central,Accessories,WEST_DC,2,28.78
2025-01-25,West,Electronics,WEST_DC,32,3693.16
2025-01-25,West,Electronics,EAST_DC,3,361.02
2025-01-25,West,Electronics,CENTRAL_DC,2,231.16
2025-01-25,West,Home,WEST_DC,14,631.07
2025-01-25,West,Home,CENTRAL_DC,1,45.33
2025-01-25,West,Apparel,WEST_DC,17,491.6
2025-01-25,West,Apparel,EAST_DC,3,89.23
2025-01-25,West,Apparel,CENTRAL_DC,4,117.89
2025-01-25,West,Accessories,WEST_DC,3,45.32
2025-01-25,East,Electronics,EAST_DC,18,2166.78
2025-01-25,East,Electronics,WEST_DC,2,252.22
2025-01-25,East,Electronics,CENTRAL_DC,3,345.52
2025-01-25,East,Home,EAST_DC,20,904.61
2025-01-25,East,Home,WEST_DC,2,88.49
2025-01-25,East,Home,CENTRAL_DC,3,135.13
2025-01-25,East,Apparel,EAST_DC,20,585.49
2025-01-25,East,Apparel,WEST_DC,3,86.33
2025-01-25,East,Apparel,CENTRAL_DC,4,121.41
2025-01-25,East,Accessories,EAST_DC,1,15.18
2025-01-25,Central,Electronics,CENTRAL_DC,25,2940.07
2025-01-25,Central,Electronics,WEST_DC,2,243.12
2025-01-25,Central,Electronics,EAST_DC,8,967.25
2025-01-25,Central,Home,CENTRAL_DC,17,764.77
2025-01-25,Central,Home,WEST_DC,5,235.73
2025-01-25,Central,Home,EAST_DC,6,271.29
2025-01-25,Central,Apparel,CENTRAL_DC,17,497.91
2025-01-25,Central,Apparel,WEST_DC,5,150.58
2025-01-25,Central,Apparel,EAST_DC,4,119.75
2025-01-25,Central,Accessories,CENTRAL_DC,5,76.48
2025-01-26,West,Electronics,WEST_DC,18,2219.79
2025-01-26,West,Electronics,EAST_DC,3,367.13
2025-01-26,West,Electronics,CENTRAL_DC,4,507.6
2025-01-26,West,Home,WEST_DC,18,812.48
2025-01-26,West,Home,EAST_DC,1,43.48
2025-01-26,West,Home,CENTRAL_DC,3,138.11
2025-01-26,West,Apparel,WEST_DC,18,549.45
2025-01-26,West,Apparel,EAST_DC,2,59.11
2025-01-26,West,Apparel,CENTRAL_DC,6,170.22
2025-01-26,West,Accessories,WEST_DC,5,77.17
2025-01-26,East,Electronics,EAST_DC,21,2524.27
2025-01-26,East,Electronics,WEST_DC,2,230.74
2025-01-26,East,Electronics,CENTRAL_DC,3,359.63
2025-01-26,East,Home,EAST_DC,19,825.41
2025-01-26,East,Home,CENTRAL_DC,2,90.43
2025-01-26,East,Apparel,EAST_DC,18,550.2
2025-01-26,East,Apparel,WEST_DC,5,150.59
2025-01-26,East,Apparel,CENTRAL_DC,3,92.21
2025-01-26,East,Accessories,EAST_DC,3,44.04
2025-01-26,East,Accessories,CENTRAL_DC,1,15.35
2025-01-26,Central,Electronics,CENTRAL_DC,25,3044.67
2025-01-26,Central,Electronics,WEST_DC,3,369.84
2025-01-26,Central,Electronics,EAST_DC,4,482.86
2025-01-26,Central,Home,CENTRAL_DC,19,874.82
2025-01-26,Central,Home,WEST_DC,2,91.5
2025-01-26,Central,Apparel,CENTRAL_DC,20,639.72
2025-01-26,Central,Apparel,WEST_DC,2,59.06
2025-01-26,Central,Apparel,EAST_DC,4,121.52
2025-01-26,Central,Accessories,CENTRAL_DC,6,90.86
2025-01-27,West,Electronics,WEST_DC,38,4461.57
2025-01-27,West,Electronics,EAST_DC,2,235.0
2025-01-27,West,Electronics,CENTRAL_DC,2,233.21
2025-01-27,West,Home,WEST_DC,30,1315.71
2025-01-27,West,Home,EAST_DC,4,174.19
2025-01-27,West,Home,CENTRAL_DC,2,90.61
2025-01-27,West,Apparel,WEST_DC,22,649.67
2025-01-27,West,Apparel,EAST_DC,3,87.45
2025-01-27,West,Apparel,CENTRAL_DC,4,124.68
2025-01-27,West,Accessories,WEST_DC,1,14.62
2025-01-27,West,Accessories,EAST_DC,1,14.52
2025-01-27,West,Accessories,CENTRAL_DC,1,14.87
2025-01-27,East,Electronics,EAST_DC,24,2932.1
2025-01-27,East,Electronics,WEST_DC,3,355.97
2025-01-27,East,Electronics,CENTRAL_DC,7,893.45
2025-01-27,East,Home,EAST_DC,27,1210.56
2025-01-27,East,Home,WEST_DC,4,177.47
2025-01-27,East,Home,CENTRAL_DC,2,95.43
2025-01-27,East,Apparel,EAST_DC,27,814.2
2025-01-27,East,Apparel,WEST_DC,4,113.32
2025-01-27,East,Apparel,CENTRAL_DC,5,149.19
2025-01-27,East,Accessories,EAST_DC,6,88.83
2025-01-27,East,Accessories,CENTRAL_DC,2,30.71
2025-01-27,Central,Electronics,CENTRAL_DC,20,2353.25
2025-01-27,Central,Electronics,WEST_DC,5,573.26
2025-01-27,Central,Electronics,EAST_DC,5,601.67
2025-01-27,Central,Home,CENTRAL_DC,24,1084.89
2025-01-27,Central,Home,WEST_DC,2,91.56
2025-01-27,Central,Home,EAST_DC,6,287.71
2025-01-27,Central,Apparel,CENTRAL_DC,29,845.9
2025-01-27,Central,Apparel,WEST_DC,5,145.3
2025-01-27,Central,Apparel,EAST_DC,4,119.86
2025-01-27,Central,Accessories,CENTRAL_DC,6,85.73
2025-01-28,West,Electronics,WEST_DC,17,2081.32
2025-01-28,West,Electronics,EAST_DC,5,557.14
2025-01-28,West,Electronics,CENTRAL_DC,3,371.16
2025-01-28,West,Home,WEST_DC,21,877.6
2025-01-28,West,Home,EAST_DC,5,219.7
2025-01-28,West,Home,CENTRAL_DC,1,45.19
2025-01-28,West,Apparel,WEST_DC,24,680.12
2025-01-28,West,Apparel,EAST_DC,3,88.77
2025-01-28,West,Apparel,CENTRAL_DC,2,60.75
2025-01-28,West,Accessories,CENTRAL_DC,2,31.7
2025-01-28,East,Electronics,EAST_DC,34,4113.9
2025-01-28,East,Electronics,WEST_DC,5,608.25
2025-01-28,East,Electronics,CENTRAL_DC,2,242.61
2025-01-28,East,Home,EAST_DC,33,1535.85
2025-01-28,East,Home,WEST_DC,1,46.62
2025-01-28,East,Home,CENTRAL_DC,3,133.27
2025-01-28,East,Apparel,EAST_DC,30,891.73
2025-01-28,East,Apparel,WEST_DC,2,59.12
2025-01-28,East,Apparel,CENTRAL_DC,7,204.39
2025-01-28,East,Accessories,EAST_DC,7,109.31
2025-01-28,Central,Electronics,CENTRAL_DC,41,5249.8
2025-01-28,Central,Electronics,WEST_DC,4,476.11
2025-01-28,Central,Electronics,EAST_DC,4,486.04
2025-01-28,Central,Home,CENTRAL_DC,21,882.08
2025-01-28,Central,Home,WEST_DC,2,93.97
2025-01-28,Central,Home,EAST_DC,4,180.92
2025-01-28,Central,Apparel,CENTRAL_DC,31,916.29
2025-01-28,Central,Apparel,WEST_DC,1,30.08
2025-01-28,Central,Apparel,EAST_DC,6,194.94
2025-01-28,Central,Accessories,CENTRAL_DC,1,14.92
2025-01-28,Central,Accessories,EAST_DC,1,15.37
2025-01-29,West,Electronics,WEST_DC,26,3116.51
2025-01-29,West,Electronics,EAST_DC,5,603.56
2025-01-29,West,Electronics,CENTRAL_DC,3,347.2
2025-01-29,West,Home,WEST_DC,21,989.51
2025-01-29,West,Home,EAST_DC,4,174.61
2025-01-29,West,Home,CENTRAL_DC,1,44.52
2025-01-29,West,Apparel,WEST_DC,28,817.74
2025-01-29,West,Apparel,EAST_DC,4,122.84
2025-01-29,West,Apparel,CENTRAL_DC,4,116.04
2025-01-29,West,Accessories,WEST_DC,4,59.51
2025-01-29,West,Accessories,EAST_DC,1,15.36
2025-01-29,East,Electronics,EAST_DC,30,3672.2
2025-01-29,East,Electronics,WEST_DC,6,744.26
2025-01-29,East,Electronics,CENTRAL_DC,6,719.03
2025-01-29,East,Home,EAST_DC,19,850.3
2025-01-29,East,Home,WEST_DC,1,44.13
2025-01-29,East,Home,CENTRAL_DC,5,228.97
2025-01-29,East,Apparel,EAST_DC,29,885.03
2025-01-29,East,Apparel,WEST_DC,5,146.1
2025-01-29,East,Apparel,CENTRAL_DC,4,114.07
2025-01-29,East,Accessories,EAST_DC,3,46.83
2025-01-29,East,Accessories,WEST_DC,2,29.33
2025-01-29,Central,Electronics,CENTRAL_DC,30,3767.39
2025-01-29,Central,Electronics,WEST_DC,4,473.73
2025-01-29,Central,Electronics,EAST_DC,3,361.09
2025-01-29,Central,Home,CENTRAL_DC,20,858.9
2025-01-29,Central,Home,WEST_DC,1,46.39
2025-01-29,Central,Home,EAST_DC,3,130.88
2025-01-29,Central,Apparel,CENTRAL_DC,30,873.46
2025-01-29,Central,Apparel,WEST_DC,2,60.5
2025-01-29,Central,Apparel,EAST_DC,1,30.9
2025-01-29,Central,Accessories,CENTRAL_DC,4,59.04
2025-01-29,Central,Accessories,WEST_DC,2,29.64
2025-01-29,Central,Accessories,EAST_DC,1,15.24
2025-01-30,West,Electronics,WEST_DC,42,4761.43
2025-01-30,West,Electronics,EAST_DC,5,565.5
2025-01-30,West,Electronics,CENTRAL_DC,5,577.33
2025-01-30,West,Home,WEST_DC,27,1198.94
2025-01-30,West,Home,EAST_DC,3,140.36
2025-01-30,West,Home,CENTRAL_DC,6,275.36
2025-01-30,West,Apparel,WEST_DC,24,700.4
2025-01-30,West,Apparel,EAST_DC,9,270.3
2025-01-30,West,Apparel,CENTRAL_DC,4,112.69
2025-01-30,West,Accessories,WEST_DC,4,59.82
2025-01-30,East,Electronics,EAST_DC,32,3866.47
2025-01-30,East,Electronics,WEST_DC,3,359.98
2025-01-30,East,Electronics,CENTRAL_DC,5,614.68
2025-01-30,East,Home,EAST_DC,18,807.03
2025-01-30,East,Home,WEST_DC,3,126.12
2025-01-30,East,Home,CENTRAL_DC,3,132.78
2025-01-30,East,Apparel,EAST_DC,29,901.78
2025-01-30,East,Apparel,WEST_DC,2,61.65
2025-01-30,East,Apparel,CENTRAL_DC,7,219.59
2025-01-30,East,Accessories,EAST_DC,2,30.11
2025-01-30,East,Accessories,WEST_DC,1,14.74
2025-01-30,Central,Electronics,CENTRAL_DC,35,4424.57
2025-01-30,Central,Electronics,WEST_DC,6,715.38
2025-01-30,Central,Electronics,EAST_DC,4,454.07
2025-01-30,Central,Home,CENTRAL_DC,15,664.02
2025-01-30,Central,Home,WEST_DC,2,93.1
2025-01-30,Central,Home,EAST_DC,3,137.2
2025-01-30,Central,Apparel,CENTRAL_DC,25,763.82
2025-01-30,Central,Apparel,WEST_DC,4,122.27
2025-01-30,Central,Apparel,EAST_DC,9,273.89
2025-01-30,Central,Accessories,CENTRAL_DC,3,45.67
2025-01-30,Central,Accessories,EAST_DC,1,14.24
2025-01-31,West,Electronics,WEST_DC,36,4047.94
2025-01-31,West,Electronics,EAST_DC,5,615.11
2025-01-31,West,Electronics,CENTRAL_DC,8,1001.33
2025-01-31,West,Home,WEST_DC,26,1249.78
2025-01-31,West,Home,EAST_DC,2,91.73
2025-01-31,West,Home,CENTRAL_DC,3,140.97
2025-01-31,West,Apparel,WEST_DC,34,1058.75
2025-01-31,West,Apparel,EAST_DC,4,124.94
2025-01-31,West,Apparel,CENTRAL_DC,5,145.54
2025-01-31,West,Accessories,WEST_DC,8,113.11
2025-01-31,West,Accessories,EAST_DC,2,30.93
2025-01-31,West,Accessories,CENTRAL_DC,3,44.27
2025-01-31,East,Electronics,EAST_DC,38,4424.18
2025-01-31,East,Electronics,WEST_DC,4,477.17
2025-01-31,East,Electronics,CENTRAL_DC,5,614.89
2025-01-31,East,Home,EAST_DC,25,1062.33
2025-01-31,East,Home,WEST_DC,3,132.25
2025-01-31,East,Home,CENTRAL_DC,3,134.97
2025-01-31,East,Apparel,EAST_DC,29,910.13
2025-01-31,East,Apparel,WEST_DC,3,90.57
2025-01-31,East,Apparel,CENTRAL_DC,2,59.01
2025-01-31,East,Accessories,EAST_DC,5,75.01
2025-01-31,Central,Electronics,CENTRAL_DC,25,2947.33
2025-01-31,Central,Electronics,WEST_DC,6,732.71
2025-01-31,Central,Electronics,EAST_DC,2,239.37
2025-01-31,Central,Home,CENTRAL_DC,25,1107.66
2025-01-31,Central,Home,WEST_DC,4,181.57
2025-01-31,Central,Home,EAST_DC,7,337.61
2025-01-31,Central,Apparel,CENTRAL_DC,20,599.63
2025-01-31,Central,Apparel,WEST_DC,4,117.89
2025-01-31,Central,Apparel,EAST_DC,6,181.45
2025-01-31,Central,Accessories,CENTRAL_DC,3,44.46
2025-01-31,Central,Accessories,EAST_DC,2,29.76
2025-02-01,West,Electronics,WEST_DC,24,2911.58
2025-02-01,West,Electronics,EAST_DC,2,251.27
2025-02-01,West,Electronics,CENTRAL_DC,5,609.16
2025-02-01,West,Home,WEST_DC,10,440.68
2025-02-01,West,Home,EAST_DC,2,85.99
2025-02-01,West,Home,CENTRAL_DC,3,135.57
2025-02-01,West,Apparel,WEST_DC,18,523.28
2025-02-01,West,Apparel,EAST_DC,5,149.72
2025-02-01,West,Apparel,CENTRAL_DC,3,89.01
2025-02-01,West,Accessories,WEST_DC,6,93.2
2025-02-01,East,Electronics,EAST_DC,19,2272.25
2025-02-01,East,Electronics,WEST_DC,3,359.45
2025-02-01,East,Electronics,CENTRAL_DC,7,857.8
2025-02-01,East,Home,EAST_DC,21,949.59
2025-02-01,East,Home,WEST_DC,2,92.81
2025-02-01,East,Home,CENTRAL_DC,3,130.6
2025-02-01,East,Apparel,EAST_DC,20,593.33
2025-02-01,East,Apparel,WEST_DC,5,145.93
2025-02-01,East,Apparel,CENTRAL_DC,3,89.54
2025-02-01,East,Accessories,EAST_DC,4,59.58
2025-02-01,East,Accessories,WEST_DC,1,16.11
2025-02-01,Central,Electronics,CENTRAL_DC,26,3215.43
2025-02-01,Central,Electronics,WEST_DC,1,124.18
2025-02-01,Central,Electronics,EAST_DC,3,371.3
2025-02-01,Central,Home,CENTRAL_DC,13,578.09
2025-02-01,Central,Home,EAST_DC,4,171.26
2025-02-01,Central,Apparel,CENTRAL_DC,15,460.13
2025-02-01,Central,Apparel,WEST_DC,3,92.35
2025-02-01,Central,Apparel,EAST_DC,5,146.87
2025-02-01,Central,Accessories,CENTRAL_DC,5,76.3
2025-02-01,Central,Accessories,WEST_DC,1,14.89
2025-02-02,West,Electronics,WEST_DC,28,3406.92
2025-02-02,West,Electronics,EAST_DC,3,349.08
2025-02-02,West,Electronics,CENTRAL_DC,1,125.42
2025-02-02,West,Home,WEST_DC,16,720.23
2025-02-02,West,Home,EAST_DC,2,89.85
2025-02-02,West,Apparel,WEST_DC,18,531.64
2025-02-02,West,Apparel,EAST_DC,6,185.94
2025-02-02,West,Apparel,CENTRAL_DC,1,30.61
2025-02-02,West,Accessories,WEST_DC,3,46.18
2025-02-02,East,Electronics,EAST_DC,22,2662.04
2025-02-02,East,Electronics,WEST_DC,4,460.18
2025-02-02,East,Electronics,CENTRAL_DC,5,588.58
2025-02-02,East,Home,EAST_DC,19,841.27
2025-02-02,East,Apparel,EAST_DC,14,423.77
2025-02-02,East,Apparel,WEST_DC,1,30.61
2025-02-02,East,Apparel,CENTRAL_DC,3,87.22
2025-02-02,East,Accessories,EAST_DC,1,14.25
2025-02-02,Central,Electronics,CENTRAL_DC,39,4757.83
2025-02-02,Central,Electronics,WEST_DC,4,483.32
2025-02-02,Central,Electronics,EAST_DC,5,621.53
2025-02-02,Central,Home,CENTRAL_DC,20,882.06
2025-02-02,Central,Home,WEST_DC,1,43.59
2025-02-02,Central,Apparel,CENTRAL_DC,16,500.61
2025-02-02,Central,Apparel,WEST_DC,1,31.23
2025-02-02,Central,Apparel,EAST_DC,3,90.66
2025-02-02,Central,Accessories,CENTRAL_DC,1,14.34
2025-02-02,Central,Accessories,EAST_DC,1,15.28
2025-02-03,West,Electronics,WEST_DC,34,4267.19
2025-02-03,West,Electronics,EAST_DC,3,360.7
2025-02-03,West,Electronics,CENTRAL_DC,5,610.3
2025-02-03,West,Home,WEST_DC,24,1007.33
2025-02-03,West,Home,CENTRAL_DC,6,259.29
2025-02-03,West,Apparel,WEST_DC,32,981.67
2025-02-03,West,Apparel,EAST_DC,4,124.11
2025-02-03,West,Apparel,CENTRAL_DC,5,149.99
2025-02-03,West,Accessories,WEST_DC,5,73.51
2025-02-03,East,Electronics,EAST_DC,49,6022.63
2025-02-03,East,Electronics,WEST_DC,5,589.91
2025-02-03,East,Electronics,CENTRAL_DC,5,574.68
2025-02-03,East,Home,EAST_DC,21,945.57
2025-02-03,East,Home,WEST_DC,3,130.14
2025-02-03,East,Apparel,EAST_DC,28,849.01
2025-02-03,East,Apparel,WEST_DC,5,158.75
2025-02-03,East,Apparel,CENTRAL_DC,5,157.09
2025-02-03,East,Accessories,EAST_DC,2,28.85
2025-02-03,Central,Electronics,CENTRAL_DC,29,3402.11
2025-02-03,Central,Electronics,WEST_DC,4,492.52
2025-02-03,Central,Electronics,EAST_DC,3,372.72
2025-02-03,Central,Home,CENTRAL_DC,25,1111.46
2025-02-03,Central,Home,WEST_DC,3,131.96
2025-02-03,Central,Home,EAST_DC,8,377.74
2025-02-03,Central,Apparel,CENTRAL_DC,16,503.04
2025-02-03,Central,Apparel,WEST_DC,6,182.28
2025-02-03,Central,Apparel,EAST_DC,3,91.96
2025-02-03,Central,Accessories,CENTRAL_DC,2,29.08
2025-02-03,Central,Accessories,EAST_DC,1,15.24
2025-02-04,West,Electronics,WEST_DC,26,3148.5
2025-02-04,West,Electronics,EAST_DC,3,352.05
2025-02-04,West,Electronics,CENTRAL_DC,3,360.31
2025-02-04,West,Home,WEST_DC,26,1168.92
2025-02-04,West,Home,EAST_DC,4,176.85
2025-02-04,West,Home,CENTRAL_DC,3,135.48
2025-02-04,West,Apparel,WEST_DC,29,854.08
2025-02-04,West,Apparel,EAST_DC,3,96.21
2025-02-04,West,Apparel,CENTRAL_DC,2,59.84
2025-02-04,West,Accessories,WEST_DC,5,76.44
2025-02-04,West,Accessories,EAST_DC,1,15.73
2025-02-04,East,Electronics,EAST_DC,39,5007.28
2025-02-04,East,Electronics,WEST_DC,4,491.8
2025-02-04,East,Electronics,CENTRAL_DC,6,712.78
2025-02-04,East,Home,EAST_DC,31,1425.95
2025-02-04,East,Home,WEST_DC,3,144.56
2025-02-04,East,Home,CENTRAL_DC,5,222.62
2025-02-04,East,Apparel,EAST_DC,33,1021.4
2025-02-04,East,Apparel,WEST_DC,3,91.02
2025-02-04,East,Apparel,CENTRAL_DC,4,112.64
2025-02-04,East,Accessories,EAST_DC,3,44.26
2025-02-04,Central,Electronics,CENTRAL_DC,45,5492.64
2025-02-04,Central,Electronics,WEST_DC,6,693.44
2025-02-04,Central,Electronics,EAST_DC,4,485.14
2025-02-04,Central,Home,CENTRAL_DC,21,941.63
2025-02-04,Central,Home,WEST_DC,3,131.4
2025-02-04,Central,Home,EAST_DC,3,133.01
2025-02-04,Central,Apparel,CENTRAL_DC,24,750.75
2025-02-04,Central,Apparel,WEST_DC,3,92.69
2025-02-04,Central,Apparel,EAST_DC,4,116.64
2025-02-04,Central,Accessories,CENTRAL_DC,4,64.45
2025-02-04,Central,Accessories,WEST_DC,2,30.15
2025-02-05,West,Electronics,WEST_DC,38,4444.36
2025-02-05,West,Electronics,EAST_DC,7,861.65
2025-02-05,West,Electronics,CENTRAL_DC,1,120.75
2025-02-05,West,Home,WEST_DC,30,1280.12
2025-02-05,West,Home,CENTRAL_DC,4,173.2
2025-02-05,West,Apparel,WEST_DC,24,709.83
2025-02-05,West,Apparel,CENTRAL_DC,3,92.0
2025-02-05,West,Accessories,WEST_DC,6,86.94
2025-02-05,East,Electronics,EAST_DC,37,4445.95
2025-02-05,East,Electronics,CENTRAL_DC,6,736.38
2025-02-05,East,Home,EAST_DC,23,1085.18
2025-02-05,East,Home,CENTRAL_DC,3,138.16
2025-02-05,East,Apparel,EAST_DC,25,721.9
2025-02-05,East,Apparel,WEST_DC,2,60.6
2025-02-05,East,Apparel,CENTRAL_DC,1,30.17
2025-02-05,East,Accessories,EAST_DC,2,30.6
2025-02-05,East,Accessories,WEST_DC,1,14.7
2025-02-05,East,Accessories,CENTRAL_DC,1,15.02
2025-02-05,Central,Electronics,CENTRAL_DC,21,2560.63
2025-02-05,Central,Electronics,WEST_DC,4,508.4
2025-02-05,Central,Electronics,EAST_DC,3,357.96
2025-02-05,Central,Home,CENTRAL_DC,26,1183.07
2025-02-05,Central,Home,WEST_DC,3,138.38
2025-02-05,Central,Home,EAST_DC,5,224.23
2025-02-05,Central,Apparel,CENTRAL_DC,31,926.26
2025-02-05,Central,Apparel,WEST_DC,3,88.36
2025-02-05,Central,Apparel,EAST_DC,5,146.51
2025-02-05,Central,Accessories,CENTRAL_DC,2,30.49
2025-02-06,West,Electronics,WEST_DC,24,2826.46
2025-02-06,West,Electronics,EAST_DC,6,700.18
2025-02-06,West,Electronics,CENTRAL_DC,6,694.33
2025-02-06,West,Home,WEST_DC,23,980.31
2025-02-06,West,Home,EAST_DC,4,184.66
2025-02-06,West,Home,CENTRAL_DC,4,180.96
2025-02-06,West,Apparel,WEST_DC,32,976.27
2025-02-06,West,Apparel,EAST_DC,1,30.62
2025-02-06,West,Apparel,CENTRAL_DC,2,57.54
2025-02-06,West,Accessories,WEST_DC,2,29.9
2025-02-06,West,Accessories,EAST_DC,2,30.95
2025-02-06,East,Electronics,EAST_DC,33,4098.22
2025-02-06,East,Electronics,WEST_DC,6,713.39
2025-02-06,East,Electronics,CENTRAL_DC,3,371.93
2025-02-06,East,Home,EAST_DC,17,752.42
2025-02-06,East,Home,WEST_DC,1,45.06
2025-02-06,East,Home,CENTRAL_DC,4,179.67
2025-02-06,East,Apparel,EAST_DC,27,839.36
2025-02-06,East,Apparel,WEST_DC,4,128.04
2025-02-06,East,Apparel,CENTRAL_DC,3,92.7
2025-02-06,East,Accessories,EAST_DC,4,59.89
2025-02-06,Central,Electronics,CENTRAL_DC,18,2216.36
2025-02-06,Central,Electronics,WEST_DC,2,236.51
2025-02-06,Central,Electronics,EAST_DC,5,609.82
2025-02-06,Central,Home,CENTRAL_DC,22,964.68
2025-02-06,Central,Home,WEST_DC,3,136.05
2025-02-06,Central,Home,EAST_DC,7,317.44
2025-02-06,Central,Apparel,CENTRAL_DC,28,844.68
2025-02-06,Central,Apparel,WEST_DC,4,124.14
2025-02-06,Central,Apparel,EAST_DC,2,59.92
2025-02-06,Central,Accessories,CENTRAL_DC,3,43.82
2025-02-07,West,Electronics,WEST_DC,30,3547.03
2025-02-07,West,Electronics,EAST_DC,4,485.69
2025-02-07,West,Electronics,CENTRAL_DC,6,660.61
2025-02-07,West,Home,WEST_DC,24,1074.25
2025-02-07,West,Home,EAST_DC,4,177.96
2025-02-07,West,Home,CENTRAL_DC,2,84.82
2025-02-07,West,Apparel,WEST_DC,16,505.11
2025-02-07,West,Apparel,EAST_DC,2,61.38
2025-02-07,West,Apparel,CENTRAL_DC,2,59.0
2025-02-07,West,Accessories,WEST_DC,4,59.11
2025-02-07,West,Accessories,CENTRAL_DC,1,15.25
2025-02-07,East,Electronics,EAST_DC,31,3950.1
2025-02-07,East,Electronics,WEST_DC,2,246.76
2025-02-07,East,Home,EAST_DC,22,960.03
2025-02-07,East,Home,WEST_DC,1,44.4
2025-02-07,East,Home,CENTRAL_DC,3,132.95
2025-02-07,East,Apparel,EAST_DC,24,716.51
2025-02-07,East,Apparel,WEST_DC,8,235.18
2025-02-07,East,Apparel,CENTRAL_DC,2,62.04
2025-02-07,East,Accessories,EAST_DC,2,30.82
2025-02-07,Central,Electronics,CENTRAL_DC,31,3722.12
2025-02-07,Central,Electronics,WEST_DC,5,599.38
2025-02-07,Central,Electronics,EAST_DC,4,452.85
2025-02-07,Central,Home,CENTRAL_DC,30,1306.3
2025-02-07,Central,Home,WEST_DC,1,42.8
2025-02-07,Central,Home,EAST_DC,2,89.06
2025-02-07,Central,Apparel,CENTRAL_DC,35,1066.99
2025-02-07,Central,Apparel,WEST_DC,2,58.35
2025-02-07,Central,Apparel,EAST_DC,5,150.29
2025-02-07,Central,Accessories,CENTRAL_DC,5,74.87
2025-02-07,Central,Accessories,EAST_DC,1,13.98
2025-02-08,West,Electronics,WEST_DC,20,2379.61
2025-02-08,West,Electronics,EAST_DC,4,484.36
2025-02-08,West,Electronics,CENTRAL_DC,2,240.9
2025-02-08,West,Home,WEST_DC,16,706.86
2025-02-08,West,Home,CENTRAL_DC,4,183.38
2025-02-08,West,Apparel,WEST_DC,28,838.15
2025-02-08,West,Apparel,EAST_DC,4,121.53
2025-02-08,West,Apparel,CENTRAL_DC,2,59.96
2025-02-08,West,Accessories,WEST_DC,4,58.37
2025-02-08,West,Accessories,CENTRAL_DC,1,14.88
2025-02-08,East,Electronics,EAST_DC,30,3465.26
2025-02-08,East,Electronics,WEST_DC,7,857.88
2025-02-08,East,Electronics,CENTRAL_DC,3,378.05
2025-02-08,East,Home,EAST_DC,18,756.66
2025-02-08,East,Apparel,EAST_DC,22,662.28
2025-02-08,East,Apparel,WEST_DC,4,123.4
2025-02-08,East,Apparel,CENTRAL_DC,2,60.25
2025-02-08,East,Accessories,EAST_DC,1,14.56
2025-02-08,Central,Electronics,CENTRAL_DC,26,3194.18
2025-02-08,Central,Electronics,WEST_DC,4,456.89
2025-02-08,Central,Home,CENTRAL_DC,19,847.71
2025-02-08,Central,Home,WEST_DC,4,190.4
2025-02-08,Central,Home,EAST_DC,3,143.03
2025-02-08,Central,Apparel,CENTRAL_DC,21,622.04
2025-02-08,Central,Apparel,WEST_DC,1,30.88
2025-02-08,Central,Apparel,EAST_DC,2,59.03
2025-02-09,West,Electronics,WEST_DC,23,2689.94
2025-02-09,West,Electronics,EAST_DC,3,362.55
2025-02-09,West,Electronics,CENTRAL_DC,4,466.42
2025-02-09,West,Home,WEST_DC,26,1121.52
2025-02-09,West,Home,EAST_DC,1,45.66
2025-02-09,West,Home,CENTRAL_DC,2,95.57
2025-02-09,West,Apparel,WEST_DC,16,475.63
2025-02-09,West,Apparel,EAST_DC,1,30.99
2025-02-09,West,Apparel,CENTRAL_DC,2,60.99
2025-02-09,West,Accessories,WEST_DC,5,77.43
2025-02-09,West,Accessories,EAST_DC,2,30.66
2025-02-09,East,Electronics,EAST_DC,21,2498.68
2025-02-09,East,Electronics,WEST_DC,3,362.61
2025-02-09,East,Electronics,CENTRAL_DC,3,375.56
2025-02-09,East,Home,EAST_DC,12,536.05
2025-02-09,East,Home,WEST_DC,5,233.92
2025-02-09,East,Home,CENTRAL_DC,2,91.72
2025-02-09,East,Apparel,EAST_DC,23,701.3
2025-02-09,East,Apparel,WEST_DC,3,87.2
2025-02-09,East,Apparel,CENTRAL_DC,5,152.3
2025-02-09,East,Accessories,WEST_DC,1,15.16
2025-02-09,Central,Electronics,CENTRAL_DC,21,2465.01
2025-02-09,Central,Electronics,WEST_DC,3,360.44
2025-02-09,Central,Electronics,EAST_DC,5,594.38
2025-02-09,Central,Home,CENTRAL_DC,14,600.89
2025-02-09,Central,Home,WEST_DC,2,89.7
2025-02-09,Central,Home,EAST_DC,3,141.32
2025-02-09,Central,Apparel,CENTRAL_DC,23,709.41
2025-02-09,Central,Apparel,WEST_DC,5,148.49
2025-02-09,Central,Apparel,EAST_DC,1,30.78
2025-02-09,Central,Accessories,CENTRAL_DC,2,30.51
2025-02-09,Central,Accessories,WEST_DC,2,29.33
2025-02-09,Central,Accessories,EAST_DC,2,28.93
2025-02-10,West,Electronics,WEST_DC,39,4737.53
2025-02-10,West,Electronics,EAST_DC,3,366.28
2025-02-10,West,Electronics,CENTRAL_DC,5,585.13
2025-02-10,West,Home,WEST_DC,19,824.47
2025-02-10,West,Home,EAST_DC,4,182.65
2025-02-10,West,Home,CENTRAL_DC,5,230.74
2025-02-10,West,Apparel,WEST_DC,24,706.86
2025-02-10,West,Apparel,EAST_DC,6,169.75
2025-02-10,West,Apparel,CENTRAL_DC,2,60.61
2025-02-10,West,Accessories,WEST_DC,4,58.16
2025-02-10,West,Accessories,CENTRAL_DC,1,15.09
2025-02-10,East,Electronics,EAST_DC,32,3891.63
2025-02-10,East,Electronics,WEST_DC,3,355.93
2025-02-10,East,Electronics,CENTRAL_DC,2,257.95
2025-02-10,East,Home,EAST_DC,21,1013.54
2025-02-10,East,Home,CENTRAL_DC,3,129.37
2025-02-10,East,Apparel,EAST_DC,26,798.4
2025-02-10,East,Apparel,WEST_DC,3,89.89
2025-02-10,East,Apparel,CENTRAL_DC,8,244.64
2025-02-10,East,Accessories,EAST_DC,1,15.39
2025-02-10,East,Accessories,CENTRAL_DC,1,15.54
2025-02-10,Central,Electronics,CENTRAL_DC,20,2336.39
2025-02-10,Central,Electronics,WEST_DC,3,371.36
2025-02-10,Central,Electronics,EAST_DC,4,479.08
2025-02-10,Central,Home,CENTRAL_DC,29,1298.29
2025-02-10,Central,Home,WEST_DC,3,129.77
2025-02-10,Central,Home,EAST_DC,2,89.29
2025-02-10,Central,Apparel,CENTRAL_DC,36,1077.07
2025-02-10,Central,Apparel,WEST_DC,3,88.25
2025-02-10,Central,Apparel,EAST_DC,2,59.51
2025-02-10,Central,Accessories,CENTRAL_DC,6,89.37
2025-02-10,Central,Accessories,WEST_DC,1,15.86
2025-02-11,West,Electronics,WEST_DC,38,4603.06
2025-02-11,West,Electronics,EAST_DC,2,238.78
2025-02-11,West,Electronics,CENTRAL_DC,4,457.22
2025-02-11,West,Home,WEST_DC,28,1279.91
2025-02-11,West,Home,EAST_DC,2,91.53
2025-02-11,West,Home,CENTRAL_DC,4,169.56
2025-02-11,West,Apparel,WEST_DC,28,842.01
2025-02-11,West,Apparel,EAST_DC,3,88.29
2025-02-11,West,Apparel,CENTRAL_DC,1,30.51
2025-02-11,West,Accessories,WEST_DC,9,140.2
2025-02-11,East,Electronics,EAST_DC,37,4433.28
2025-02-11,East,Electronics,WEST_DC,11,1284.7
2025-02-11,East,Electronics,CENTRAL_DC,4,469.33
2025-02-11,East,Home,EAST_DC,20,896.16
2025-02-11,East,Home,WEST_DC,3,133.87
2025-02-11,East,Home,CENTRAL_DC,2,91.27
2025-02-11,East,Apparel,EAST_DC,27,828.69
2025-02-11,East,Apparel,WEST_DC,3,91.2
2025-02-11,East,Apparel,CENTRAL_DC,4,121.64
2025-02-11,East,Accessories,EAST_DC,6,88.01
2025-02-11,East,Accessories,CENTRAL_DC,1,15.32
2025-02-11,Central,Electronics,CENTRAL_DC,38,4771.28
2025-02-11,Central,Electronics,WEST_DC,2,235.15
2025-02-11,Central,Electronics,EAST_DC,7,828.05
2025-02-11,Central,Home,CENTRAL_DC,22,979.11
2025-02-11,Central,Home,WEST_DC,3,128.25
2025-02-11,Central,Home,EAST_DC,2,92.43
2025-02-11,Central,Apparel,CENTRAL_DC,23,705.69
2025-02-11,Central,Apparel,WEST_DC,5,148.98
2025-02-11,Central,Apparel,EAST_DC,6,177.32
2025-02-11,Central,Accessories,CENTRAL_DC,6,93.16
2025-02-11,Central,Accessories,EAST_DC,1,15.42
2025-02-12,West,Electronics,WEST_DC,41,4982.05
2025-02-12,West,Electronics,EAST_DC,2,243.93
2025-02-12,West,Electronics,CENTRAL_DC,3,371.78
2025-02-12,West,Home,WEST_DC,35,1592.72
2025-02-12,West,Home,EAST_DC,4,170.0
2025-02-12,West,Home,CENTRAL_DC,3,131.17
2025-02-12,West,Apparel,WEST_DC,23,726.87
2025-02-12,West,Apparel,CENTRAL_DC,3,88.67
2025-02-12,West,Accessories,WEST_DC,4,59.91
2025-02-12,West,Accessories,EAST_DC,2,29.71
2025-02-12,East,Electronics,EAST_DC,30,3510.17
2025-02-12,East,Electronics,WEST_DC,7,844.01
2025-02-12,East,Electronics,CENTRAL_DC,6,717.86
2025-02-12,East,Home,EAST_DC,19,884.47
2025-02-12,East,Home,WEST_DC,3,132.04
2025-02-12,East,Home,CENTRAL_DC,2,89.83
2025-02-12,East,Apparel,EAST_DC,29,868.34
2025-02-12,East,Apparel,WEST_DC,5,149.05
2025-02-12,East,Apparel,CENTRAL_DC,2,59.41
2025-02-12,East,Accessories,EAST_DC,6,93.86
2025-02-12,Central,Electronics,CENTRAL_DC,26,2990.58
2025-02-12,Central,Electronics,WEST_DC,8,957.47
2025-02-12,Central,Electronics,EAST_DC,7,847.46
2025-02-12,Central,Home,CENTRAL_DC,22,1015.73
2025-02-12,Central,Home,WEST_DC,4,175.62
2025-02-12,Central,Home,EAST_DC,4,183.19
2025-02-12,Central,Apparel,CENTRAL_DC,19,550.35
2025-02-12,Central,Apparel,WEST_DC,4,120.04
2025-02-12,Central,Apparel,EAST_DC,6,177.8
2025-02-12,Central,Accessories,CENTRAL_DC,7,101.77
2025-02-12,Central,Accessories,EAST_DC,1,14.78
2025-02-13,West,Electronics,WEST_DC,32,3876.81
2025-02-13,West,Electronics,EAST_DC,2,230.63
2025-02-13,West,Electronics,CENTRAL_DC,3,363.2
2025-02-13,West,Home,WEST_DC,24,1081.82
2025-02-13,West,Home,EAST_DC,1,43.68
2025-02-13,West,Home,CENTRAL_DC,5,222.21
2025-02-13,West,Apparel,WEST_DC,21,610.04
2025-02-13,West,Apparel,EAST_DC,2,61.13
2025-02-13,West,Apparel,CENTRAL_DC,2,57.12
2025-02-13,West,Accessories,WEST_DC,6,96.61
2025-02-13,East,Electronics,EAST_DC,31,3990.35
2025-02-13,East,Electronics,WEST_DC,4,473.15
2025-02-13,East,Electronics,CENTRAL_DC,2,230.49
2025-02-13,East,Home,EAST_DC,22,1001.74
2025-02-13,East,Home,WEST_DC,3,136.31
2025-02-13,East,Home,CENTRAL_DC,5,222.87
2025-02-13,East,Apparel,EAST_DC,27,775.45
2025-02-13,East,Apparel,WEST_DC,2,57.42
2025-02-13,East,Apparel,CENTRAL_DC,7,205.24
2025-02-13,East,Accessories,EAST_DC,9,137.85
2025-02-13,East,Accessories,CENTRAL_DC,1,15.56
2025-02-13,Central,Electronics,CENTRAL_DC,28,3286.72
2025-02-13,Central,Electronics,WEST_DC,3,385.75
2025-02-13,Central,Electronics,EAST_DC,7,838.33
2025-02-13,Central,Home,CENTRAL_DC,19,880.22
2025-02-13,Central,Home,WEST_DC,6,264.91
2025-02-13,Central,Home,EAST_DC,1,43.88
2025-02-13,Central,Apparel,CENTRAL_DC,27,784.86
2025-02-13,Central,Apparel,WEST_DC,2,57.19
2025-02-13,Central,Apparel,EAST_DC,4,120.79
2025-02-13,Central,Accessories,CENTRAL_DC,6,89.31
2025-02-14,West,Electronics,WEST_DC,32,3890.68
2025-02-14,West,Electronics,EAST_DC,5,621.54
2025-02-14,West,Electronics,CENTRAL_DC,6,700.39
2025-02-14,West,Home,WEST_DC,24,1058.01
2025-02-14,West,Home,EAST_DC,2,92.73
2025-02-14,West,Home,CENTRAL_DC,5,223.34
2025-02-14,West,Apparel,WEST_DC,33,1056.49
2025-02-14,West,Apparel,EAST_DC,5,156.43
2025-02-14,West,Apparel,CENTRAL_DC,4,118.89
2025-02-14,West,Accessories,WEST_DC,4,59.8
2025-02-14,West,Accessories,EAST_DC,1,15.68
2025-02-14,East,Electronics,EAST_DC,35,4029.07
2025-02-14,East,Electronics,WEST_DC,5,572.24
2025-02-14,East,Electronics,CENTRAL_DC,7,817.64
2025-02-14,East,Home,EAST_DC,22,953.64
2025-02-14,East,Home,WEST_DC,4,177.51
2025-02-14,East,Home,CENTRAL_DC,4,183.17
2025-02-14,East,Apparel,EAST_DC,28,822.53
2025-02-14,East,Apparel,WEST_DC,4,119.37
2025-02-14,East,Apparel,CENTRAL_DC,3,90.25
2025-02-14,East,Accessories,EAST_DC,3,44.24
2025-02-14,Central,Electronics,CENTRAL_DC,28,3397.87
2025-02-14,Central,Electronics,WEST_DC,6,738.7
2025-02-14,Central,Electronics,EAST_DC,6,735.41
2025-02-14,Central,Home,CENTRAL_DC,29,1280.4
2025-02-14,Central,Home,WEST_DC,1,45.24
2025-02-14,Central,Home,EAST_DC,1,45.56
2025-02-14,Central,Apparel,CENTRAL_DC,36,1074.9
2025-02-14,Central,Apparel,WEST_DC,1,29.86
2025-02-14,Central,Apparel,EAST_DC,5,156.37
2025-02-14,Central,Accessories,CENTRAL_DC,9,138.06
2025-02-14,Central,Accessories,WEST_DC,2,32.05
2025-02-15,West,Electronics,WEST_DC,21,2561.61
2025-02-15,West,Electronics,EAST_DC,1,122.94
2025-02-15,West,Electronics,CENTRAL_DC,1,121.57
2025-02-15,West,Home,WEST_DC,21,935.03
2025-02-15,West,Home,CENTRAL_DC,2,92.09
2025-02-15,West,Apparel,WEST_DC,14,427.04
2025-02-15,West,Apparel,EAST_DC,2,58.84
2025-02-15,West,Apparel,CENTRAL_DC,3,91.48
2025-02-15,West,Accessories,WEST_DC,3,44.13
2025-02-15,East,Electronics,EAST_DC,25,2980.75
2025-02-15,East,Electronics,WEST_DC,3,349.45
2025-02-15,East,Electronics,CENTRAL_DC,5,618.31
2025-02-15,East,Home,EAST_DC,9,421.8
2025-02-15,East,Home,WEST_DC,1,45.27
2025-02-15,East,Home,CENTRAL_DC,7,305.46
2025-02-15,East,Apparel,EAST_DC,17,504.18
2025-02-15,East,Apparel,WEST_DC,2,62.56
2025-02-15,East,Apparel,CENTRAL_DC,2,56.69
2025-02-15,East,Accessories,EAST_DC,2,29.38
2025-02-15,East,Accessories,WEST_DC,1,14.75
2025-02-15,East,Accessories,CENTRAL_DC,1,15.16
2025-02-15,Central,Electronics,CENTRAL_DC,27,3291.83
2025-02-15,Central,Electronics,WEST_DC,8,921.25
2025-02-15,Central,Electronics,EAST_DC,2,238.38
2025-02-15,Central,Home,CENTRAL_DC,15,696.5
2025-02-15,Central,Home,WEST_DC,2,91.64
2025-02-15,Central,Home,EAST_DC,2,90.2
2025-02-15,Central,Apparel,CENTRAL_DC,14,435.18
2025-02-15,Central,Apparel,WEST_DC,3,90.21
2025-02-15,Central,Apparel,EAST_DC,4,114.9
2025-02-15,Central,Accessories,CENTRAL_DC,3,47.86
2025-02-16,West,Electronics,WEST_DC,27,3158.05
2025-02-16,West,Electronics,EAST_DC,3,363.06
2025-02-16,West,Electronics,CENTRAL_DC,2,228.2
2025-02-16,West,Home,WEST_DC,20,957.24
2025-02-16,West,Home,EAST_DC,3,140.63
2025-02-16,West,Home,CENTRAL_DC,1,44.65
2025-02-16,West,Apparel,WEST_DC,12,363.25
2025-02-16,West,Apparel,EAST_DC,4,121.99
2025-02-16,West,Apparel,CENTRAL_DC,3,89.64
2025-02-16,West,Accessories,EAST_DC,1,15.77
2025-02-16,East,Electronics,EAST_DC,22,2585.4
2025-02-16,East,Electronics,WEST_DC,1,121.51
2025-02-16,East,Electronics,CENTRAL_DC,5,607.15
2025-02-16,East,Home,EAST_DC,29,1353.13
2025-02-16,East,Home,WEST_DC,1,45.81
2025-02-16,East,Home,CENTRAL_DC,1,45.28
2025-02-16,East,Apparel,EAST_DC,23,668.29
2025-02-16,East,Apparel,WEST_DC,3,87.97
2025-02-16,East,Apparel,CENTRAL_DC,6,181.2
2025-02-16,East,Accessories,EAST_DC,4,60.87
2025-02-16,Central,Electronics,CENTRAL_DC,24,2905.21
2025-02-16,Central,Electronics,WEST_DC,2,248.06
2025-02-16,Central,Electronics,EAST_DC,1,118.32
2025-02-16,Central,Home,CENTRAL_DC,17,791.58
2025-02-16,Central,Home,WEST_DC,2,89.5
2025-02-16,Central,Home,EAST_DC,3,129.85
2025-02-16,Central,Apparel,CENTRAL_DC,25,767.24
2025-02-16,Central,Apparel,WEST_DC,3,89.35
2025-02-16,Central,Accessories,CENTRAL_DC,3,44.08
2025-02-16,Central,Accessories,WEST_DC,1,14.94
2025-02-16,Central,Accessories,EAST_DC,1,15.19
2025-02-17,West,Electronics,WEST_DC,36,4378.46
2025-02-17,West,Electronics,EAST_DC,4,476.24
2025-02-17,West,Electronics,CENTRAL_DC,3,352.88
2025-02-17,West,Home,WEST_DC,26,1149.13
2025-02-17,West,Home,EAST_DC,4,180.06
2025-02-17,West,Home,CENTRAL_DC,4,180.0
2025-02-17,West,Apparel,WEST_DC,19,570.65
2025-02-17,West,Apparel,EAST_DC,3,90.12
2025-02-17,West,Apparel,CENTRAL_DC,6,181.33
2025-02-17,East,Electronics,EAST_DC,29,3405.26
2025-02-17,East,Electronics,WEST_DC,4,481.44
2025-02-17,East,Electronics,CENTRAL_DC,7,802.31
2025-02-17,East,Home,EAST_DC,18,823.81
2025-02-17,East,Home,WEST_DC,4,170.44
2025-02-17,East,Home,CENTRAL_DC,1,47.48
2025-02-17,East,Apparel,EAST_DC,28,843.82
2025-02-17,East,Apparel,WEST_DC,3,88.73
2025-02-17,East,Apparel,CENTRAL_DC,5,150.13
2025-02-17,East,Accessories,EAST_DC,3,45.55
2025-02-17,East,Accessories,WEST_DC,2,30.47
2025-02-17,Central,Electronics,CENTRAL_DC,30,3518.92
2025-02-17,Central,Electronics,WEST_DC,3,369.11
2025-02-17,Central,Electronics,EAST_DC,8,949.56
2025-02-17,Central,Home,CENTRAL_DC,17,787.23
2025-02-17,Central,Home,WEST_DC,6,273.63
2025-02-17,Central,Home,EAST_DC,1,44.76
2025-02-17,Central,Apparel,CENTRAL_DC,29,916.24
2025-02-17,Central,Apparel,WEST_DC,5,153.94
2025-02-17,Central,Apparel,EAST_DC,4,112.07
2025-02-17,Central,Accessories,CENTRAL_DC,5,76.37
2025-02-17,Central,Accessories,WEST_DC,1,14.27
2025-02-17,Central,Accessories,EAST_DC,1,15.72
2025-02-18,West,Electronics,WEST_DC,28,3385.23
2025-02-18,West,Electronics,EAST_DC,6,721.43
2025-02-18,West,Electronics,CENTRAL_DC,2,236.66
2025-02-18,West,Home,WEST_DC,24,1130.13
2025-02-18,West,Home,EAST_DC,4,179.56
2025-02-18,West,Home,CENTRAL_DC,4,186.86
2025-02-18,West,Apparel,WEST_DC,33,985.99
2025-02-18,West,Apparel,EAST_DC,1,30.67
2025-02-18,West,Apparel,CENTRAL_DC,3,87.97
2025-02-18,West,Accessories,WEST_DC,2,30.69
2025-02-18,West,Accessories,EAST_DC,1,14.36
2025-02-18,East,Electronics,EAST_DC,33,3937.58
2025-02-18,East,Electronics,WEST_DC,5,573.11
2025-02-18,East,Electronics,CENTRAL_DC,6,718.85
2025-02-18,East,Home,EAST_DC,19,876.75
2025-02-18,East,Home,WEST_DC,1,44.43
2025-02-18,East,Home,CENTRAL_DC,1,46.1
2025-02-18,East,Apparel,EAST_DC,21,610.72
2025-02-18,East,Apparel,WEST_DC,6,180.55
2025-02-18,East,Apparel,CENTRAL_DC,8,232.24
2025-02-18,East,Accessories,EAST_DC,1,14.65
2025-02-18,Central,Electronics,CENTRAL_DC,31,3650.6
2025-02-18,Central,Electronics,WEST_DC,11,1309.4
2025-02-18,Central,Electronics,EAST_DC,3,353.78
2025-02-18,Central,Home,CENTRAL_DC,23,1065.62
2025-02-18,Central,Home,WEST_DC,1,45.73
2025-02-18,Central,Apparel,CENTRAL_DC,30,879.74
2025-02-18,Central,Apparel,WEST_DC,5,158.04
2025-02-18,Central,Apparel,EAST_DC,8,246.39
2025-02-18,Central,Accessories,CENTRAL_DC,8,116.22
2025-02-18,Central,Accessories,EAST_DC,1,15.19
2025-02-19,West,Electronics,WEST_DC,31,3666.6
2025-02-19,West,Electronics,EAST_DC,4,449.01
2025-02-19,West,Electronics,CENTRAL_DC,4,483.46
2025-02-19,West,Home,WEST_DC,29,1277.55
2025-02-19,West,Home,EAST_DC,1,47.16
2025-02-19,West,Home,CENTRAL_DC,3,138.04
2025-02-19,West,Apparel,WEST_DC,30,934.35
2025-02-19,West,Apparel,EAST_DC,2,58.65
2025-02-19,West,Apparel,CENTRAL_DC,6,180.49
2025-02-19,West,Accessories,WEST_DC,6,92.81
2025-02-19,West,Accessories,CENTRAL_DC,1,14.47
2025-02-19,East,Electronics,EAST_DC,27,3268.2
2025-02-19,East,Electronics,WEST_DC,5,632.3
2025-02-19,East,Electronics,CENTRAL_DC,4,458.42
2025-02-19,East,Home,EAST_DC,12,544.41
2025-02-19,East,Home,WEST_DC,1,42.5
2025-02-19,East,Home,CENTRAL_DC,3,131.08
2025-02-19,East,Apparel,EAST_DC,31,933.81
2025-02-19,East,Apparel,WEST_DC,7,204.84
2025-02-19,East,Apparel,CENTRAL_DC,3,92.69
2025-02-19,East,Accessories,EAST_DC,3,43.3
2025-02-19,East,Accessories,WEST_DC,1,15.29
2025-02-19,Central,Electronics,CENTRAL_DC,26,2832.36
2025-02-19,Central,Electronics,WEST_DC,3,361.93
2025-02-19,Central,Electronics,EAST_DC,7,856.18
2025-02-19,Central,Home,CENTRAL_DC,19,831.97
2025-02-19,Central,Home,WEST_DC,5,208.54
2025-02-19,Central,Home,EAST_DC,3,133.07
2025-02-19,Central,Apparel,CENTRAL_DC,35,1040.7
2025-02-19,Central,Apparel,WEST_DC,3,91.26
2025-02-19,Central,Apparel,EAST_DC,4,121.82
2025-02-19,Central,Accessories,CENTRAL_DC,3,46.02
2025-02-19,Central,Accessories,EAST_DC,1,15.39
2025-02-20,West,Electronics,WEST_DC,39,4686.2
2025-02-20,West,Electronics,EAST_DC,6,718.83
2025-02-20,West,Electronics,CENTRAL_DC,5,610.03
2025-02-20,West,Home,WEST_DC,28,1243.67
2025-02-20,West,Home,EAST_DC,1,45.13
2025-02-20,West,Home,CENTRAL_DC,2,95.38
2025-02-20,West,Apparel,WEST_DC,29,843.83
2025-02-20,West,Apparel,EAST_DC,1,32.46
2025-02-20,West,Apparel,CENTRAL_DC,3,91.6
2025-02-20,West,Accessories,WEST_DC,1,15.83
2025-02-20,East,Electronics,EAST_DC,39,4432.91
2025-02-20,East,Electronics,WEST_DC,3,343.1
2025-02-20,East,Electronics,CENTRAL_DC,4,467.09
2025-02-20,East,Home,EAST_DC,19,842.9
2025-02-20,East,Home,WEST_DC,5,220.91
2025-02-20,East,Home,CENTRAL_DC,1,47.05
2025-02-20,East,Apparel,EAST_DC,29,874.44
2025-02-20,East,Apparel,WEST_DC,3,89.36
2025-02-20,East,Apparel,CENTRAL_DC,3,87.45
2025-02-20,East,Accessories,EAST_DC,4,58.88
2025-02-20,Central,Electronics,CENTRAL_DC,28,3614.09
2025-02-20,Central,Electronics,WEST_DC,5,615.94
2025-02-20,Central,Electronics,EAST_DC,6,748.17
2025-02-20,Central,Home,CENTRAL_DC,19,858.89
2025-02-20,Central,Home,WEST_DC,4,181.49
2025-02-20,Central,Home,EAST_DC,4,187.13
2025-02-20,Central,Apparel,CENTRAL_DC,24,722.18
2025-02-20,Central,Apparel,WEST_DC,5,147.2
2025-02-20,Central,Apparel,EAST_DC,3,88.32
2025-02-20,Central,Accessories,CENTRAL_DC,3,45.36
2025-02-20,Central,Accessories,WEST_DC,1,14.67
2025-02-21,West,Electronics,WEST_DC,36,4321.04
2025-02-21,West,Electronics,EAST_DC,1,122.85
2025-02-21,West,Electronics,CENTRAL_DC,3,354.71
2025-02-21,West,Home,WEST_DC,26,1157.76
2025-02-21,West,Home,EAST_DC,4,175.64
2025-02-21,West,Home,CENTRAL_DC,4,182.98
2025-02-21,West,Apparel,WEST_DC,28,830.98
2025-02-21,West,Apparel,EAST_DC,4,121.03
2025-02-21,West,Apparel,CENTRAL_DC,5,150.7
2025-02-21,West,Accessories,WEST_DC,3,45.44
2025-02-21,West,Accessories,CENTRAL_DC,1,14.85
2025-02-21,East,Electronics,EAST_DC,22,2639.71
2025-02-21,East,Electronics,WEST_DC,6,703.13
2025-02-21,East,Electronics,CENTRAL_DC,4,492.96
2025-02-21,East,Home,EAST_DC,22,987.67
2025-02-21,East,Home,WEST_DC,4,178.98
2025-02-21,East,Home,CENTRAL_DC,3,136.02
2025-02-21,East,Apparel,EAST_DC,31,936.98
2025-02-21,East,Apparel,WEST_DC,3,91.36
2025-02-21,East,Apparel,CENTRAL_DC,4,114.85
2025-02-21,East,Accessories,EAST_DC,5,75.83
2025-02-21,East,Accessories,WEST_DC,1,14.55
2025-02-21,East,Accessories,CENTRAL_DC,1,15.48
2025-02-21,Central,Electronics,CENTRAL_DC,15,1781.61
2025-02-21,Central,Electronics,WEST_DC,6,734.13
2025-02-21,Central,Electronics,EAST_DC,10,1191.47
2025-02-21,Central,Home,CENTRAL_DC,25,1113.24
2025-02-21,Central,Home,WEST_DC,6,279.94
2025-02-21,Central,Home,EAST_DC,2,87.7
2025-02-21,Central,Apparel,CENTRAL_DC,23,731.01
2025-02-21,Central,Apparel,WEST_DC,4,122.09
2025-02-21,Central,Apparel,EAST_DC,2,56.89
2025-02-21,Central,Accessories,CENTRAL_DC,3,44.4
2025-02-21,Central,Accessories,WEST_DC,1,14.81
2025-02-22,West,Electronics,WEST_DC,18,2130.07
2025-02-22,West,Electronics,EAST_DC,5,576.09
2025-02-22,West,Electronics,CENTRAL_DC,5,635.59
2025-02-22,West,Home,WEST_DC,21,944.51
2025-02-22,West,Home,EAST_DC,3,134.84
2025-02-22,West,Home,CENTRAL_DC,2,90.47
2025-02-22,West,Apparel,WEST_DC,21,621.1
2025-02-22,West,Apparel,EAST_DC,2,58.79
2025-02-22,West,Apparel,CENTRAL_DC,1,31.32
2025-02-22,West,Accessories,WEST_DC,6,87.06
2025-02-22,East,Electronics,EAST_DC,22,2735.07
2025-02-22,East,Electronics,WEST_DC,1,121.45
2025-02-22,East,Electronics,CENTRAL_DC,2,241.35
2025-02-22,East,Home,EAST_DC,21,970.58
2025-02-22,East,Home,CENTRAL_DC,1,45.85
2025-02-22,East,Apparel,EAST_DC,22,625.11
2025-02-22,East,Apparel,WEST_DC,4,119.16
2025-02-22,East,Apparel,CENTRAL_DC,2,62.18
2025-02-22,East,Accessories,EAST_DC,4,60.16
2025-02-22,East,Accessories,CENTRAL_DC,1,14.6
2025-02-22,Central,Electronics,CENTRAL_DC,25,2878.34
2025-02-22,Central,Electronics,WEST_DC,8,925.47
2025-02-22,Central,Electronics,EAST_DC,6,697.51
2025-02-22,Central,Home,CENTRAL_DC,13,575.5
2025-02-22,Central,Home,WEST_DC,1,45.37
2025-02-22,Central,Home,EAST_DC,3,132.46
2025-02-22,Central,Apparel,CENTRAL_DC,26,793.09
2025-02-22,Central,Apparel,WEST_DC,2,57.36
2025-02-22,Central,Apparel,EAST_DC,3,87.02
2025-02-22,Central,Accessories,CENTRAL_DC,3,44.4
2025-02-23,West,Electronics,WEST_DC,26,3029.95
2025-02-23,West,Electronics,EAST_DC,2,236.31
2025-02-23,West,Electronics,CENTRAL_DC,4,478.63
2025-02-23,West,Home,WEST_DC,22,993.04
2025-02-23,West,Home,EAST_DC,2,85.33
2025-02-23,West,Home,CENTRAL_DC,4,179.72
2025-02-23,West,Apparel,WEST_DC,24,691.59
2025-02-23,West,Apparel,EAST_DC,3,86.18
2025-02-23,West,Apparel,CENTRAL_DC,4,124.04
2025-02-23,West,Accessories,WEST_DC,4,60.97
2025-02-23,East,Electronics,EAST_DC,20,2331.34
2025-02-23,East,Electronics,WEST_DC,1,121.33
2025-02-23,East,Electronics,CENTRAL_DC,5,590.61
2025-02-23,East,Home,EAST_DC,13,591.22
2025-02-23,East,Home,WEST_DC,2,89.93
2025-02-23,East,Home,CENTRAL_DC,2,92.28
2025-02-23,East,Apparel,EAST_DC,14,446.02
2025-02-23,East,Apparel,WEST_DC,4,120.29
2025-02-23,East,Apparel,CENTRAL_DC,6,168.52
2025-02-23,East,Accessories,EAST_DC,4,60.23
2025-02-23,Central,Electronics,CENTRAL_DC,23,2642.96
2025-02-23,Central,Electronics,WEST_DC,4,494.24
2025-02-23,Central,Electronics,EAST_DC,2,220.28
2025-02-23,Central,Home,CENTRAL_DC,17,748.65
2025-02-23,Central,Home,WEST_DC,4,183.17
2025-02-23,Central,Home,EAST_DC,2,90.53
2025-02-23,Central,Apparel,CENTRAL_DC,24,725.95
2025-02-23,Central,Apparel,WEST_DC,1,29.55
2025-02-23,Central,Apparel,EAST_DC,3,92.23
2025-02-23,Central,Accessories,CENTRAL_DC,4,59.54
2025-02-23,Central,Accessories,WEST_DC,1,14.87
2025-02-23,Central,Accessories,EAST_DC,1,14.69
2025-02-24,West,Electronics,WEST_DC,34,3980.21
2025-02-24,West,Electronics,EAST_DC,5,605.44
2025-02-24,West,Electronics,CENTRAL_DC,2,245.62
2025-02-24,West,Home,WEST_DC,21,933.11
2025-02-24,West,Home,CENTRAL_DC,4,174.96
2025-02-24,West,Apparel,WEST_DC,35,1037.38
2025-02-24,West,Apparel,EAST_DC,5,145.3
2025-02-24,West,Apparel,CENTRAL_DC,2,59.23
2025-02-24,West,Accessories,WEST_DC,5,74.88
2025-02-24,East,Electronics,EAST_DC,30,3478.59
2025-02-24,East,Electronics,WEST_DC,6,720.12
2025-02-24,East,Electronics,CENTRAL_DC,1,117.03
2025-02-24,East,Home,EAST_DC,23,1003.66
2025-02-24,East,Home,WEST_DC,3,130.75
2025-02-24,East,Home,CENTRAL_DC,6,269.98
2025-02-24,East,Apparel,EAST_DC,36,1081.01
2025-02-24,East,Apparel,WEST_DC,2,59.97
2025-02-24,East,Apparel,CENTRAL_DC,4,119.02
2025-02-24,East,Accessories,EAST_DC,2,29.12
2025-02-24,Central,Electronics,CENTRAL_DC,38,4494.59
2025-02-24,Central,Electronics,WEST_DC,4,479.3
2025-02-24,Central,Electronics,EAST_DC,7,888.23
2025-02-24,Central,Home,CENTRAL_DC,24,1107.47
2025-02-24,Central,Home,WEST_DC,2,88.15
2025-02-24,Central,Home,EAST_DC,3,131.01
2025-02-24,Central,Apparel,CENTRAL_DC,17,495.07
2025-02-24,Central,Apparel,WEST_DC,3,88.02
2025-02-24,Central,Apparel,EAST_DC,8,229.66
2025-02-24,Central,Accessories,CENTRAL_DC,5,80.2
2025-02-25,West,Electronics,WEST_DC,30,3585.36
2025-02-25,West,Electronics,EAST_DC,5,600.66
2025-02-25,West,Electronics,CENTRAL_DC,6,702.36
2025-02-25,West,Home,WEST_DC,22,983.02
2025-02-25,West,Home,EAST_DC,1,45.01
2025-02-25,West,Home,CENTRAL_DC,2,92.15
2025-02-25,West,Apparel,WEST_DC,23,703.54
2025-02-25,West,Apparel,EAST_DC,1,30.15
2025-02-25,West,Apparel,CENTRAL_DC,2,57.44
2025-02-25,West,Accessories,WEST_DC,4,60.15
2025-02-25,East,Electronics,EAST_DC,38,4515.77
2025-02-25,East,Electronics,WEST_DC,4,485.95
2025-02-25,East,Electronics,CENTRAL_DC,4,486.64
2025-02-25,East,Home,EAST_DC,27,1254.33
2025-02-25,East,Home,CENTRAL_DC,4,170.92
2025-02-25,East,Apparel,EAST_DC,35,1101.26
2025-02-25,East,Apparel,WEST_DC,6,179.55
2025-02-25,East,Apparel,CENTRAL_DC,4,120.17
2025-02-25,East,Accessories,EAST_DC,7,105.56
2025-02-25,Central,Electronics,CENTRAL_DC,34,4353.17
2025-02-25,Central,Electronics,WEST_DC,3,367.85
2025-02-25,Central,Electronics,EAST_DC,4,478.67
2025-02-25,Central,Home,CENTRAL_DC,19,837.92
2025-02-25,Central,Home,WEST_DC,4,176.39
2025-02-25,Central,Home,EAST_DC,3,134.68
2025-02-25,Central,Apparel,CENTRAL_DC,24,736.26
2025-02-25,Central,Apparel,WEST_DC,3,90.3
2025-02-25,Central,Apparel,EAST_DC,4,116.24
2025-02-25,Central,Accessories,CENTRAL_DC,3,45.1
2025-02-26,West,Electronics,WEST_DC,39,4548.62
2025-02-26,West,Electronics,EAST_DC,5,578.61
2025-02-26,West,Electronics,CENTRAL_DC,4,456.22
2025-02-26,West,Home,WEST_DC,29,1319.87
2025-02-26,West,Home,EAST_DC,3,138.0
2025-02-26,West,Home,CENTRAL_DC,3,132.77
2025-02-26,West,Apparel,WEST_DC,37,1139.44
2025-02-26,West,Apparel,EAST_DC,4,122.17
2025-02-26,West,Apparel,CENTRAL_DC,1,30.83
2025-02-26,West,Accessories,WEST_DC,7,102.22
2025-02-26,West,Accessories,EAST_DC,2,30.3
2025-02-26,West,Accessories,CENTRAL_DC,2,29.34
2025-02-26,East,Electronics,EAST_DC,33,4345.06
2025-02-26,East,Electronics,WEST_DC,2,247.59
2025-02-26,East,Electronics,CENTRAL_DC,4,484.68
2025-02-26,East,Home,EAST_DC,29,1335.74
2025-02-26,East,Home,WEST_DC,3,129.91
2025-02-26,East,Home,CENTRAL_DC,1,45.66
2025-02-26,East,Apparel,EAST_DC,27,822.08
2025-02-26,East,Apparel,CENTRAL_DC,2,60.96
2025-02-26,East,Accessories,EAST_DC,4,58.81
2025-02-26,East,Accessories,CENTRAL_DC,2,28.34
2025-02-26,Central,Electronics,CENTRAL_DC,29,3519.97
2025-02-26,Central,Electronics,WEST_DC,4,465.67
2025-02-26,Central,Electronics,EAST_DC,5,616.35
2025-02-26,Central,Home,CENTRAL_DC,22,1042.59
2025-02-26,Central,Home,WEST_DC,3,136.95
2025-02-26,Central,Home,EAST_DC,1,43.79
2025-02-26,Central,Apparel,CENTRAL_DC,22,659.17
2025-02-26,Central,Apparel,WEST_DC,4,122.23
2025-02-26,Central,Apparel,EAST_DC,2,60.72
2025-02-26,Central,Accessories,CENTRAL_DC,8,119.36
2025-02-26,Central,Accessories,WEST_DC,1,14.99
2025-02-27,West,Electronics,WEST_DC,27,3242.11
2025-02-27,West,Electronics,EAST_DC,4,503.44
2025-02-27,West,Electronics,CENTRAL_DC,5,636.41
2025-02-27,West,Home,WEST_DC,27,1255.18
2025-02-27,West,Home,EAST_DC,1,43.57
2025-02-27,West,Home,CENTRAL_DC,3,138.22
2025-02-27,West,Apparel,WEST_DC,30,903.27
2025-02-27,West,Apparel,EAST_DC,3,84.55
2025-02-27,West,Apparel,CENTRAL_DC,6,179.57
2025-02-27,West,Accessories,WEST_DC,3,43.88
2025-02-27,West,Accessories,EAST_DC,1,15.0
2025-02-27,East,Electronics,EAST_DC,28,3309.44
2025-02-27,East,Electronics,WEST_DC,6,722.97
2025-02-27,East,Electronics,CENTRAL_DC,3,380.78
2025-02-27,East,Home,EAST_DC,21,945.15
2025-02-27,East,Home,WEST_DC,4,189.62
2025-02-27,East,Home,CENTRAL_DC,2,92.03
2025-02-27,East,Apparel,EAST_DC,21,656.24
2025-02-27,East,Apparel,WEST_DC,6,178.29
2025-02-27,East,Apparel,CENTRAL_DC,2,59.55
2025-02-27,East,Accessories,EAST_DC,1,14.58
2025-02-27,East,Accessories,WEST_DC,1,14.88
2025-02-27,East,Accessories,CENTRAL_DC,3,47.17
2025-02-27,Central,Electronics,CENTRAL_DC,29,3544.81
2025-02-27,Central,Electronics,WEST_DC,4,486.3
2025-02-27,Central,Electronics,EAST_DC,6,745.39
2025-02-27,Central,Home,CENTRAL_DC,22,990.15
2025-02-27,Central,Home,WEST_DC,4,181.28
2025-02-27,Central,Home,EAST_DC,1,46.56
2025-02-27,Central,Apparel,CENTRAL_DC,28,872.44
2025-02-27,Central,Apparel,WEST_DC,3,88.56
2025-02-27,Central,Apparel,EAST_DC,2,61.67
2025-02-27,Central,Accessories,CENTRAL_DC,5,74.6
2025-02-28,West,Electronics,WEST_DC,36,4450.43
2025-02-28,West,Electronics,EAST_DC,5,641.17
2025-02-28,West,Electronics,CENTRAL_DC,8,916.58
2025-02-28,West,Home,WEST_DC,21,954.16
2025-02-28,West,Home,EAST_DC,4,182.61
2025-02-28,West,Home,CENTRAL_DC,1,44.99
2025-02-28,West,Apparel,WEST_DC,25,713.95
2025-02-28,West,Apparel,EAST_DC,10,299.69
2025-02-28,West,Apparel,CENTRAL_DC,8,249.33
2025-02-28,West,Accessories,WEST_DC,6,91.51
2025-02-28,West,Accessories,EAST_DC,1,14.93
2025-02-28,East,Electronics,EAST_DC,35,4386.08
2025-02-28,East,Electronics,WEST_DC,3,364.02
2025-02-28,East,Electronics,CENTRAL_DC,3,369.99
2025-02-28,East,Home,EAST_DC,22,1008.87
2025-02-28,East,Home,WEST_DC,4,184.79
2025-02-28,East,Home,CENTRAL_DC,5,218.35
2025-02-28,East,Apparel,EAST_DC,27,829.34
2025-02-28,East,Apparel,WEST_DC,2,63.44
2025-02-28,East,Apparel,CENTRAL_DC,2,58.73
2025-02-28,East,Accessories,EAST_DC,3,44.19
2025-02-28,East,Accessories,WEST_DC,1,15.27
2025-02-28,Central,Electronics,CENTRAL_DC,34,3989.12
2025-02-28,Central,Electronics,WEST_DC,1,120.27
2025-02-28,Central,Electronics,EAST_DC,4,466.39
2025-02-28,Central,Home,CENTRAL_DC,12,540.2
2025-02-28,Central,Home,WEST_DC,4,171.68
2025-02-28,Central,Home,EAST_DC,2,88.33
2025-02-28,Central,Apparel,CENTRAL_DC,29,844.23
2025-02-28,Central,Apparel,WEST_DC,3,91.83
2025-02-28,Central,Apparel,EAST_DC,2,61.15
2025-02-28,Central,Accessories,CENTRAL_DC,5,73.38
2025-03-01,West,Electronics,WEST_DC,27,3153.08
2025-03-01,West,Electronics,EAST_DC,4,448.18
2025-03-01,West,Electronics,CENTRAL_DC,2,244.07
2025-03-01,West,Home,WEST_DC,21,943.15
2025-03-01,West,Home,EAST_DC,1,47.25
2025-03-01,West,Home,CENTRAL_DC,1,47.31
2025-03-01,West,Apparel,WEST_DC,20,610.09
2025-03-01,West,Apparel,CENTRAL_DC,4,117.72
2025-03-01,West,Accessories,WEST_DC,3,48.36
2025-03-01,West,Accessories,CENTRAL_DC,1,15.2
2025-03-01,East,Electronics,EAST_DC,33,3945.23
2025-03-01,East,Electronics,WEST_DC,1,120.71
2025-03-01,East,Electronics,CENTRAL_DC,3,369.34
2025-03-01,East,Home,EAST_DC,11,482.44
2025-03-01,East,Home,WEST_DC,2,92.77
2025-03-01,East,Apparel,EAST_DC,20,602.84
2025-03-01,East,Apparel,CENTRAL_DC,1,29.49
2025-03-01,East,Accessories,EAST_DC,5,75.72
2025-03-01,Central,Electronics,CENTRAL_DC,34,4244.28
2025-03-01,Central,Electronics,WEST_DC,4,489.11
2025-03-01,Central,Home,CENTRAL_DC,24,1087.43
2025-03-01,Central,Home,WEST_DC,4,182.54
2025-03-01,Central,Home,EAST_DC,2,92.49
2025-03-01,Central,Apparel,CENTRAL_DC,21,642.52
2025-03-01,Central,Apparel,WEST_DC,3,85.45
2025-03-01,Central,Apparel,EAST_DC,6,177.38
2025-03-01,Central,Accessories,CENTRAL_DC,4,55.01
2025-03-01,Central,Accessories,EAST_DC,1,15.42
2025-03-02,West,Electronics,WEST_DC,31,3785.27
2025-03-02,West,Electronics,EAST_DC,1,118.52
2025-03-02,West,Electronics,CENTRAL_DC,5,566.49
2025-03-02,West,Home,WEST_DC,21,904.45
2025-03-02,West,Home,EAST_DC,5,230.25
2025-03-02,West,Home,CENTRAL_DC,3,137.43
2025-03-02,West,Apparel,WEST_DC,20,603.04
2025-03-02,West,Apparel,EAST_DC,5,151.7
2025-03-02,West,Apparel,CENTRAL_DC,4,120.88
2025-03-02,West,Accessories,WEST_DC,4,60.7
2025-03-02,West,Accessories,EAST_DC,1,15.01
2025-03-02,East,Electronics,EAST_DC,23,2779.17
2025-03-02,East,Electronics,WEST_DC,4,492.24
2025-03-02,East,Electronics,CENTRAL_DC,3,354.26
2025-03-02,East,Home,EAST_DC,14,658.97
2025-03-02,East,Home,WEST_DC,4,187.4
2025-03-02,East,Home,CENTRAL_DC,2,91.62
2025-03-02,East,Apparel,EAST_DC,21,642.45
2025-03-02,East,Apparel,WEST_DC,5,159.9
2025-03-02,East,Apparel,CENTRAL_DC,3,90.67
2025-03-02,East,Accessories,EAST_DC,3,45.31
2025-03-02,East,Accessories,CENTRAL_DC,1,15.46
2025-03-02,Central,Electronics,CENTRAL_DC,26,3155.83
2025-03-02,Central,Electronics,EAST_DC,3,387.76
2025-03-02,Central,Home,CENTRAL_DC,26,1186.58
2025-03-02,Central,Home,WEST_DC,2,90.41
2025-03-02,Central,Home,EAST_DC,1,46.08
2025-03-02,Central,Apparel,CENTRAL_DC,15,442.66
2025-03-02,Central,Apparel,WEST_DC,4,124.13
2025-03-02,Central,Apparel,EAST_DC,3,86.39
2025-03-02,Central,Accessories,CENTRAL_DC,2,28.33
2025-03-03,West,Electronics,WEST_DC,25,3101.91
2025-03-03,West,Electronics,EAST_DC,3,366.3
2025-03-03,West,Electronics,CENTRAL_DC,5,611.77
2025-03-03,West,Home,WEST_DC,21,941.32
2025-03-03,West,Home,CENTRAL_DC,4,182.1
2025-03-03,West,Apparel,WEST_DC,35,1023.29
2025-03-03,West,Apparel,EAST_DC,4,119.32
2025-03-03,West,Apparel,CENTRAL_DC,3,90.87
2025-03-03,West,Accessories,WEST_DC,3,45.18
2025-03-03,East,Electronics,EAST_DC,38,4640.05
2025-03-03,East,Electronics,WEST_DC,4,479.22
2025-03-03,East,Electronics,CENTRAL_DC,4,495.99
2025-03-03,East,Home,EAST_DC,18,795.44
2025-03-03,East,Home,WEST_DC,2,89.25
2025-03-03,East,Home,CENTRAL_DC,2,85.85
2025-03-03,East,Apparel,EAST_DC,21,612.76
2025-03-03,East,Apparel,WEST_DC,4,117.38
2025-03-03,East,Apparel,CENTRAL_DC,6,187.42
2025-03-03,East,Accessories,EAST_DC,4,58.6
2025-03-03,East,Accessories,WEST_DC,1,15.18
2025-03-03,Central,Electronics,CENTRAL_DC,34,4033.83
2025-03-03,Central,Electronics,WEST_DC,3,349.62
2025-03-03,Central,Electronics,EAST_DC,6,716.76
2025-03-03,Central,Home,CENTRAL_DC,14,646.7
2025-03-03,Central,Home,WEST_DC,2,92.08
2025-03-03,Central,Home,EAST_DC,3,133.33
2025-03-03,Central,Apparel,CENTRAL_DC,30,864.11
2025-03-03,Central,Apparel,WEST_DC,2,60.26
2025-03-03,Central,Apparel,EAST_DC,2,59.63
2025-03-03,Central,Accessories,CENTRAL_DC,3,43.9
2025-03-03,Central,Accessories,WEST_DC,1,14.92
2025-03-03,Central,Accessories,EAST_DC,1,14.11
2025-03-04,West,Electronics,WEST_DC,50,5949.67
2025-03-04,West,Electronics,EAST_DC,3,359.88
2025-03-04,West,Electronics,CENTRAL_DC,6,730.36
2025-03-04,West,Home,WEST_DC,30,1348.51
2025-03-04,West,Home,EAST_DC,1,46.36
2025-03-04,West,Home,CENTRAL_DC,5,232.24
2025-03-04,West,Apparel,WEST_DC,19,569.63
2025-03-04,West,Apparel,EAST_DC,4,124.09
2025-03-04,West,Apparel,CENTRAL_DC,3,93.55
2025-03-04,West,Accessories,WEST_DC,4,62.38
2025-03-04,West,Accessories,EAST_DC,1,15.21
2025-03-04,East,Electronics,EAST_DC,45,5192.74
2025-03-04,East,Electronics,WEST_DC,2,248.0
2025-03-04,East,Electronics,CENTRAL_DC,1,118.19
2025-03-04,East,Home,EAST_DC,26,1168.21
2025-03-04,East,Home,WEST_DC,7,314.43
2025-03-04,East,Home,CENTRAL_DC,3,138.17
2025-03-04,East,Apparel,EAST_DC,27,830.14
2025-03-04,East,Apparel,WEST_DC,6,189.21
2025-03-04,East,Apparel,CENTRAL_DC,10,317.98
2025-03-04,East,Accessories,EAST_DC,3,44.78
2025-03-04,East,Accessories,WEST_DC,2,30.12
2025-03-04,East,Accessories,CENTRAL_DC,2,31.55
2025-03-04,Central,Electronics,CENTRAL_DC,27,3397.9
2025-03-04,Central,Electronics,WEST_DC,5,603.66
2025-03-04,Central,Electronics,EAST_DC,3,366.2
2025-03-04,Central,Home,CENTRAL_DC,17,775.37
2025-03-04,Central,Home,WEST_DC,3,133.81
2025-03-04,Central,Home,EAST_DC,3,134.02
2025-03-04,Central,Apparel,CENTRAL_DC,27,807.49
2025-03-04,Central,Apparel,WEST_DC,2,61.61
2025-03-04,Central,Apparel,EAST_DC,3,91.6
2025-03-04,Central,Accessories,CENTRAL_DC,1,14.99
2025-03-05,West,Electronics,WEST_DC,33,4032.59
2025-03-05,West,Electronics,CENTRAL_DC,4,453.51
2025-03-05,West,Home,WEST_DC,22,1021.15
2025-03-05,West,Home,EAST_DC,2,98.66
2025-03-05,West,Home,CENTRAL_DC,6,251.59
2025-03-05,West,Apparel,WEST_DC,21,644.75
2025-03-05,West,Apparel,EAST_DC,2,57.39
2025-03-05,West,Apparel,CENTRAL_DC,1,31.12
2025-03-05,West,Accessories,WEST_DC,5,75.98
2025-03-05,West,Accessories,EAST_DC,1,15.08
2025-03-05,East,Electronics,EAST_DC,38,4505.96
2025-03-05,East,Home,EAST_DC,25,1118.03
2025-03-05,East,Home,WEST_DC,1,45.95
2025-03-05,East,Home,CENTRAL_DC,2,83.31
2025-03-05,East,Apparel,EAST_DC,27,758.39
2025-03-05,East,Apparel,WEST_DC,2,61.66
2025-03-05,East,Apparel,CENTRAL_DC,2,60.44
2025-03-05,East,Accessories,EAST_DC,2,30.2
2025-03-05,East,Accessories,WEST_DC,1,14.98
2025-03-05,Central,Electronics,CENTRAL_DC,28,3216.69
2025-03-05,Central,Electronics,WEST_DC,5,596.61
2025-03-05,Central,Electronics,EAST_DC,4,485.92
2025-03-05,Central,Home,CENTRAL_DC,21,917.23
2025-03-05,Central,Home,WEST_DC,1,46.39
2025-03-05,Central,Apparel,CENTRAL_DC,26,776.57
2025-03-05,Central,Apparel,WEST_DC,3,91.66
2025-03-05,Central,Apparel,EAST_DC,3,86.39
2025-03-05,Central,Accessories,CENTRAL_DC,7,103.0
2025-03-06,West,Electronics,WEST_DC,33,3952.65
2025-03-06,West,Electronics,EAST_DC,8,921.28
2025-03-06,West,Electronics,CENTRAL_DC,6,690.95
2025-03-06,West,Home,WEST_DC,27,1209.23
2025-03-06,West,Home,EAST_DC,2,88.02
2025-03-06,West,Home,CENTRAL_DC,7,311.21
2025-03-06,West,Apparel,WEST_DC,30,871.6
2025-03-06,West,Apparel,EAST_DC,1,29.79
2025-03-06,West,Apparel,CENTRAL_DC,4,123.96
2025-03-06,West,Accessories,WEST_DC,2,30.45
2025-03-06,East,Electronics,EAST_DC,26,3029.83
2025-03-06,East,Electronics,WEST_DC,3,348.29
2025-03-06,East,Electronics,CENTRAL_DC,6,691.23
2025-03-06,East,Home,EAST_DC,27,1182.4
2025-03-06,East,Home,WEST_DC,2,95.54
2025-03-06,East,Home,CENTRAL_DC,2,86.09
2025-03-06,East,Apparel,EAST_DC,39,1121.82
2025-03-06,East,Apparel,WEST_DC,3,92.1
2025-03-06,East,Apparel,CENTRAL_DC,3,91.92
2025-03-06,East,Accessories,EAST_DC,4,61.83
2025-03-06,Central,Electronics,CENTRAL_DC,37,4672.08
2025-03-06,Central,Electronics,WEST_DC,2,242.21
2025-03-06,Central,Electronics,EAST_DC,3,361.89
2025-03-06,Central,Home,CENTRAL_DC,28,1251.9
2025-03-06,Central,Home,WEST_DC,4,180.79
2025-03-06,Central,Home,EAST_DC,1,44.05
2025-03-06,Central,Apparel,CENTRAL_DC,23,680.96
2025-03-06,Central,Apparel,WEST_DC,3,95.4
2025-03-06,Central,Apparel,EAST_DC,8,247.21
2025-03-06,Central,Accessories,CENTRAL_DC,2,30.44
2025-03-07,West,Electronics,WEST_DC,39,4805.22
2025-03-07,West,Electronics,EAST_DC,3,344.12
2025-03-07,West,Electronics,CENTRAL_DC,3,367.95
2025-03-07,West,Home,WEST_DC,19,905.33
2025-03-07,West,Home,EAST_DC,6,269.65
2025-03-07,West,Home,CENTRAL_DC,2,92.57
2025-03-07,West,Apparel,WEST_DC,26,764.99
2025-03-07,West,Apparel,EAST_DC,6,175.67
2025-03-07,West,Apparel,CENTRAL_DC,9,260.44
2025-03-07,West,Accessories,WEST_DC,6,94.36
2025-03-07,West,Accessories,EAST_DC,1,15.25
2025-03-07,East,Electronics,EAST_DC,29,3287.16
2025-03-07,East,Electronics,WEST_DC,4,475.49
2025-03-07,East,Electronics,CENTRAL_DC,9,1041.07
2025-03-07,East,Home,EAST_DC,24,1081.11
2025-03-07,East,Home,WEST_DC,6,248.88
2025-03-07,East,Home,CENTRAL_DC,1,43.54
2025-03-07,East,Apparel,EAST_DC,28,803.42
2025-03-07,East,Apparel,WEST_DC,3,90.62
2025-03-07,East,Apparel,CENTRAL_DC,2,60.12
2025-03-07,East,Accessories,EAST_DC,8,117.3
2025-03-07,East,Accessories,WEST_DC,1,15.06
2025-03-07,East,Accessories,CENTRAL_DC,1,15.67
2025-03-07,Central,Electronics,CENTRAL_DC,32,4002.52
2025-03-07,Central,Electronics,WEST_DC,4,468.85
2025-03-07,Central,Electronics,EAST_DC,1,123.69
2025-03-07,Central,Home,CENTRAL_DC,29,1343.91
2025-03-07,Central,Home,WEST_DC,2,90.56
2025-03-07,Central,Apparel,CENTRAL_DC,25,734.4
2025-03-07,Central,Apparel,WEST_DC,2,62.67
2025-03-07,Central,Apparel,EAST_DC,2,59.43
2025-03-07,Central,Accessories,CENTRAL_DC,4,59.77
2025-03-08,West,Electronics,WEST_DC,23,2740.32
2025-03-08,West,Electronics,EAST_DC,6,716.31
2025-03-08,West,Electronics,CENTRAL_DC,3,345.78
2025-03-08,West,Home,WEST_DC,26,1213.05
2025-03-08,West,Home,EAST_DC,1,47.09
2025-03-08,West,Apparel,WEST_DC,34,1011.81
2025-03-08,West,Apparel,EAST_DC,1,30.65
2025-03-08,West,Apparel,CENTRAL_DC,5,154.53
2025-03-08,West,Accessories,WEST_DC,2,29.49
2025-03-08,West,Accessories,CENTRAL_DC,1,15.21
2025-03-08,East,Electronics,EAST_DC,28,3474.04
2025-03-08,East,Electronics,WEST_DC,3,359.14
2025-03-08,East,Electronics,CENTRAL_DC,4,477.08
2025-03-08,East,Home,EAST_DC,18,807.11
2025-03-08,East,Home,WEST_DC,2,92.01
2025-03-08,East,Home,CENTRAL_DC,2,94.44
2025-03-08,East,Apparel,EAST_DC,21,608.18
2025-03-08,East,Apparel,WEST_DC,4,121.01
2025-03-08,East,Apparel,CENTRAL_DC,2,57.69
2025-03-08,East,Accessories,EAST_DC,4,58.99
2025-03-08,Central,Electronics,CENTRAL_DC,28,3303.52
2025-03-08,Central,Electronics,WEST_DC,4,502.62
2025-03-08,Central,Electronics,EAST_DC,2,234.83
2025-03-08,Central,Home,CENTRAL_DC,17,813.14
2025-03-08,Central,Home,WEST_DC,1,42.62
2025-03-08,Central,Home,EAST_DC,1,44.53
2025-03-08,Central,Apparel,CENTRAL_DC,18,568.53
2025-03-08,Central,Apparel,WEST_DC,4,127.01
2025-03-08,Central,Apparel,EAST_DC,5,149.72
2025-03-08,Central,Accessories,CENTRAL_DC,7,103.63
2025-03-09,West,Electronics,WEST_DC,35,3975.25
2025-03-09,West,Electronics,EAST_DC,1,114.17
2025-03-09,West,Electronics,CENTRAL_DC,1,113.39
2025-03-09,West,Home,WEST_DC,21,921.08
2025-03-09,West,Home,EAST_DC,6,275.04
2025-03-09,West,Home,CENTRAL_DC,3,131.74
2025-03-09,West,Apparel,WEST_DC,25,750.2
2025-03-09,West,Apparel,EAST_DC,1,30.34
2025-03-09,West,Apparel,CENTRAL_DC,2,58.53
2025-03-09,West,Accessories,WEST_DC,4,63.32
2025-03-09,West,Accessories,CENTRAL_DC,1,14.88
2025-03-09,East,Electronics,EAST_DC,17,1982.34
2025-03-09,East,Electronics,WEST_DC,7,880.59
2025-03-09,East,Electronics,CENTRAL_DC,6,733.49
2025-03-09,East,Home,EAST_DC,12,511.26
2025-03-09,East,Home,WEST_DC,3,137.77
2025-03-09,East,Home,CENTRAL_DC,1,45.44
2025-03-09,East,Apparel,EAST_DC,16,487.37
2025-03-09,East,Apparel,WEST_DC,4,127.47
2025-03-09,East,Apparel,CENTRAL_DC,2,62.67
2025-03-09,East,Accessories,EAST_DC,1,15.0
2025-03-09,East,Accessories,CENTRAL_DC,1,15.86
2025-03-09,Central,Electronics,CENTRAL_DC,17,2106.32
2025-03-09,Central,Electronics,WEST_DC,6,699.32
2025-03-09,Central,Electronics,EAST_DC,6,720.52
2025-03-09,Central,Home,CENTRAL_DC,19,826.02
2025-03-09,Central,Home,WEST_DC,3,132.37
2025-03-09,Central,Home,EAST_DC,2,94.75
2025-03-09,Central,Apparel,CENTRAL_DC,21,629.32
2025-03-09,Central,Apparel,WEST_DC,3,91.73
2025-03-09,Central,Apparel,EAST_DC,4,110.38
2025-03-09,Central,Accessories,CENTRAL_DC,5,75.44
2025-03-09,Central,Accessories,EAST_DC,1,14.91
2025-03-10,West,Electronics,WEST_DC,22,2702.06
2025-03-10,West,Electronics,EAST_DC,3,375.33
2025-03-10,West,Electronics,CENTRAL_DC,6,733.15
2025-03-10,West,Home,WEST_DC,14,621.43
2025-03-10,West,Home,EAST_DC,4,187.9
2025-03-10,West,Home,CENTRAL_DC,8,368.64
2025-03-10,West,Apparel,WEST_DC,29,873.37
2025-03-10,West,Apparel,EAST_DC,1,30.24
2025-03-10,West,Apparel,CENTRAL_DC,1,29.66
2025-03-10,West,Accessories,WEST_DC,3,45.2
2025-03-10,West,Accessories,EAST_DC,1,16.17
2025-03-10,East,Electronics,EAST_DC,39,4435.85
2025-03-10,East,Electronics,WEST_DC,4,467.44
2025-03-10,East,Electronics,CENTRAL_DC,1,119.83
2025-03-10,East,Home,EAST_DC,13,579.01
2025-03-10,East,Home,WEST_DC,4,189.31
2025-03-10,East,Home,CENTRAL_DC,5,229.47
2025-03-10,East,Apparel,EAST_DC,26,803.65
2025-03-10,East,Apparel,WEST_DC,7,207.36
2025-03-10,East,Apparel,CENTRAL_DC,2,58.03
2025-03-10,East,Accessories,EAST_DC,6,90.44
2025-03-10,East,Accessories,CENTRAL_DC,1,15.44
2025-03-10,Central,Electronics,CENTRAL_DC,31,3643.34
2025-03-10,Central,Electronics,WEST_DC,3,364.47
2025-03-10,Central,Electronics,EAST_DC,10,1195.04
2025-03-10,Central,Home,CENTRAL_DC,25,1132.39
2025-03-10,Central,Home,WEST_DC,6,278.63
2025-03-10,Central,Home,EAST_DC,1,46.02
2025-03-10,Central,Apparel,CENTRAL_DC,26,788.8
2025-03-10,Central,Apparel,WEST_DC,4,124.58
2025-03-10,Central,Apparel,EAST_DC,4,111.56
2025-03-10,Central,Accessories,CENTRAL_DC,6,89.14
2025-03-11,West,Electronics,WEST_DC,28,3356.01
2025-03-11,West,Electronics,EAST_DC,6,719.34
2025-03-11,West,Electronics,CENTRAL_DC,8,1008.61
2025-03-11,West,Home,WEST_DC,28,1255.23
2025-03-11,West,Home,EAST_DC,3,132.34
2025-03-11,West,Home,CENTRAL_DC,3,135.26
2025-03-11,West,Apparel,WEST_DC,26,739.28
2025-03-11,West,Apparel,EAST_DC,5,152.08
2025-03-11,West,Apparel,CENTRAL_DC,3,88.78
2025-03-11,West,Accessories,WEST_DC,3,47.01
2025-03-11,West,Accessories,CENTRAL_DC,1,14.48
2025-03-11,East,Electronics,EAST_DC,23,2800.54
2025-03-11,East,Electronics,WEST_DC,2,225.97
2025-03-11,East,Electronics,CENTRAL_DC,2,236.78
2025-03-11,East,Home,EAST_DC,21,993.71
2025-03-11,East,Home,WEST_DC,4,184.25
2025-03-11,East,Home,CENTRAL_DC,4,186.56
2025-03-11,East,Apparel,EAST_DC,33,1027.6
2025-03-11,East,Apparel,WEST_DC,8,246.36
2025-03-11,East,Apparel,CENTRAL_DC,4,118.9
2025-03-11,East,Accessories,EAST_DC,5,75.14
2025-03-11,East,Accessories,WEST_DC,1,15.76
2025-03-11,East,Accessories,CENTRAL_DC,1,15.26
2025-03-11,Central,Electronics,CENTRAL_DC,32,3714.52
2025-03-11,Central,Electronics,WEST_DC,7,875.76
2025-03-11,Central,Electronics,EAST_DC,4,485.65
2025-03-11,Central,Home,CENTRAL_DC,23,1014.68
2025-03-11,Central,Home,WEST_DC,3,136.37
2025-03-11,Central,Home,EAST_DC,5,222.58
2025-03-11,Central,Apparel,CENTRAL_DC,26,784.65
2025-03-11,Central,Apparel,WEST_DC,7,214.71
2025-03-11,Central,Apparel,EAST_DC,5,153.16
2025-03-11,Central,Accessories,CENTRAL_DC,4,60.17
2025-03-12,West,Electronics,WEST_DC,28,3249.74
2025-03-12,West,Electronics,EAST_DC,5,607.61
2025-03-12,West,Electronics,CENTRAL_DC,1,124.95
2025-03-12,West,Home,WEST_DC,25,1207.49
2025-03-12,West,Home,EAST_DC,4,165.39
2025-03-12,West,Home,CENTRAL_DC,2,89.74
2025-03-12,West,Apparel,WEST_DC,18,548.34
2025-03-12,West,Apparel,EAST_DC,7,202.54
2025-03-12,West,Apparel,CENTRAL_DC,3,85.56
2025-03-12,West,Accessories,WEST_DC,3,47.39
2025-03-12,East,Electronics,EAST_DC,34,3947.03
2025-03-12,East,Electronics,WEST_DC,4,501.5
2025-03-12,East,Electronics,CENTRAL_DC,6,759.33
2025-03-12,East,Home,EAST_DC,17,754.31
2025-03-12,East,Home,WEST_DC,2,89.12
2025-03-12,East,Home,CENTRAL_DC,2,92.56
2025-03-12,East,Apparel,EAST_DC,31,929.97
2025-03-12,East,Apparel,WEST_DC,2,59.12
2025-03-12,East,Apparel,CENTRAL_DC,5,148.45
2025-03-12,East,Accessories,EAST_DC,2,29.3
2025-03-12,Central,Electronics,CENTRAL_DC,30,3721.17
2025-03-12,Central,Electronics,WEST_DC,5,589.47
2025-03-12,Central,Electronics,EAST_DC,4,459.89
2025-03-12,Central,Home,CENTRAL_DC,24,1139.33
2025-03-12,Central,Apparel,CENTRAL_DC,36,1099.3
2025-03-12,Central,Apparel,WEST_DC,5,153.04
2025-03-12,Central,Apparel,EAST_DC,7,221.25
2025-03-12,Central,Accessories,CENTRAL_DC,8,122.51
2025-03-12,Central,Accessories,WEST_DC,2,29.87
2025-03-12,Central,Accessories,EAST_DC,1,14.64
2025-03-13,West,Electronics,WEST_DC,29,3661.14
2025-03-13,West,Electronics,EAST_DC,4,502.27
2025-03-13,West,Home,WEST_DC,24,1059.51
2025-03-13,West,Home,EAST_DC,5,237.64
2025-03-13,West,Home,CENTRAL_DC,2,89.87
2025-03-13,West,Apparel,WEST_DC,30,892.87
2025-03-13,West,Apparel,EAST_DC,4,115.8
2025-03-13,West,Apparel,CENTRAL_DC,5,154.87
2025-03-13,West,Accessories,WEST_DC,7,100.42
2025-03-13,West,Accessories,EAST_DC,1,14.72
2025-03-13,East,Electronics,EAST_DC,30,3545.85
2025-03-13,East,Electronics,WEST_DC,6,761.49
2025-03-13,East,Electronics,CENTRAL_DC,6,712.47
2025-03-13,East,Home,EAST_DC,22,986.34
2025-03-13,East,Home,WEST_DC,7,320.78
2025-03-13,East,Home,CENTRAL_DC,6,275.44
2025-03-13,East,Apparel,EAST_DC,30,909.44
2025-03-13,East,Apparel,WEST_DC,4,118.34
2025-03-13,East,Apparel,CENTRAL_DC,7,210.31
2025-03-13,East,Accessories,EAST_DC,2,30.12
2025-03-13,Central,Electronics,CENTRAL_DC,39,4718.34
2025-03-13,Central,Electronics,WEST_DC,7,869.54
2025-03-13,Central,Electronics,EAST_DC,4,451.5
2025-03-13,Central,Home,CENTRAL_DC,27,1229.57
2025-03-13,Central,Home,WEST_DC,3,135.06
2025-03-13,Central,Home,EAST_DC,2,90.94
2025-03-13,Central,Apparel,CENTRAL_DC,24,653.84
2025-03-13,Central,Apparel,WEST_DC,8,249.16
2025-03-13,Central,Apparel,EAST_DC,1,31.11
2025-03-13,Central,Accessories,CENTRAL_DC,4,58.19
2025-03-14,West,Electronics,WEST_DC,24,3013.61
2025-03-14,West,Electronics,EAST_DC,3,360.82
2025-03-14,West,Electronics,CENTRAL_DC,7,832.71
2025-03-14,West,Home,WEST_DC,26,1208.16
2025-03-14,West,Home,EAST_DC,6,269.15
2025-03-14,West,Home,CENTRAL_DC,1,46.56
2025-03-14,West,Apparel,WEST_DC,31,916.43
2025-03-14,West,Apparel,EAST_DC,2,60.0
2025-03-14,West,Apparel,CENTRAL_DC,2,60.22
2025-03-14,West,Accessories,WEST_DC,3,44.95
2025-03-14,West,Accessories,CENTRAL_DC,1,15.45
2025-03-14,East,Electronics,EAST_DC,33,3915.12
2025-03-14,East,Electronics,WEST_DC,2,231.33
2025-03-14,East,Electronics,CENTRAL_DC,4,465.12
2025-03-14,East,Home,EAST_DC,26,1192.13
2025-03-14,East,Home,WEST_DC,5,221.0
2025-03-14,East,Home,CENTRAL_DC,4,183.7
2025-03-14,East,Apparel,EAST_DC,27,801.91
2025-03-14,East,Apparel,WEST_DC,5,144.13
2025-03-14,East,Apparel,CENTRAL_DC,3,93.79
2025-03-14,East,Accessories,EAST_DC,1,14.56
2025-03-14,Central,Electronics,CENTRAL_DC,20,2458.54
2025-03-14,Central,Electronics,WEST_DC,4,481.66
2025-03-14,Central,Electronics,EAST_DC,4,482.73
2025-03-14,Central,Home,CENTRAL_DC,23,1032.18
2025-03-14,Central,Home,WEST_DC,6,263.27
2025-03-14,Central,Home,EAST_DC,2,84.54
2025-03-14,Central,Apparel,CENTRAL_DC,23,705.72
2025-03-14,Central,Apparel,WEST_DC,10,312.44
2025-03-14,Central,Apparel,EAST_DC,5,153.45
2025-03-14,Central,Accessories,CENTRAL_DC,4,59.66
2025-03-14,Central,Accessories,WEST_DC,1,13.94
2025-03-15,West,Electronics,WEST_DC,25,3129.99
2025-03-15,West,Electronics,EAST_DC,6,693.18
2025-03-15,West,Electronics,CENTRAL_DC,3,385.89
2025-03-15,West,Home,WEST_DC,16,751.2
2025-03-15,West,Home,EAST_DC,2,84.96
2025-03-15,West,Home,CENTRAL_DC,2,91.51
2025-03-15,West,Apparel,WEST_DC,17,492.98
2025-03-15,West,Apparel,EAST_DC,2,61.33
2025-03-15,West,Apparel,CENTRAL_DC,2,58.81
2025-03-15,West,Accessories,WEST_DC,2,29.72
2025-03-15,West,Accessories,EAST_DC,1,14.53
2025-03-15,East,Electronics,EAST_DC,20,2286.26
2025-03-15,East,Electronics,WEST_DC,3,356.39
2025-03-15,East,Electronics,CENTRAL_DC,4,477.47
2025-03-15,East,Home,EAST_DC,16,705.71
2025-03-15,East,Home,WEST_DC,1,47.0
2025-03-15,East,Home,CENTRAL_DC,3,136.98
2025-03-15,East,Apparel,EAST_DC,31,951.41
2025-03-15,East,Apparel,WEST_DC,5,150.19
2025-03-15,East,Apparel,CENTRAL_DC,3,94.03
2025-03-15,East,Accessories,EAST_DC,2,29.63
2025-03-15,East,Accessories,WEST_DC,1,14.79
2025-03-15,Central,Electronics,CENTRAL_DC,22,2650.08
2025-03-15,Central,Electronics,WEST_DC,6,744.84
2025-03-15,Central,Electronics,EAST_DC,4,449.01
2025-03-15,Central,Home,CENTRAL_DC,13,589.81
2025-03-15,Central,Home,WEST_DC,1,46.35
2025-03-15,Central,Home,EAST_DC,4,182.8
2025-03-15,Central,Apparel,CENTRAL_DC,16,501.54
2025-03-15,Central,Apparel,WEST_DC,4,120.1
2025-03-15,Central,Apparel,EAST_DC,2,61.91
2025-03-15,Central,Accessories,CENTRAL_DC,6,90.13
2025-03-15,Central,Accessories,WEST_DC,1,15.53
2025-03-15,Central,Accessories,EAST_DC,1,13.97
2025-03-16,West,Electronics,WEST_DC,21,2598.56
2025-03-16,West,Electronics,EAST_DC,6,717.08
2025-03-16,West,Electronics,CENTRAL_DC,4,492.61
2025-03-16,West,Home,WEST_DC,21,943.81
2025-03-16,West,Home,EAST_DC,1,43.59
2025-03-16,West,Home,CENTRAL_DC,1,42.73
2025-03-16,West,Apparel,WEST_DC,22,633.68
2025-03-16,West,Apparel,EAST_DC,4,122.05
2025-03-16,West,Apparel,CENTRAL_DC,4,123.71
2025-03-16,West,Accessories,EAST_DC,1,15.25
2025-03-16,East,Electronics,EAST_DC,25,2989.67
2025-03-16,East,Electronics,WEST_DC,4,482.8
2025-03-16,East,Electronics,CENTRAL_DC,2,231.76
2025-03-16,East,Home,EAST_DC,20,909.49
2025-03-16,East,Home,WEST_DC,2,89.85
2025-03-16,East,Home,CENTRAL_DC,3,137.09
2025-03-16,East,Apparel,EAST_DC,18,542.4
2025-03-16,East,Apparel,WEST_DC,3,89.49
2025-03-16,East,Apparel,CENTRAL_DC,6,177.71
2025-03-16,East,Accessories,EAST_DC,1,15.38
2025-03-16,East,Accessories,WEST_DC,1,14.59
2025-03-16,East,Accessories,CENTRAL_DC,1,15.41
2025-03-16,Central,Electronics,CENTRAL_DC,24,2917.58
2025-03-16,Central,Electronics,WEST_DC,4,473.6
2025-03-16,Central,Home,CENTRAL_DC,18,815.15
2025-03-16,Central,Home,WEST_DC,2,90.68
2025-03-16,Central,Home,EAST_DC,1,45.19
2025-03-16,Central,Apparel,CENTRAL_DC,22,660.42
2025-03-16,Central,Apparel,WEST_DC,1,30.7
2025-03-16,Central,Apparel,EAST_DC,3,91.79
2025-03-16,Central,Accessories,CENTRAL_DC,3,44.34
2025-03-17,West,Electronics,WEST_DC,44,5291.69
2025-03-17,West,Electronics,EAST_DC,6,715.89
2025-03-17,West,Electronics,CENTRAL_DC,5,606.09
2025-03-17,West,Home,WEST_DC,23,1057.05
2025-03-17,West,Home,EAST_DC,2,87.55
2025-03-17,West,Home,CENTRAL_DC,5,221.14
2025-03-17,West,Apparel,WEST_DC,22,656.27
2025-03-17,West,Apparel,EAST_DC,5,145.45
2025-03-17,West,Apparel,CENTRAL_DC,4,123.0
2025-03-17,West,Accessories,WEST_DC,3,45.05
2025-03-17,West,Accessories,EAST_DC,1,14.86
2025-03-17,West,Accessories,CENTRAL_DC,1,14.49
2025-03-17,East,Electronics,EAST_DC,25,2966.57
2025-03-17,East,Electronics,WEST_DC,7,837.86
2025-03-17,East,Electronics,CENTRAL_DC,3,350.55
2025-03-17,East,Home,EAST_DC,24,1083.7
2025-03-17,East,Home,WEST_DC,4,173.18
2025-03-17,East,Home,CENTRAL_DC,3,137.18
2025-03-17,East,Apparel,EAST_DC,29,852.31
2025-03-17,East,Apparel,WEST_DC,2,60.69
2025-03-17,East,Apparel,CENTRAL_DC,6,186.32
2025-03-17,East,Accessories,EAST_DC,4,55.78
2025-03-17,Central,Electronics,CENTRAL_DC,41,4846.01
2025-03-17,Central,Electronics,WEST_DC,2,233.02
2025-03-17,Central,Electronics,EAST_DC,2,236.59
2025-03-17,Central,Home,CENTRAL_DC,25,1100.72
2025-03-17,Central,Home,WEST_DC,2,93.76
2025-03-17,Central,Home,EAST_DC,7,305.16
2025-03-17,Central,Apparel,CENTRAL_DC,38,1154.4
2025-03-17,Central,Apparel,WEST_DC,1,29.51
2025-03-17,Central,Apparel,EAST_DC,4,122.22
2025-03-17,Central,Accessories,CENTRAL_DC,5,77.59
2025-03-17,Central,Accessories,WEST_DC,1,14.57
2025-03-17,Central,Accessories,EAST_DC,1,14.8
2025-03-18,West,Electronics,WEST_DC,44,5523.91
2025-03-18,West,Electronics,EAST_DC,7,824.72
2025-03-18,West,Electronics,CENTRAL_DC,4,495.14
2025-03-18,West,Home,WEST_DC,22,998.03
2025-03-18,West,Home,EAST_DC,3,134.09
2025-03-18,West,Home,CENTRAL_DC,3,134.01
2025-03-18,West,Apparel,WEST_DC,26,767.01
2025-03-18,West,Apparel,EAST_DC,4,119.57
2025-03-18,West,Apparel,CENTRAL_DC,5,149.8
2025-03-18,West,Accessories,EAST_DC,1,14.67
2025-03-18,East,Electronics,EAST_DC,38,4493.89
2025-03-18,East,Electronics,WEST_DC,7,839.6
2025-03-18,East,Electronics,CENTRAL_DC,5,578.13
2025-03-18,East,Home,EAST_DC,18,845.57
2025-03-18,East,Home,WEST_DC,5,230.61
2025-03-18,East,Home,CENTRAL_DC,1,46.78
2025-03-18,East,Apparel,EAST_DC,26,781.51
2025-03-18,East,Apparel,WEST_DC,6,193.47
2025-03-18,East,Apparel,CENTRAL_DC,5,148.36
2025-03-18,East,Accessories,EAST_DC,2,29.56
2025-03-18,Central,Electronics,CENTRAL_DC,26,3172.06
2025-03-18,Central,Electronics,WEST_DC,4,453.25
2025-03-18,Central,Electronics,EAST_DC,4,498.53
2025-03-18,Central,Home,CENTRAL_DC,17,716.26
2025-03-18,Central,Home,WEST_DC,6,270.46
2025-03-18,Central,Home,EAST_DC,5,226.35
2025-03-18,Central,Apparel,CENTRAL_DC,33,973.26
2025-03-18,Central,Apparel,WEST_DC,8,237.07
2025-03-18,Central,Apparel,EAST_DC,7,207.09
2025-03-18,Central,Accessories,CENTRAL_DC,1,15.21
2025-03-19,West,Electronics,WEST_DC,30,3505.38
2025-03-19,West,Electronics,EAST_DC,2,238.52
2025-03-19,West,Electronics,CENTRAL_DC,2,234.77
2025-03-19,West,Home,WEST_DC,22,966.45
2025-03-19,West,Home,EAST_DC,4,180.43
2025-03-19,West,Home,CENTRAL_DC,1,44.41
2025-03-19,West,Apparel,WEST_DC,43,1285.82
2025-03-19,West,Apparel,EAST_DC,5,146.65
2025-03-19,West,Accessories,WEST_DC,2,30.82
2025-03-19,East,Electronics,EAST_DC,22,2567.84
2025-03-19,East,Electronics,WEST_DC,10,1300.96
2025-03-19,East,Electronics,CENTRAL_DC,9,1071.15
2025-03-19,East,Home,EAST_DC,23,1063.68
2025-03-19,East,Home,WEST_DC,4,170.55
2025-03-19,East,Home,CENTRAL_DC,5,216.08
2025-03-19,East,Apparel,EAST_DC,24,716.78
2025-03-19,East,Apparel,WEST_DC,7,213.46
2025-03-19,East,Apparel,CENTRAL_DC,4,120.72
2025-03-19,East,Accessories,EAST_DC,6,90.3
2025-03-19,East,Accessories,CENTRAL_DC,3,43.99
2025-03-19,Central,Electronics,CENTRAL_DC,42,5071.92
2025-03-19,Central,Electronics,WEST_DC,5,622.45
2025-03-19,Central,Electronics,EAST_DC,3,372.24
2025-03-19,Central,Home,CENTRAL_DC,37,1738.41
2025-03-19,Central,Home,WEST_DC,4,176.89
2025-03-19,Central,Home,EAST_DC,1,44.13
2025-03-19,Central,Apparel,CENTRAL_DC,25,752.7
2025-03-19,Central,Apparel,WEST_DC,4,121.6
2025-03-19,Central,Apparel,EAST_DC,2,59.28
2025-03-19,Central,Accessories,CENTRAL_DC,5,75.41
2025-03-19,Central,Accessories,WEST_DC,1,13.93
2025-03-20,West,Electronics,WEST_DC,37,4387.75
2025-03-20,West,Electronics,EAST_DC,8,969.74
2025-03-20,West,Electronics,CENTRAL_DC,1,121.68
2025-03-20,West,Home,WEST_DC,18,779.34
2025-03-20,West,Home,EAST_DC,8,340.04
2025-03-20,West,Home,CENTRAL_DC,4,174.14
2025-03-20,West,Apparel,WEST_DC,22,678.54
2025-03-20,West,Apparel,EAST_DC,6,168.27
2025-03-20,West,Apparel,CENTRAL_DC,6,177.0
2025-03-20,West,Accessories,WEST_DC,2,29.28
2025-03-20,East,Electronics,EAST_DC,27,3255.39
2025-03-20,East,Electronics,WEST_DC,3,370.37
2025-03-20,East,Electronics,CENTRAL_DC,7,836.65
2025-03-20,East,Home,EAST_DC,22,1001.21
2025-03-20,East,Home,WEST_DC,3,136.75
2025-03-20,East,Home,CENTRAL_DC,4,182.57
2025-03-20,East,Apparel,EAST_DC,30,946.41
2025-03-20,East,Apparel,WEST_DC,2,59.43
2025-03-20,East,Apparel,CENTRAL_DC,2,58.82
2025-03-20,East,Accessories,EAST_DC,3,43.24
2025-03-20,Central,Electronics,CENTRAL_DC,25,2874.6
2025-03-20,Central,Electronics,WEST_DC,5,628.67
2025-03-20,Central,Electronics,EAST_DC,5,605.38
2025-03-20,Central,Home,CENTRAL_DC,25,1129.52
2025-03-20,Central,Home,WEST_DC,1,45.9
2025-03-20,Central,Home,EAST_DC,2,92.03
2025-03-20,Central,Apparel,CENTRAL_DC,36,1093.41
2025-03-20,Central,Apparel,WEST_DC,5,147.26
2025-03-20,Central,Apparel,EAST_DC,4,117.09
2025-03-20,Central,Accessories,CENTRAL_DC,5,76.02
2025-03-20,Central,Accessories,EAST_DC,1,14.99
2025-03-21,West,Electronics,WEST_DC,24,2973.79
2025-03-21,West,Electronics,EAST_DC,5,616.92
2025-03-21,West,Electronics,CENTRAL_DC,7,856.81
2025-03-21,West,Home,WEST_DC,17,737.8
2025-03-21,West,Home,EAST_DC,2,95.34
2025-03-21,West,Home,CENTRAL_DC,2,87.42
2025-03-21,West,Apparel,WEST_DC,30,899.63
2025-03-21,West,Apparel,EAST_DC,3,87.08
2025-03-21,West,Apparel,CENTRAL_DC,6,177.86
2025-03-21,West,Accessories,WEST_DC,4,59.97
2025-03-21,West,Accessories,CENTRAL_DC,2,29.93
2025-03-21,East,Electronics,EAST_DC,31,3868.07
2025-03-21,East,Electronics,WEST_DC,2,245.99
2025-03-21,East,Electronics,CENTRAL_DC,3,357.25
2025-03-21,East,Home,EAST_DC,10,454.16
2025-03-21,East,Home,WEST_DC,1,42.72
2025-03-21,East,Home,CENTRAL_DC,3,134.23
2025-03-21,East,Apparel,EAST_DC,28,885.26
2025-03-21,East,Apparel,WEST_DC,2,61.19
2025-03-21,East,Apparel,CENTRAL_DC,4,118.52
2025-03-21,East,Accessories,EAST_DC,4,59.75
2025-03-21,East,Accessories,CENTRAL_DC,1,14.15
2025-03-21,Central,Electronics,CENTRAL_DC,39,4602.85
2025-03-21,Central,Electronics,WEST_DC,1,116.01
2025-03-21,Central,Electronics,EAST_DC,5,592.56
2025-03-21,Central,Home,CENTRAL_DC,21,920.34
2025-03-21,Central,Home,WEST_DC,5,221.34
2025-03-21,Central,Home,EAST_DC,4,185.8
2025-03-21,Central,Apparel,CENTRAL_DC,25,777.76
2025-03-21,Central,Apparel,WEST_DC,4,123.73
2025-03-21,Central,Apparel,EAST_DC,2,58.91
2025-03-21,Central,Accessories,CENTRAL_DC,3,44.61
2025-03-21,Central,Accessories,WEST_DC,1,15.24
2025-03-22,West,Electronics,WEST_DC,23,2801.67
2025-03-22,West,Electronics,EAST_DC,2,241.85
2025-03-22,West,Electronics,CENTRAL_DC,1,117.17
2025-03-22,West,Home,WEST_DC,14,647.93
2025-03-22,West,Home,EAST_DC,1,44.18
2025-03-22,West,Home,CENTRAL_DC,4,186.37
2025-03-22,West,Apparel,WEST_DC,21,624.29
2025-03-22,West,Apparel,EAST_DC,3,90.25
2025-03-22,West,Apparel,CENTRAL_DC,6,177.79
2025-03-22,West,Accessories,WEST_DC,2,29.37
2025-03-22,West,Accessories,EAST_DC,1,14.67
2025-03-22,East,Electronics,EAST_DC,20,2305.92
2025-03-22,East,Electronics,WEST_DC,2,241.23
2025-03-22,East,Electronics,CENTRAL_DC,2,243.96
2025-03-22,East,Home,EAST_DC,15,705.51
2025-03-22,East,Home,WEST_DC,4,174.72
2025-03-22,East,Home,CENTRAL_DC,3,139.37
2025-03-22,East,Apparel,EAST_DC,21,591.32
2025-03-22,East,Apparel,WEST_DC,2,60.79
2025-03-22,East,Apparel,CENTRAL_DC,2,55.56
2025-03-22,East,Accessories,EAST_DC,1,15.08
2025-03-22,East,Accessories,CENTRAL_DC,1,14.09
2025-03-22,Central,Electronics,CENTRAL_DC,21,2479.05
2025-03-22,Central,Electronics,WEST_DC,4,452.12
2025-03-22,Central,Electronics,EAST_DC,1,120.48
2025-03-22,Central,Home,CENTRAL_DC,21,951.96
2025-03-22,Central,Home,WEST_DC,4,179.68
2025-03-22,Central,Apparel,CENTRAL_DC,19,551.04
2025-03-22,Central,Apparel,WEST_DC,5,161.48
2025-03-22,Central,Apparel,EAST_DC,5,145.15
2025-03-22,Central,Accessories,CENTRAL_DC,2,31.94
2025-03-22,Central,Accessories,WEST_DC,1,14.9
2025-03-23,West,Electronics,WEST_DC,21,2507.86
2025-03-23,West,Electronics,EAST_DC,7,829.74
2025-03-23,West,Electronics,CENTRAL_DC,1,124.22
2025-03-23,West,Home,WEST_DC,27,1267.58
2025-03-23,West,Home,EAST_DC,5,219.13
2025-03-23,West,Home,CENTRAL_DC,1,45.76
2025-03-23,West,Apparel,WEST_DC,20,577.31
2025-03-23,West,Apparel,EAST_DC,4,121.41
2025-03-23,West,Accessories,WEST_DC,1,14.56
2025-03-23,East,Electronics,EAST_DC,32,3857.72
2025-03-23,East,Electronics,CENTRAL_DC,2,251.43
2025-03-23,East,Home,EAST_DC,16,710.67
2025-03-23,East,Home,WEST_DC,4,191.17
2025-03-23,East,Apparel,EAST_DC,17,489.93
2025-03-23,East,Apparel,WEST_DC,5,155.65
2025-03-23,East,Apparel,CENTRAL_DC,4,120.99
2025-03-23,East,Accessories,EAST_DC,1,14.66
2025-03-23,Central,Electronics,CENTRAL_DC,16,1954.02
2025-03-23,Central,Electronics,WEST_DC,4,489.06
2025-03-23,Central,Electronics,EAST_DC,1,124.48
2025-03-23,Central,Home,CENTRAL_DC,16,742.2
2025-03-23,Central,Home,WEST_DC,5,217.57
2025-03-23,Central,Home,EAST_DC,2,87.19
2025-03-23,Central,Apparel,CENTRAL_DC,19,556.55
2025-03-23,Central,Apparel,WEST_DC,5,153.93
2025-03-23,Central,Apparel,EAST_DC,3,89.84
2025-03-23,Central,Accessories,CENTRAL_DC,2,30.64
2025-03-24,West,Electronics,WEST_DC,30,3691.98
2025-03-24,West,Electronics,EAST_DC,8,961.76
2025-03-24,West,Electronics,CENTRAL_DC,1,125.48
2025-03-24,West,Home,WEST_DC,18,798.34
2025-03-24,West,Home,EAST_DC,2,88.96
2025-03-24,West,Home,CENTRAL_DC,5,220.97
2025-03-24,West,Apparel,WEST_DC,30,955.05
2025-03-24,West,Apparel,EAST_DC,1,29.53
2025-03-24,West,Apparel,CENTRAL_DC,3,92.28
2025-03-24,West,Accessories,WEST_DC,2,30.54
2025-03-24,West,Accessories,EAST_DC,1,14.88
2025-03-24,West,Accessories,CENTRAL_DC,1,14.93
2025-03-24,East,Electronics,EAST_DC,39,4761.92
2025-03-24,East,Electronics,WEST_DC,3,384.51
2025-03-24,East,Electronics,CENTRAL_DC,5,599.64
2025-03-24,East,Home,EAST_DC,32,1440.63
2025-03-24,East,Home,WEST_DC,5,219.73
2025-03-24,East,Home,CENTRAL_DC,4,169.45
2025-03-24,East,Apparel,EAST_DC,26,767.34
2025-03-24,East,Apparel,WEST_DC,3,90.93
2025-03-24,East,Apparel,CENTRAL_DC,4,122.14
2025-03-24,East,Accessories,EAST_DC,4,61.08
2025-03-24,Central,Electronics,CENTRAL_DC,26,3117.92
2025-03-24,Central,Electronics,WEST_DC,5,605.72
2025-03-24,Central,Electronics,EAST_DC,4,474.31
2025-03-24,Central,Home,CENTRAL_DC,16,672.64
2025-03-24,Central,Home,WEST_DC,4,171.68
2025-03-24,Central,Home,EAST_DC,1,47.77
2025-03-24,Central,Apparel,CENTRAL_DC,24,702.28
2025-03-24,Central,Apparel,WEST_DC,3,94.3
2025-03-24,Central,Apparel,EAST_DC,3,90.2
2025-03-24,Central,Accessories,CENTRAL_DC,7,106.13
2025-03-24,Central,Accessories,WEST_DC,1,15.07
2025-03-24,Central,Accessories,EAST_DC,1,14.97
2025-03-25,West,Electronics,WEST_DC,33,4275.63
2025-03-25,West,Electronics,EAST_DC,9,1034.34
2025-03-25,West,Electronics,CENTRAL_DC,3,353.68
2025-03-25,West,Home,WEST_DC,21,954.46
2025-03-25,West,Home,EAST_DC,8,373.35
2025-03-25,West,Home,CENTRAL_DC,4,186.57
2025-03-25,West,Apparel,WEST_DC,26,775.64
2025-03-25,West,Apparel,EAST_DC,2,56.97
2025-03-25,West,Apparel,CENTRAL_DC,1,30.36
2025-03-25,West,Accessories,WEST_DC,7,103.45
2025-03-25,West,Accessories,CENTRAL_DC,1,14.58
2025-03-25,East,Electronics,EAST_DC,40,4875.87
2025-03-25,East,Electronics,WEST_DC,2,242.19
2025-03-25,East,Electronics,CENTRAL_DC,4,487.8
2025-03-25,East,Home,EAST_DC,21,952.84
2025-03-25,East,Home,WEST_DC,6,283.3
2025-03-25,East,Home,CENTRAL_DC,6,266.16
2025-03-25,East,Apparel,EAST_DC,31,849.17
2025-03-25,East,Apparel,WEST_DC,4,116.48
2025-03-25,East,Accessories,EAST_DC,3,44.57
2025-03-25,Central,Electronics,CENTRAL_DC,26,3081.8
2025-03-25,Central,Electronics,WEST_DC,2,233.13
2025-03-25,Central,Electronics,EAST_DC,4,498.39
2025-03-25,Central,Home,CENTRAL_DC,17,779.55
2025-03-25,Central,Home,WEST_DC,4,187.45
2025-03-25,Central,Apparel,CENTRAL_DC,33,964.2
2025-03-25,Central,Apparel,WEST_DC,5,149.73
2025-03-25,Central,Apparel,EAST_DC,1,31.27
2025-03-25,Central,Accessories,CENTRAL_DC,6,88.91
2025-03-25,Central,Accessories,EAST_DC,1,15.55
2025-03-26,West,Electronics,WEST_DC,30,3459.83
2025-03-26,West,Electronics,CENTRAL_DC,5,588.53
2025-03-26,West,Home,WEST_DC,25,1119.64
2025-03-26,West,Home,EAST_DC,5,216.84
2025-03-26,West,Home,CENTRAL_DC,3,140.42
2025-03-26,West,Apparel,WEST_DC,31,906.99
2025-03-26,West,Apparel,EAST_DC,4,119.6
2025-03-26,West,Apparel,CENTRAL_DC,5,153.31
2025-03-26,West,Accessories,WEST_DC,1,14.39
2025-03-26,West,Accessories,EAST_DC,1,15.34
2025-03-26,East,Electronics,EAST_DC,39,4583.43
2025-03-26,East,Electronics,WEST_DC,6,702.36
2025-03-26,East,Electronics,CENTRAL_DC,3,357.73
2025-03-26,East,Home,EAST_DC,15,688.69
2025-03-26,East,Home,WEST_DC,4,182.45
2025-03-26,East,Home,CENTRAL_DC,2,94.08
2025-03-26,East,Apparel,EAST_DC,23,687.48
2025-03-26,East,Apparel,WEST_DC,4,119.86
2025-03-26,East,Apparel,CENTRAL_DC,1,29.78
2025-03-26,East,Accessories,WEST_DC,1,15.49
2025-03-26,Central,Electronics,CENTRAL_DC,36,4385.72
2025-03-26,Central,Electronics,WEST_DC,4,477.14
2025-03-26,Central,Electronics,EAST_DC,1,117.93
2025-03-26,Central,Home,CENTRAL_DC,19,854.19
2025-03-26,Central,Home,WEST_DC,4,173.88
2025-03-26,Central,Home,EAST_DC,7,302.13
2025-03-26,Central,Apparel,CENTRAL_DC,26,791.35
2025-03-26,Central,Apparel,WEST_DC,4,115.54
2025-03-26,Central,Apparel,EAST_DC,4,117.54
2025-03-26,Central,Accessories,CENTRAL_DC,4,59.77
2025-03-27,West,Electronics,WEST_DC,32,3904.7
2025-03-27,West,Electronics,EAST_DC,3,353.97
2025-03-27,West,Electronics,CENTRAL_DC,4,495.93
2025-03-27,West,Home,WEST_DC,25,1137.42
2025-03-27,West,Home,EAST_DC,3,128.11
2025-03-27,West,Home,CENTRAL_DC,3,137.01
2025-03-27,West,Apparel,WEST_DC,33,962.79
2025-03-27,West,Apparel,EAST_DC,9,280.28
2025-03-27,West,Apparel,CENTRAL_DC,4,120.0
2025-03-27,West,Accessories,WEST_DC,5,73.61
2025-03-27,West,Accessories,EAST_DC,1,14.59
2025-03-27,East,Electronics,EAST_DC,32,3762.51
2025-03-27,East,Electronics,WEST_DC,4,481.51
2025-03-27,East,Electronics,CENTRAL_DC,1,121.63
2025-03-27,East,Home,EAST_DC,29,1288.31
2025-03-27,East,Home,WEST_DC,4,181.25
2025-03-27,East,Home,CENTRAL_DC,5,227.77
2025-03-27,East,Apparel,EAST_DC,31,934.25
2025-03-27,East,Apparel,WEST_DC,6,177.78
2025-03-27,East,Apparel,CENTRAL_DC,3,90.61
2025-03-27,East,Accessories,EAST_DC,4,59.05
2025-03-27,Central,Electronics,CENTRAL_DC,35,4004.19
2025-03-27,Central,Electronics,WEST_DC,5,604.55
2025-03-27,Central,Electronics,EAST_DC,3,359.51
2025-03-27,Central,Home,CENTRAL_DC,23,1024.38
2025-03-27,Central,Home,WEST_DC,2,91.8
2025-03-27,Central,Home,EAST_DC,3,136.95
2025-03-27,Central,Apparel,CENTRAL_DC,26,756.77
2025-03-27,Central,Apparel,WEST_DC,2,59.43
2025-03-27,Central,Apparel,EAST_DC,3,91.92
2025-03-27,Central,Accessories,CENTRAL_DC,7,109.93
2025-03-27,Central,Accessories,WEST_DC,1,14.81
2025-03-28,West,Electronics,WEST_DC,27,3348.09
2025-03-28,West,Electronics,EAST_DC,5,589.23
2025-03-28,West,Electronics,CENTRAL_DC,9,1098.35
2025-03-28,West,Home,WEST_DC,24,1063.57
2025-03-28,West,Home,EAST_DC,3,135.03
2025-03-28,West,Home,CENTRAL_DC,4,173.01
2025-03-28,West,Apparel,WEST_DC,30,912.95
2025-03-28,West,Apparel,EAST_DC,2,55.62
2025-03-28,West,Apparel,CENTRAL_DC,1,31.81
2025-03-28,West,Accessories,WEST_DC,7,102.56
2025-03-28,East,Electronics,EAST_DC,43,5357.44
2025-03-28,East,Electronics,WEST_DC,7,837.87
2025-03-28,East,Electronics,CENTRAL_DC,2,248.4
2025-03-28,East,Home,EAST_DC,22,942.38
2025-03-28,East,Home,WEST_DC,5,226.94
2025-03-28,East,Home,CENTRAL_DC,3,131.58
2025-03-28,East,Apparel,EAST_DC,28,820.92
2025-03-28,East,Apparel,WEST_DC,7,194.96
2025-03-28,East,Apparel,CENTRAL_DC,4,112.14
2025-03-28,East,Accessories,EAST_DC,6,87.36
2025-03-28,East,Accessories,WEST_DC,1,15.2
2025-03-28,East,Accessories,CENTRAL_DC,1,14.79
2025-03-28,Central,Electronics,CENTRAL_DC,25,2957.67
2025-03-28,Central,Electronics,WEST_DC,4,480.4
2025-03-28,Central,Electronics,EAST_DC,6,761.54
2025-03-28,Central,Home,CENTRAL_DC,22,999.85
2025-03-28,Central,Home,WEST_DC,3,135.75
2025-03-28,Central,Home,EAST_DC,3,141.34
2025-03-28,Central,Apparel,CENTRAL_DC,27,781.83
2025-03-28,Central,Apparel,WEST_DC,4,121.74
2025-03-28,Central,Apparel,EAST_DC,3,88.96
2025-03-28,Central,Accessories,CENTRAL_DC,2,30.57
2025-03-28,Central,Accessories,WEST_DC,1,15.08
2025-03-28,Central,Accessories,EAST_DC,1,15.33
2025-03-29,West,Electronics,WEST_DC,23,2817.15
2025-03-29,West,Electronics,EAST_DC,5,586.08
2025-03-29,West,Electronics,CENTRAL_DC,4,466.83
2025-03-29,West,Home,WEST_DC,23,1048.14
2025-03-29,West,Home,EAST_DC,4,181.56
2025-03-29,West,Home,CENTRAL_DC,5,222.48
2025-03-29,West,Apparel,WEST_DC,20,602.24
2025-03-29,West,Apparel,CENTRAL_DC,5,157.76
2025-03-29,West,Accessories,WEST_DC,1,14.5
2025-03-29,West,Accessories,CENTRAL_DC,3,46.32
2025-03-29,East,Electronics,EAST_DC,21,2573.58
2025-03-29,East,Electronics,WEST_DC,4,491.05
2025-03-29,East,Electronics,CENTRAL_DC,3,375.07
2025-03-29,East,Home,EAST_DC,14,610.54
2025-03-29,East,Home,WEST_DC,1,45.68
2025-03-29,East,Home,CENTRAL_DC,1,44.62
2025-03-29,East,Apparel,EAST_DC,29,834.94
2025-03-29,East,Apparel,WEST_DC,4,119.09
2025-03-29,East,Apparel,CENTRAL_DC,2,61.29
2025-03-29,East,Accessories,EAST_DC,2,30.27
2025-03-29,East,Accessories,WEST_DC,1,15.68
2025-03-29,Central,Electronics,CENTRAL_DC,17,2041.82
2025-03-29,Central,Electronics,WEST_DC,2,238.37
2025-03-29,Central,Electronics,EAST_DC,4,481.38
2025-03-29,Central,Home,CENTRAL_DC,20,850.94
2025-03-29,Central,Home,WEST_DC,2,90.74
2025-03-29,Central,Home,EAST_DC,1,47.77
2025-03-29,Central,Apparel,CENTRAL_DC,15,477.12
2025-03-29,Central,Apparel,WEST_DC,2,62.68
2025-03-29,Central,Apparel,EAST_DC,3,92.17
2025-03-29,Central,Accessories,CENTRAL_DC,1,14.49
2025-03-30,West,Electronics,WEST_DC,23,2733.63
2025-03-30,West,Home,WEST_DC,17,721.33
2025-03-30,West,Home,EAST_DC,1,42.32
2025-03-30,West,Apparel,WEST_DC,20,599.87
2025-03-30,West,Apparel,EAST_DC,4,118.41
2025-03-30,West,Apparel,CENTRAL_DC,6,188.38
2025-03-30,West,Accessories,WEST_DC,4,60.52
2025-03-30,East,Electronics,EAST_DC,28,3482.04
2025-03-30,East,Electronics,WEST_DC,3,363.28
2025-03-30,East,Electronics,CENTRAL_DC,1,123.08
2025-03-30,East,Home,EAST_DC,21,931.29
2025-03-30,East,Home,WEST_DC,3,143.83
2025-03-30,East,Home,CENTRAL_DC,4,180.52
2025-03-30,East,Apparel,EAST_DC,17,530.77
2025-03-30,East,Apparel,WEST_DC,2,58.14
2025-03-30,East,Apparel,CENTRAL_DC,3,89.05
2025-03-30,East,Accessories,EAST_DC,2,30.03
2025-03-30,East,Accessories,WEST_DC,2,29.13
2025-03-30,East,Accessories,CENTRAL_DC,2,29.36
2025-03-30,Central,Electronics,CENTRAL_DC,26,3159.22
2025-03-30,Central,Electronics,WEST_DC,2,227.02
2025-03-30,Central,Electronics,EAST_DC,1,120.11
2025-03-30,Central,Home,CENTRAL_DC,20,867.79
2025-03-30,Central,Home,WEST_DC,2,89.69
2025-03-30,Central,Home,EAST_DC,4,186.63
2025-03-30,Central,Apparel,CENTRAL_DC,19,555.91
2025-03-30,Central,Apparel,WEST_DC,2,60.14
2025-03-30,Central,Apparel,EAST_DC,3,89.45
2025-03-30,Central,Accessories,CENTRAL_DC,1,15.18
2025-03-30,Central,Accessories,WEST_DC,1,15.37
2025-03-31,West,Electronics,WEST_DC,34,3916.09
2025-03-31,West,Electronics,EAST_DC,8,950.05
2025-03-31,West,Electronics,CENTRAL_DC,8,932.63
2025-03-31,West,Home,WEST_DC,27,1203.03
2025-03-31,West,Home,EAST_DC,5,224.1
2025-03-31,West,Home,CENTRAL_DC,5,201.18
2025-03-31,West,Apparel,WEST_DC,17,531.43
2025-03-31,West,Apparel,EAST_DC,3,90.49
2025-03-31,West,Apparel,CENTRAL_DC,4,125.39
2025-03-31,West,Accessories,WEST_DC,2,29.33
2025-03-31,West,Accessories,EAST_DC,1,15.4
2025-03-31,East,Electronics,EAST_DC,36,4303.01
2025-03-31,East,Electronics,WEST_DC,2,244.0
2025-03-31,East,Electronics,CENTRAL_DC,4,473.43
2025-03-31,East,Home,EAST_DC,34,1478.16
2025-03-31,East,Home,WEST_DC,4,171.56
2025-03-31,East,Home,CENTRAL_DC,5,229.29
2025-03-31,East,Apparel,EAST_DC,28,855.24
2025-03-31,East,Apparel,WEST_DC,4,110.62
2025-03-31,East,Apparel,CENTRAL_DC,3,89.35
2025-03-31,East,Accessories,EAST_DC,2,28.83
2025-03-31,Central,Electronics,CENTRAL_DC,37,4259.74
2025-03-31,Central,Electronics,WEST_DC,1,120.8
2025-03-31,Central,Electronics,EAST_DC,5,602.75
2025-03-31,Central,Home,CENTRAL_DC,30,1296.94
2025-03-31,Central,Home,WEST_DC,2,88.48
2025-03-31,Central,Home,EAST_DC,3,133.49
2025-03-31,Central,Apparel,CENTRAL_DC,21,645.34
2025-03-31,Central,Apparel,WEST_DC,7,214.04
2025-03-31,Central,Apparel,EAST_DC,4,124.2
2025-03-31,Central,Accessories,CENTRAL_DC,4,59.61
2025-03-31,Central,Accessories,EAST_DC,1,15.26
2025-04-01,West,Electronics,WEST_DC,42,5226.9
2025-04-01,West,Electronics,EAST_DC,1,117.89
2025-04-01,West,Electronics,CENTRAL_DC,2,250.22
2025-04-01,West,Home,WEST_DC,34,1515.13
2025-04-01,West,Home,EAST_DC,5,231.45
2025-04-01,West,Home,CENTRAL_DC,6,275.69
2025-04-01,West,Apparel,WEST_DC,37,1109.24
2025-04-01,West,Apparel,EAST_DC,9,272.28
2025-04-01,West,Apparel,CENTRAL_DC,4,119.47
2025-04-01,West,Accessories,WEST_DC,4,57.66
2025-04-01,West,Accessories,CENTRAL_DC,1,14.65
2025-04-01,East,Electronics,EAST_DC,37,4197.06
2025-04-01,East,Electronics,WEST_DC,1,119.99
2025-04-01,East,Home,EAST_DC,28,1305.92
2025-04-01,East,Home,WEST_DC,3,133.6
2025-04-01,East,Home,CENTRAL_DC,3,132.21
2025-04-01,East,Apparel,EAST_DC,39,1179.6
2025-04-01,East,Apparel,WEST_DC,1,30.39
2025-04-01,East,Apparel,CENTRAL_DC,3,90.36
2025-04-01,East,Accessories,EAST_DC,6,90.43
2025-04-01,East,Accessories,WEST_DC,1,13.78
2025-04-01,East,Accessories,CENTRAL_DC,3,44.56
2025-04-01,Central,Electronics,CENTRAL_DC,35,4002.67
2025-04-01,Central,Electronics,WEST_DC,9,1129.24
2025-04-01,Central,Electronics,EAST_DC,8,989.17
2025-04-01,Central,Home,CENTRAL_DC,12,547.4
2025-04-01,Central,Home,WEST_DC,1,44.53
2025-04-01,Central,Apparel,CENTRAL_DC,30,944.93
2025-04-01,Central,Apparel,WEST_DC,4,117.3
2025-04-01,Central,Accessories,CENTRAL_DC,9,133.88
2025-04-01,Central,Accessories,WEST_DC,2,29.91
2025-04-02,West,Electronics,WEST_DC,32,3918.9
2025-04-02,West,Electronics,EAST_DC,3,341.92
2025-04-02,West,Electronics,CENTRAL_DC,4,478.31
2025-04-02,West,Home,WEST_DC,25,1111.04
2025-04-02,West,Home,EAST_DC,1,42.97
2025-04-02,West,Home,CENTRAL_DC,2,91.42
2025-04-02,West,Apparel,WEST_DC,20,619.85
2025-04-02,West,Apparel,EAST_DC,4,119.45
2025-04-02,West,Apparel,CENTRAL_DC,1,27.82
2025-04-02,West,Accessories,WEST_DC,5,74.03
2025-04-02,West,Accessories,EAST_DC,1,14.47
2025-04-02,East,Electronics,EAST_DC,26,3117.71
2025-04-02,East,Electronics,WEST_DC,5,625.15
2025-04-02,East,Electronics,CENTRAL_DC,3,369.65
2025-04-02,East,Home,EAST_DC,24,1046.52
2025-04-02,East,Home,WEST_DC,1,45.35
2025-04-02,East,Home,CENTRAL_DC,5,215.89
2025-04-02,East,Apparel,EAST_DC,29,843.49
2025-04-02,East,Apparel,WEST_DC,2,62.83
2025-04-02,East,Apparel,CENTRAL_DC,5,152.22
2025-04-02,East,Accessories,EAST_DC,5,77.0
2025-04-02,East,Accessories,CENTRAL_DC,2,31.17
2025-04-02,Central,Electronics,CENTRAL_DC,30,3620.47
2025-04-02,Central,Electronics,WEST_DC,5,617.99
2025-04-02,Central,Electronics,EAST_DC,3,338.45
2025-04-02,Central,Home,CENTRAL_DC,29,1325.12
2025-04-02,Central,Home,WEST_DC,3,139.3
2025-04-02,Central,Home,EAST_DC,5,223.93
2025-04-02,Central,Apparel,CENTRAL_DC,33,1008.21
2025-04-02,Central,Apparel,WEST_DC,3,92.41
2025-04-02,Central,Apparel,EAST_DC,1,30.28
2025-04-02,Central,Accessories,CENTRAL_DC,5,72.76
2025-04-03,West,Electronics,WEST_DC,30,3327.68
2025-04-03,West,Electronics,EAST_DC,2,239.48
2025-04-03,West,Electronics,CENTRAL_DC,3,372.12
2025-04-03,West,Home,WEST_DC,26,1155.36
2025-04-03,West,Home,EAST_DC,1,46.56
2025-04-03,West,Home,CENTRAL_DC,3,140.26
2025-04-03,West,Apparel,WEST_DC,31,872.33
2025-04-03,West,Apparel,EAST_DC,4,123.74
2025-04-03,West,Apparel,CENTRAL_DC,3,89.51
2025-04-03,West,Accessories,EAST_DC,1,15.45
2025-04-03,West,Accessories,CENTRAL_DC,1,14.85
2025-04-03,East,Electronics,EAST_DC,24,2783.4
2025-04-03,East,Electronics,WEST_DC,6,755.55
2025-04-03,East,Home,EAST_DC,28,1267.34
2025-04-03,East,Home,WEST_DC,3,126.28
2025-04-03,East,Home,CENTRAL_DC,3,135.84
2025-04-03,East,Apparel,EAST_DC,27,783.34
2025-04-03,East,Apparel,WEST_DC,3,91.99
2025-04-03,East,Apparel,CENTRAL_DC,6,165.33
2025-04-03,East,Accessories,EAST_DC,2,30.09
2025-04-03,East,Accessories,WEST_DC,1,15.05
2025-04-03,Central,Electronics,CENTRAL_DC,21,2556.59
2025-04-03,Central,Electronics,WEST_DC,9,1059.43
2025-04-03,Central,Electronics,EAST_DC,1,110.88
2025-04-03,Central,Home,CENTRAL_DC,25,1175.03
2025-04-03,Central,Home,WEST_DC,2,89.46
2025-04-03,Central,Apparel,CENTRAL_DC,27,814.5
2025-04-03,Central,Apparel,WEST_DC,7,223.43
2025-04-03,Central,Apparel,EAST_DC,6,182.37
2025-04-03,Central,Accessories,CENTRAL_DC,5,77.65
2025-04-03,Central,Accessories,WEST_DC,1,15.34
2025-04-04,West,Electronics,WEST_DC,33,4026.69
2025-04-04,West,Electronics,EAST_DC,5,622.2
2025-04-04,West,Electronics,CENTRAL_DC,4,463.39
2025-04-04,West,Home,WEST_DC,24,1093.59
2025-04-04,West,Home,EAST_DC,6,264.04
2025-04-04,West,Home,CENTRAL_DC,1,43.25
2025-04-04,West,Apparel,WEST_DC,20,635.73
2025-04-04,West,Apparel,EAST_DC,6,176.03
2025-04-04,West,Apparel,CENTRAL_DC,2,59.79
2025-04-04,West,Accessories,WEST_DC,2,28.5
2025-04-04,West,Accessories,EAST_DC,3,43.78
2025-04-04,East,Electronics,EAST_DC,21,2487.48
2025-04-04,East,Electronics,WEST_DC,6,696.8
2025-04-04,East,Electronics,CENTRAL_DC,6,708.73
2025-04-04,East,Home,EAST_DC,30,1425.9
2025-04-04,East,Home,WEST_DC,3,133.4
2025-04-04,East,Home,CENTRAL_DC,4,181.86
2025-04-04,East,Apparel,EAST_DC,22,663.64
2025-04-04,East,Apparel,WEST_DC,2,61.94
2025-04-04,East,Apparel,CENTRAL_DC,2,56.78
2025-04-04,East,Accessories,EAST_DC,3,43.88
2025-04-04,East,Accessories,WEST_DC,3,45.57
2025-04-04,Central,Electronics,CENTRAL_DC,25,3074.82
2025-04-04,Central,Electronics,WEST_DC,3,365.16
2025-04-04,Central,Electronics,EAST_DC,2,237.82
2025-04-04,Central,Home,CENTRAL_DC,15,673.58
2025-04-04,Central,Home,EAST_DC,4,175.56
2025-04-04,Central,Apparel,CENTRAL_DC,29,880.68
2025-04-04,Central,Apparel,WEST_DC,5,147.49
2025-04-04,Central,Apparel,EAST_DC,4,119.88
2025-04-04,Central,Accessories,CENTRAL_DC,6,85.0
2025-04-04,Central,Accessories,EAST_DC,1,15.23
2025-04-05,West,Electronics,WEST_DC,26,3127.58
2025-04-05,West,Electronics,EAST_DC,3,362.68
2025-04-05,West,Electronics,CENTRAL_DC,4,481.38
2025-04-05,West,Home,WEST_DC,15,677.25
2025-04-05,West,Home,EAST_DC,3,141.8
2025-04-05,West,Home,CENTRAL_DC,1,44.16
2025-04-05,West,Apparel,WEST_DC,16,496.31
2025-04-05,West,Apparel,EAST_DC,2,61.66
2025-04-05,West,Apparel,CENTRAL_DC,3,87.14
2025-04-05,West,Accessories,WEST_DC,2,30.91
2025-04-05,West,Accessories,EAST_DC,1,14.25
2025-04-05,West,Accessories,CENTRAL_DC,1,14.8
2025-04-05,East,Electronics,EAST_DC,25,2943.93
2025-04-05,East,Electronics,WEST_DC,4,476.13
2025-04-05,East,Electronics,CENTRAL_DC,2,246.31
2025-04-05,East,Home,EAST_DC,23,1025.77
2025-04-05,East,Home,WEST_DC,2,86.24
2025-04-05,East,Home,CENTRAL_DC,1,47.21
2025-04-05,East,Apparel,EAST_DC,24,758.95
2025-04-05,East,Apparel,WEST_DC,5,147.9
2025-04-05,East,Apparel,CENTRAL_DC,4,118.97
2025-04-05,East,Accessories,EAST_DC,3,43.09
2025-04-05,East,Accessories,WEST_DC,1,15.94
2025-04-05,Central,Electronics,CENTRAL_DC,25,2996.98
2025-04-05,Central,Electronics,WEST_DC,2,241.5
2025-04-05,Central,Electronics,EAST_DC,4,466.75
2025-04-05,Central,Home,CENTRAL_DC,20,888.66
2025-04-05,Central,Home,WEST_DC,2,91.17
2025-04-05,Central,Home,EAST_DC,1,45.16
2025-04-05,Central,Apparel,CENTRAL_DC,20,612.9
2025-04-05,Central,Apparel,WEST_DC,2,59.7
2025-04-05,Central,Accessories,WEST_DC,2,29.56
2025-04-06,West,Electronics,WEST_DC,23,2713.19
2025-04-06,West,Electronics,EAST_DC,1,122.27
2025-04-06,West,Electronics,CENTRAL_DC,2,244.85
2025-04-06,West,Home,WEST_DC,21,924.56
2025-04-06,West,Home,EAST_DC,2,91.55
2025-04-06,West,Home,CENTRAL_DC,2,90.11
2025-04-06,West,Apparel,WEST_DC,21,628.89
2025-04-06,West,Apparel,EAST_DC,3,86.94
2025-04-06,West,Accessories,WEST_DC,7,100.75
2025-04-06,West,Accessories,CENTRAL_DC,1,15.24
2025-04-06,East,Electronics,EAST_DC,19,2332.28
2025-04-06,East,Electronics,WEST_DC,2,239.98
2025-04-06,East,Electronics,CENTRAL_DC,4,470.12
2025-04-06,East,Home,EAST_DC,13,584.94
2025-04-06,East,Home,WEST_DC,2,92.83
2025-04-06,East,Home,CENTRAL_DC,3,131.27
2025-04-06,East,Apparel,EAST_DC,15,448.25
2025-04-06,East,Apparel,WEST_DC,5,149.31
2025-04-06,East,Apparel,CENTRAL_DC,4,118.51
2025-04-06,East,Accessories,EAST_DC,2,29.52
2025-04-06,East,Accessories,WEST_DC,1,14.74
2025-04-06,Central,Electronics,CENTRAL_DC,34,4017.05
2025-04-06,Central,Electronics,WEST_DC,3,383.44
2025-04-06,Central,Electronics,EAST_DC,2,252.08
2025-04-06,Central,Home,CENTRAL_DC,19,834.05
2025-04-06,Central,Home,WEST_DC,2,90.42
2025-04-06,Central,Home,EAST_DC,1,44.36
2025-04-06,Central,Apparel,CENTRAL_DC,31,938.5
2025-04-06,Central,Apparel,WEST_DC,1,28.99
2025-04-06,Central,Apparel,EAST_DC,3,90.44
2025-04-06,Central,Accessories,CENTRAL_DC,3,47.15
2025-04-06,Central,Accessories,WEST_DC,1,15.19
2025-04-07,West,Electronics,WEST_DC,20,2310.23
2025-04-07,West,Electronics,EAST_DC,4,485.58
2025-04-07,West,Electronics,CENTRAL_DC,5,590.9
2025-04-07,West,Home,WEST_DC,20,856.8
2025-04-07,West,Home,EAST_DC,2,92.05
2025-04-07,West,Home,CENTRAL_DC,1,46.8
2025-04-07,West,Apparel,WEST_DC,29,880.37
2025-04-07,West,Apparel,EAST_DC,2,58.78
2025-04-07,West,Apparel,CENTRAL_DC,1,29.84
2025-04-07,West,Accessories,WEST_DC,5,76.62
2025-04-07,East,Electronics,EAST_DC,32,4148.59
2025-04-07,East,Electronics,WEST_DC,3,343.38
2025-04-07,East,Electronics,CENTRAL_DC,3,370.35
2025-04-07,East,Home,EAST_DC,29,1304.31
2025-04-07,East,Home,WEST_DC,2,87.71
2025-04-07,East,Home,CENTRAL_DC,2,92.39
2025-04-07,East,Apparel,EAST_DC,22,628.94
2025-04-07,East,Apparel,WEST_DC,4,125.47
2025-04-07,East,Apparel,CENTRAL_DC,2,57.25
2025-04-07,East,Accessories,EAST_DC,5,76.04
2025-04-07,East,Accessories,WEST_DC,1,14.63
2025-04-07,East,Accessories,CENTRAL_DC,1,14.85
2025-04-07,Central,Electronics,CENTRAL_DC,42,5038.68
2025-04-07,Central,Electronics,WEST_DC,4,463.3
2025-04-07,Central,Electronics,EAST_DC,4,461.31
2025-04-07,Central,Home,CENTRAL_DC,18,790.97
2025-04-07,Central,Home,WEST_DC,3,131.38
2025-04-07,Central,Home,EAST_DC,3,133.41
2025-04-07,Central,Apparel,CENTRAL_DC,22,634.69
2025-04-07,Central,Apparel,WEST_DC,3,93.53
2025-04-07,Central,Apparel,EAST_DC,8,243.82
2025-04-07,Central,Accessories,CENTRAL_DC,4,59.24
2025-04-07,Central,Accessories,WEST_DC,1,15.27
2025-04-07,Central,Accessories,EAST_DC,1,14.84
2025-04-08,West,Electronics,WEST_DC,49,5627.09
2025-04-08,West,Electronics,EAST_DC,5,633.09
2025-04-08,West,Electronics,CENTRAL_DC,2,238.66
2025-04-08,West,Home,WEST_DC,27,1221.15
2025-04-08,West,Home,EAST_DC,1,46.53
2025-04-08,West,Home,CENTRAL_DC,1,44.09
2025-04-08,West,Apparel,WEST_DC,23,684.52
2025-04-08,West,Apparel,EAST_DC,5,147.25
2025-04-08,West,Accessories,WEST_DC,8,122.5
2025-04-08,West,Accessories,CENTRAL_DC,1,14.89
2025-04-08,East,Electronics,EAST_DC,30,3598.89
2025-04-08,East,Electronics,WEST_DC,4,493.44
2025-04-08,East,Electronics,CENTRAL_DC,6,713.84
2025-04-08,East,Home,EAST_DC,25,1179.76
2025-04-08,East,Home,CENTRAL_DC,2,89.21
2025-04-08,East,Apparel,EAST_DC,23,681.66
2025-04-08,East,Apparel,WEST_DC,3,88.45
2025-04-08,East,Apparel,CENTRAL_DC,3,89.0
2025-04-08,East,Accessories,EAST_DC,7,104.31
2025-04-08,East,Accessories,WEST_DC,1,14.92
2025-04-08,Central,Electronics,CENTRAL_DC,24,2813.89
2025-04-08,Central,Electronics,WEST_DC,5,588.7
2025-04-08,Central,Electronics,EAST_DC,6,720.01
2025-04-08,Central,Home,CENTRAL_DC,25,1097.39
2025-04-08,Central,Home,WEST_DC,5,221.87
2025-04-08,Central,Home,EAST_DC,3,137.43
2025-04-08,Central,Apparel,CENTRAL_DC,20,587.72
2025-04-08,Central,Apparel,WEST_DC,4,119.49
2025-04-08,Central,Apparel,EAST_DC,2,59.25
2025-04-08,Central,Accessories,CENTRAL_DC,2,28.91
2025-04-08,Central,Accessories,EAST_DC,2,30.57
2025-04-09,West,Electronics,WEST_DC,24,2962.59
2025-04-09,West,Electronics,CENTRAL_DC,1,122.42
2025-04-09,West,Home,WEST_DC,14,609.57
2025-04-09,West,Home,EAST_DC,1,46.02
2025-04-09,West,Home,CENTRAL_DC,3,128.91
2025-04-09,West,Apparel,WEST_DC,27,822.38
2025-04-09,West,Apparel,EAST_DC,4,117.61
2025-04-09,West,Apparel,CENTRAL_DC,3,88.09
2025-04-09,West,Accessories,EAST_DC,1,14.8
2025-04-09,East,Electronics,EAST_DC,36,4334.03
2025-04-09,East,Electronics,WEST_DC,4,493.76
2025-04-09,East,Electronics,CENTRAL_DC,1,122.63
2025-04-09,East,Home,EAST_DC,33,1514.57
2025-04-09,East,Home,CENTRAL_DC,1,46.05
2025-04-09,East,Apparel,EAST_DC,26,767.07
2025-04-09,East,Apparel,WEST_DC,2,60.38
2025-04-09,East,Apparel,CENTRAL_DC,2,60.1
2025-04-09,East,Accessories,EAST_DC,2,31.08
2025-04-09,Central,Electronics,CENTRAL_DC,24,2925.74
2025-04-09,Central,Electronics,WEST_DC,3,359.97
2025-04-09,Central,Electronics,EAST_DC,3,351.55
2025-04-09,Central,Home,CENTRAL_DC,38,1680.93
2025-04-09,Central,Home,WEST_DC,2,91.36
2025-04-09,Central,Apparel,CENTRAL_DC,29,834.11
2025-04-09,Central,Apparel,WEST_DC,6,182.96
2025-04-09,Central,Apparel,EAST_DC,3,94.37
2025-04-09,Central,Accessories,CENTRAL_DC,1,14.79
2025-04-09,Central,Accessories,WEST_DC,1,15.38
2025-04-09,Central,Accessories,EAST_DC,1,14.85
2025-04-10,West,Electronics,WEST_DC,27,3186.82
2025-04-10,West,Electronics,EAST_DC,8,967.81
2025-04-10,West,Electronics,CENTRAL_DC,7,820.48
2025-04-10,West,Home,WEST_DC,20,934.19
2025-04-10,West,Home,EAST_DC,3,132.75
2025-04-10,West,Home,CENTRAL_DC,2,91.15
2025-04-10,West,Apparel,WEST_DC,23,690.49
2025-04-10,West,Apparel,EAST_DC,6,186.18
2025-04-10,West,Apparel,CENTRAL_DC,3,87.96
2025-04-10,West,Accessories,WEST_DC,3,48.25
2025-04-10,West,Accessories,CENTRAL_DC,1,14.74
2025-04-10,East,Electronics,EAST_DC,35,4133.12
2025-04-10,East,Electronics,WEST_DC,2,250.13
2025-04-10,East,Electronics,CENTRAL_DC,6,732.81
2025-04-10,East,Home,EAST_DC,30,1321.59
2025-04-10,East,Home,WEST_DC,5,222.74
2025-04-10,East,Home,CENTRAL_DC,3,128.18
2025-04-10,East,Apparel,EAST_DC,36,1022.5
2025-04-10,East,Apparel,WEST_DC,4,119.67
2025-04-10,East,Apparel,CENTRAL_DC,1,30.41
2025-04-10,Central,Electronics,CENTRAL_DC,30,3732.9
2025-04-10,Central,Electronics,WEST_DC,3,346.36
2025-04-10,Central,Electronics,EAST_DC,7,898.87
2025-04-10,Central,Home,CENTRAL_DC,28,1203.7
2025-04-10,Central,Home,EAST_DC,1,48.81
2025-04-10,Central,Apparel,CENTRAL_DC,26,751.89
2025-04-10,Central,Apparel,WEST_DC,3,90.58
2025-04-10,Central,Accessories,CENTRAL_DC,4,62.73
2025-04-11,West,Electronics,WEST_DC,33,4166.42
2025-04-11,West,Electronics,EAST_DC,6,763.68
2025-04-11,West,Electronics,CENTRAL_DC,3,365.54
2025-04-11,West,Home,WEST_DC,22,953.77
2025-04-11,West,Home,EAST_DC,3,133.81
2025-04-11,West,Home,CENTRAL_DC,3,124.73
2025-04-11,West,Apparel,WEST_DC,30,914.07
2025-04-11,West,Apparel,EAST_DC,1,29.8
2025-04-11,West,Apparel,CENTRAL_DC,4,120.87
2025-04-11,West,Accessories,WEST_DC,2,30.14
2025-04-11,West,Accessories,CENTRAL_DC,3,45.31
2025-04-11,East,Electronics,EAST_DC,28,3176.08
2025-04-11,East,Electronics,WEST_DC,3,340.7
2025-04-11,East,Electronics,CENTRAL_DC,5,598.63
2025-04-11,East,Home,EAST_DC,33,1484.52
2025-04-11,East,Home,WEST_DC,4,172.76
2025-04-11,East,Home,CENTRAL_DC,3,136.57
2025-04-11,East,Apparel,EAST_DC,35,998.16
2025-04-11,East,Apparel,WEST_DC,1,29.39
2025-04-11,East,Apparel,CENTRAL_DC,8,229.19
2025-04-11,East,Accessories,EAST_DC,3,43.22
2025-04-11,East,Accessories,WEST_DC,1,14.62
2025-04-11,East,Accessories,CENTRAL_DC,1,15.04
2025-04-11,Central,Electronics,CENTRAL_DC,29,3439.52
2025-04-11,Central,Electronics,WEST_DC,4,475.0
2025-04-11,Central,Electronics,EAST_DC,5,615.21
2025-04-11,Central,Home,CENTRAL_DC,36,1601.44
2025-04-11,Central,Home,WEST_DC,1,45.1
2025-04-11,Central,Home,EAST_DC,3,137.26
2025-04-11,Central,Apparel,CENTRAL_DC,33,1012.19
2025-04-11,Central,Apparel,WEST_DC,3,93.55
2025-04-11,Central,Apparel,EAST_DC,5,149.15
2025-04-11,Central,Accessories,CENTRAL_DC,5,75.48
2025-04-11,Central,Accessories,EAST_DC,2,30.14
2025-04-12,West,Electronics,WEST_DC,22,2483.41
2025-04-12,West,Electronics,EAST_DC,5,622.99
2025-04-12,West,Electronics,CENTRAL_DC,10,1214.8
2025-04-12,West,Home,WEST_DC,16,697.48
2025-04-12,West,Home,EAST_DC,6,253.28
2025-04-12,West,Home,CENTRAL_DC,3,131.37
2025-04-12,West,Apparel,WEST_DC,18,547.67
2025-04-12,West,Apparel,EAST_DC,5,142.97
2025-04-12,West,Apparel,CENTRAL_DC,1,29.48
2025-04-12,West,Accessories,WEST_DC,1,15.13
2025-04-12,East,Electronics,EAST_DC,25,2996.28
2025-04-12,East,Electronics,WEST_DC,1,125.5
2025-04-12,East,Electronics,CENTRAL_DC,1,118.02
2025-04-12,East,Home,EAST_DC,20,974.72
2025-04-12,East,Home,WEST_DC,5,215.22
2025-04-12,East,Home,CENTRAL_DC,3,134.76
2025-04-12,East,Apparel,EAST_DC,24,725.36
2025-04-12,East,Apparel,WEST_DC,6,182.39
2025-04-12,East,Apparel,CENTRAL_DC,2,60.78
2025-04-12,East,Accessories,EAST_DC,3,47.69
2025-04-12,Central,Electronics,CENTRAL_DC,21,2616.7
2025-04-12,Central,Electronics,WEST_DC,3,360.01
2025-04-12,Central,Electronics,EAST_DC,6,722.77
2025-04-12,Central,Home,CENTRAL_DC,12,542.93
2025-04-12,Central,Home,WEST_DC,3,134.81
2025-04-12,Central,Home,EAST_DC,1,46.06
2025-04-12,Central,Apparel,CENTRAL_DC,24,697.92
2025-04-12,Central,Apparel,WEST_DC,3,90.76
2025-04-12,Central,Apparel,EAST_DC,7,209.39
2025-04-12,Central,Accessories,CENTRAL_DC,3,46.07
2025-04-13,West,Electronics,WEST_DC,17,1992.12
2025-04-13,West,Electronics,EAST_DC,4,454.61
2025-04-13,West,Electronics,CENTRAL_DC,7,840.18
2025-04-13,West,Home,WEST_DC,24,1096.94
2025-04-13,West,Home,EAST_DC,5,223.27
2025-04-13,West,Home,CENTRAL_DC,2,89.08
2025-04-13,West,Apparel,WEST_DC,21,627.2
2025-04-13,West,Apparel,EAST_DC,2,58.64
2025-04-13,West,Apparel,CENTRAL_DC,3,89.65
2025-04-13,West,Accessories,WEST_DC,1,15.55
2025-04-13,East,Electronics,EAST_DC,23,2785.08
2025-04-13,East,Electronics,WEST_DC,6,735.64
2025-04-13,East,Electronics,CENTRAL_DC,4,499.77
2025-04-13,East,Home,EAST_DC,24,1132.49
2025-04-13,East,Home,CENTRAL_DC,2,89.83
2025-04-13,East,Apparel,EAST_DC,22,639.9
2025-04-13,East,Apparel,WEST_DC,3,92.43
2025-04-13,East,Apparel,CENTRAL_DC,6,172.05
2025-04-13,East,Accessories,EAST_DC,2,28.48
2025-04-13,Central,Electronics,CENTRAL_DC,31,3629.17
2025-04-13,Central,Electronics,WEST_DC,3,352.37
2025-04-13,Central,Electronics,EAST_DC,1,120.68
2025-04-13,Central,Home,CENTRAL_DC,13,584.85
2025-04-13,Central,Home,WEST_DC,3,132.79
2025-04-13,Central,Home,EAST_DC,4,186.74
2025-04-13,Central,Apparel,CENTRAL_DC,32,969.23
2025-04-13,Central,Apparel,WEST_DC,4,122.16
2025-04-13,Central,Apparel,EAST_DC,5,152.48
2025-04-13,Central,Accessories,CENTRAL_DC,3,45.68
2025-04-13,Central,Accessories,WEST_DC,1,15.96
2025-04-13,Central,Accessories,EAST_DC,1,14.84
2025-04-14,West,Electronics,WEST_DC,43,5144.15
2025-04-14,West,Electronics,EAST_DC,1,119.31
2025-04-14,West,Electronics,CENTRAL_DC,4,463.0
2025-04-14,West,Home,WEST_DC,17,746.42
2025-04-14,West,Home,EAST_DC,3,136.59
2025-04-14,West,Home,CENTRAL_DC,3,136.39
2025-04-14,West,Apparel,WEST_DC,24,698.66
2025-04-14,West,Apparel,EAST_DC,4,120.55
2025-04-14,West,Apparel,CENTRAL_DC,2,64.24
2025-04-14,West,Accessories,WEST_DC,2,27.74
2025-04-14,East,Electronics,EAST_DC,34,4053.16
2025-04-14,East,Electronics,WEST_DC,8,1011.62
2025-04-14,East,Electronics,CENTRAL_DC,2,240.95
2025-04-14,East,Home,EAST_DC,24,1050.05
2025-04-14,East,Home,CENTRAL_DC,1,43.28
2025-04-14,East,Apparel,EAST_DC,36,1114.42
2025-04-14,East,Apparel,WEST_DC,1,29.68
2025-04-14,East,Apparel,CENTRAL_DC,7,229.19
2025-04-14,East,Accessories,EAST_DC,5,71.96
2025-04-14,Central,Electronics,CENTRAL_DC,29,3404.44
2025-04-14,Central,Electronics,WEST_DC,5,584.34
2025-04-14,Central,Electronics,EAST_DC,7,821.98
2025-04-14,Central,Home,CENTRAL_DC,23,1023.61
2025-04-14,Central,Home,WEST_DC,4,175.67
2025-04-14,Central,Home,EAST_DC,3,138.24
2025-04-14,Central,Apparel,CENTRAL_DC,21,656.09
2025-04-14,Central,Apparel,WEST_DC,2,60.95
2025-04-14,Central,Apparel,EAST_DC,2,59.85
2025-04-14,Central,Accessories,CENTRAL_DC,5,77.11
2025-04-15,West,Electronics,WEST_DC,33,3936.66
2025-04-15,West,Electronics,EAST_DC,4,517.7
2025-04-15,West,Electronics,CENTRAL_DC,5,603.28
2025-04-15,West,Home,WEST_DC,21,951.09
2025-04-15,West,Home,EAST_DC,2,92.79
2025-04-15,West,Home,CENTRAL_DC,2,93.43
2025-04-15,West,Apparel,WEST_DC,24,718.85
2025-04-15,West,Apparel,EAST_DC,3,85.3
2025-04-15,West,Apparel,CENTRAL_DC,6,184.47
2025-04-15,West,Accessories,WEST_DC,4,58.61
2025-04-15,West,Accessories,EAST_DC,1,15.49
2025-04-15,West,Accessories,CENTRAL_DC,1,14.05
2025-04-15,East,Electronics,EAST_DC,27,3272.29
2025-04-15,East,Electronics,WEST_DC,3,347.22
2025-04-15,East,Electronics,CENTRAL_DC,3,354.74
2025-04-15,East,Home,EAST_DC,20,972.79
2025-04-15,East,Home,WEST_DC,4,177.77
2025-04-15,East,Home,CENTRAL_DC,5,228.04
2025-04-15,East,Apparel,EAST_DC,20,618.66
2025-04-15,East,Apparel,WEST_DC,8,236.01
2025-04-15,East,Apparel,CENTRAL_DC,6,166.97
2025-04-15,East,Accessories,EAST_DC,1,14.94
2025-04-15,Central,Electronics,CENTRAL_DC,33,3996.3
2025-04-15,Central,Electronics,WEST_DC,7,827.87
2025-04-15,Central,Electronics,EAST_DC,6,720.44
2025-04-15,Central,Home,CENTRAL_DC,22,990.8
2025-04-15,Central,Home,WEST_DC,2,86.6
2025-04-15,Central,Home,EAST_DC,2,85.58
2025-04-15,Central,Apparel,CENTRAL_DC,35,1058.4
2025-04-15,Central,Apparel,WEST_DC,2,58.53
2025-04-15,Central,Apparel,EAST_DC,3,90.53
2025-04-15,Central,Accessories,CENTRAL_DC,5,69.72
2025-04-16,West,Electronics,WEST_DC,29,3442.73
2025-04-16,West,Electronics,EAST_DC,7,886.59
2025-04-16,West,Electronics,CENTRAL_DC,7,865.45
2025-04-16,West,Home,WEST_DC,28,1231.67
2025-04-16,West,Home,EAST_DC,1,43.11
2025-04-16,West,Home,CENTRAL_DC,4,183.06
2025-04-16,West,Apparel,WEST_DC,35,1063.91
2025-04-16,West,Apparel,EAST_DC,3,88.36
2025-04-16,West,Apparel,CENTRAL_DC,2,61.14
2025-04-16,West,Accessories,WEST_DC,2,29.34
2025-04-16,West,Accessories,EAST_DC,1,13.69
2025-04-16,East,Electronics,EAST_DC,26,3241.42
2025-04-16,East,Electronics,WEST_DC,8,964.61
2025-04-16,East,Electronics,CENTRAL_DC,6,747.73
2025-04-16,East,Home,EAST_DC,18,834.22
2025-04-16,East,Home,WEST_DC,1,44.65
2025-04-16,East,Home,CENTRAL_DC,1,45.24
2025-04-16,East,Apparel,EAST_DC,30,863.39
2025-04-16,East,Apparel,WEST_DC,4,117.85
2025-04-16,East,Apparel,CENTRAL_DC,1,29.68
2025-04-16,East,Accessories,EAST_DC,2,31.01
2025-04-16,East,Accessories,WEST_DC,1,14.55
2025-04-16,East,Accessories,CENTRAL_DC,1,14.62
2025-04-16,Central,Electronics,CENTRAL_DC,33,3918.62
2025-04-16,Central,Electronics,WEST_DC,2,245.99
2025-04-16,Central,Electronics,EAST_DC,2,248.37
2025-04-16,Central,Home,CENTRAL_DC,25,1143.24
2025-04-16,Central,Home,WEST_DC,4,178.62
2025-04-16,Central,Home,EAST_DC,2,92.26
2025-04-16,Central,Apparel,CENTRAL_DC,26,747.81
2025-04-16,Central,Apparel,WEST_DC,3,92.29
2025-04-16,Central,Apparel,EAST_DC,2,59.14
2025-04-16,Central,Accessories,CENTRAL_DC,3,43.93
2025-04-16,Central,Accessories,EAST_DC,1,14.18
2025-04-17,West,Electronics,WEST_DC,22,2632.74
2025-04-17,West,Electronics,EAST_DC,8,989.6
2025-04-17,West,Electronics,CENTRAL_DC,5,629.21
2025-04-17,West,Home,WEST_DC,22,1039.96
2025-04-17,West,Home,EAST_DC,2,90.12
2025-04-17,West,Home,CENTRAL_DC,4,179.34
2025-04-17,West,Apparel,WEST_DC,27,795.17
2025-04-17,West,Apparel,EAST_DC,8,255.75
2025-04-17,West,Apparel,CENTRAL_DC,2,61.14
2025-04-17,West,Accessories,WEST_DC,4,58.79
2025-04-17,West,Accessories,CENTRAL_DC,1,14.26
2025-04-17,East,Electronics,EAST_DC,26,3172.04
2025-04-17,East,Electronics,WEST_DC,11,1292.25
2025-04-17,East,Electronics,CENTRAL_DC,6,731.6
2025-04-17,East,Home,EAST_DC,30,1286.4
2025-04-17,East,Home,WEST_DC,2,87.12
2025-04-17,East,Home,CENTRAL_DC,4,178.54
2025-04-17,East,Apparel,EAST_DC,21,649.46
2025-04-17,East,Apparel,WEST_DC,3,90.81
2025-04-17,East,Apparel,CENTRAL_DC,6,177.11
2025-04-17,East,Accessories,EAST_DC,6,87.0
2025-04-17,East,Accessories,CENTRAL_DC,1,15.46
2025-04-17,Central,Electronics,CENTRAL_DC,24,2983.05
2025-04-17,Central,Electronics,WEST_DC,8,990.1
2025-04-17,Central,Electronics,EAST_DC,2,240.01
2025-04-17,Central,Home,CENTRAL_DC,15,662.2
2025-04-17,Central,Home,WEST_DC,5,218.52
2025-04-17,Central,Home,EAST_DC,2,88.76
2025-04-17,Central,Apparel,CENTRAL_DC,34,997.84
2025-04-17,Central,Apparel,WEST_DC,6,183.87
2025-04-17,Central,Apparel,EAST_DC,3,92.58
2025-04-17,Central,Accessories,CENTRAL_DC,3,45.62
2025-04-17,Central,Accessories,WEST_DC,2,29.54
2025-04-17,Central,Accessories,EAST_DC,1,15.47
2025-04-18,West,Electronics,WEST_DC,28,3350.01
2025-04-18,West,Electronics,EAST_DC,5,595.34
2025-04-18,West,Electronics,CENTRAL_DC,6,726.36
2025-04-18,West,Home,WEST_DC,28,1209.99
2025-04-18,West,Home,EAST_DC,1,47.24
2025-04-18,West,Home,CENTRAL_DC,2,88.54
2025-04-18,West,Apparel,WEST_DC,31,902.98
2025-04-18,West,Apparel,EAST_DC,1,31.56
2025-04-18,West,Apparel,CENTRAL_DC,5,150.51
2025-04-18,West,Accessories,WEST_DC,5,79.75
2025-04-18,West,Accessories,EAST_DC,1,14.17
2025-04-18,West,Accessories,CENTRAL_DC,1,15.23
2025-04-18,East,Electronics,EAST_DC,24,2896.07
2025-04-18,East,Electronics,WEST_DC,3,371.8
2025-04-18,East,Electronics,CENTRAL_DC,6,747.41
2025-04-18,East,Home,EAST_DC,27,1157.79
2025-04-18,East,Home,WEST_DC,2,84.54
2025-04-18,East,Home,CENTRAL_DC,1,45.09
2025-04-18,East,Apparel,EAST_DC,22,667.34
2025-04-18,East,Apparel,WEST_DC,6,174.24
2025-04-18,East,Apparel,CENTRAL_DC,3,91.24
2025-04-18,East,Accessories,EAST_DC,4,62.57
2025-04-18,East,Accessories,WEST_DC,1,14.6
2025-04-18,East,Accessories,CENTRAL_DC,1,14.93
2025-04-18,Central,Electronics,CENTRAL_DC,25,2883.53
2025-04-18,Central,Electronics,WEST_DC,6,699.44
2025-04-18,Central,Electronics,EAST_DC,1,121.96
2025-04-18,Central,Home,CENTRAL_DC,25,1106.32
2025-04-18,Central,Home,WEST_DC,2,90.5
2025-04-18,Central,Home,EAST_DC,4,171.63
2025-04-18,Central,Apparel,CENTRAL_DC,27,796.41
2025-04-18,Central,Apparel,WEST_DC,3,89.54
2025-04-18,Central,Apparel,EAST_DC,2,63.14
2025-04-18,Central,Accessories,CENTRAL_DC,3,46.72
2025-04-18,Central,Accessories,WEST_DC,1,15.24
2025-04-19,West,Electronics,WEST_DC,25,3138.12
2025-04-19,West,Electronics,EAST_DC,4,498.96
2025-04-19,West,Electronics,CENTRAL_DC,6,734.63
2025-04-19,West,Home,WEST_DC,13,593.68
2025-04-19,West,Home,EAST_DC,1,46.74
2025-04-19,West,Home,CENTRAL_DC,2,91.56
2025-04-19,West,Apparel,WEST_DC,25,763.54
2025-04-19,West,Apparel,EAST_DC,2,61.97
2025-04-19,West,Apparel,CENTRAL_DC,3,86.94
2025-04-19,West,Accessories,WEST_DC,6,85.32
2025-04-19,East,Electronics,EAST_DC,26,3033.57
2025-04-19,East,Electronics,WEST_DC,3,376.71
2025-04-19,East,Electronics,CENTRAL_DC,2,242.09
2025-04-19,East,Home,EAST_DC,24,1132.95
2025-04-19,East,Home,WEST_DC,1,46.3
2025-04-19,East,Home,CENTRAL_DC,3,134.38
2025-04-19,East,Apparel,EAST_DC,14,401.63
2025-04-19,East,Apparel,WEST_DC,4,119.16
2025-04-19,East,Apparel,CENTRAL_DC,1,32.81
2025-04-19,East,Accessories,EAST_DC,1,15.38
2025-04-19,Central,Electronics,CENTRAL_DC,26,3146.87
2025-04-19,Central,Electronics,WEST_DC,3,374.93
2025-04-19,Central,Electronics,EAST_DC,1,121.15
2025-04-19,Central,Home,CENTRAL_DC,17,756.4
2025-04-19,Central,Home,EAST_DC,3,133.94
2025-04-19,Central,Apparel,CENTRAL_DC,23,663.39
2025-04-19,Central,Apparel,WEST_DC,5,154.3
2025-04-19,Central,Apparel,EAST_DC,2,55.6
2025-04-19,Central,Accessories,CENTRAL_DC,1,15.83
2025-04-20,West,Electronics,WEST_DC,21,2501.12
2025-04-20,West,Electronics,EAST_DC,5,564.6
2025-04-20,West,Electronics,CENTRAL_DC,2,240.73
2025-04-20,West,Home,WEST_DC,22,978.69
2025-04-20,West,Home,EAST_DC,1,47.68
2025-04-20,West,Home,CENTRAL_DC,4,180.04
2025-04-20,West,Apparel,WEST_DC,30,867.38
2025-04-20,West,Apparel,EAST_DC,2,58.91
2025-04-20,West,Apparel,CENTRAL_DC,3,93.38
2025-04-20,West,Accessories,WEST_DC,3,44.14
2025-04-20,West,Accessories,EAST_DC,2,29.14
2025-04-20,East,Electronics,EAST_DC,20,2395.2
2025-04-20,East,Electronics,WEST_DC,3,361.95
2025-04-20,East,Electronics,CENTRAL_DC,2,236.23
2025-04-20,East,Home,EAST_DC,17,775.52
2025-04-20,East,Home,WEST_DC,5,218.74
2025-04-20,East,Home,CENTRAL_DC,2,91.01
2025-04-20,East,Apparel,EAST_DC,20,592.17
2025-04-20,East,Apparel,WEST_DC,2,60.34
2025-04-20,East,Apparel,CENTRAL_DC,4,119.56
2025-04-20,East,Accessories,EAST_DC,2,29.88
2025-04-20,Central,Electronics,CENTRAL_DC,27,3112.46
2025-04-20,Central,Electronics,WEST_DC,4,462.76
2025-04-20,Central,Electronics,EAST_DC,1,119.19
2025-04-20,Central,Home,CENTRAL_DC,22,957.51
2025-04-20,Central,Home,WEST_DC,1,43.18
2025-04-20,Central,Apparel,CENTRAL_DC,24,707.5
2025-04-20,Central,Apparel,WEST_DC,4,122.45
2025-04-20,Central,Apparel,EAST_DC,1,30.98
2025-04-20,Central,Accessories,CENTRAL_DC,3,45.75
2025-04-21,West,Electronics,WEST_DC,23,2883.83
2025-04-21,West,Electronics,EAST_DC,6,719.26
2025-04-21,West,Electronics,CENTRAL_DC,6,723.54
2025-04-21,West,Home,WEST_DC,21,973.98
2025-04-21,West,Home,EAST_DC,7,291.02
2025-04-21,West,Home,CENTRAL_DC,2,88.92
2025-04-21,West,Apparel,WEST_DC,31,932.01
2025-04-21,West,Apparel,EAST_DC,3,90.17
2025-04-21,West,Apparel,CENTRAL_DC,3,95.03
2025-04-21,West,Accessories,WEST_DC,5,73.73
2025-04-21,East,Electronics,EAST_DC,34,4098.98
2025-04-21,East,Electronics,WEST_DC,3,362.59
2025-04-21,East,Electronics,CENTRAL_DC,5,589.98
2025-04-21,East,Home,EAST_DC,23,1056.93
2025-04-21,East,Home,WEST_DC,3,137.11
2025-04-21,East,Home,CENTRAL_DC,1,44.21
2025-04-21,East,Apparel,EAST_DC,32,928.65
2025-04-21,East,Apparel,WEST_DC,4,116.67
2025-04-21,East,Apparel,CENTRAL_DC,3,88.85
2025-04-21,East,Accessories,EAST_DC,3,44.04
2025-04-21,Central,Electronics,CENTRAL_DC,30,3478.11
2025-04-21,Central,Electronics,WEST_DC,2,229.33
2025-04-21,Central,Electronics,EAST_DC,1,121.11
2025-04-21,Central,Home,CENTRAL_DC,28,1250.15
2025-04-21,Central,Home,WEST_DC,3,129.73
2025-04-21,Central,Home,EAST_DC,4,183.76
2025-04-21,Central,Apparel,CENTRAL_DC,29,875.36
2025-04-21,Central,Apparel,WEST_DC,4,120.5
2025-04-21,Central,Apparel,EAST_DC,5,146.93
2025-04-21,Central,Accessories,CENTRAL_DC,4,59.06
2025-04-22,West,Electronics,WEST_DC,21,2481.19
2025-04-22,West,Electronics,EAST_DC,8,1005.53
2025-04-22,West,Electronics,CENTRAL_DC,6,729.33
2025-04-22,West,Home,WEST_DC,24,1071.35
2025-04-22,West,Home,EAST_DC,4,178.73
2025-04-22,West,Home,CENTRAL_DC,2,88.55
2025-04-22,West,Apparel,WEST_DC,19,572.4
2025-04-22,West,Apparel,EAST_DC,2,63.99
2025-04-22,West,Apparel,CENTRAL_DC,6,180.05
2025-04-22,West,Accessories,WEST_DC,2,29.82
2025-04-22,East,Electronics,EAST_DC,22,2726.76
2025-04-22,East,Electronics,WEST_DC,8,962.1
2025-04-22,East,Electronics,CENTRAL_DC,4,477.62
2025-04-22,East,Home,EAST_DC,23,1069.97
2025-04-22,East,Home,WEST_DC,7,303.57
2025-04-22,East,Home,CENTRAL_DC,4,179.32
2025-04-22,East,Apparel,EAST_DC,28,831.72
2025-04-22,East,Apparel,WEST_DC,2,58.22
2025-04-22,East,Apparel,CENTRAL_DC,4,126.39
2025-04-22,East,Accessories,EAST_DC,3,43.94
2025-04-22,East,Accessories,CENTRAL_DC,1,14.34
2025-04-22,Central,Electronics,CENTRAL_DC,34,4322.67
2025-04-22,Central,Electronics,WEST_DC,3,339.0
2025-04-22,Central,Electronics,EAST_DC,6,769.12
2025-04-22,Central,Home,CENTRAL_DC,27,1212.76
2025-04-22,Central,Home,WEST_DC,3,127.15
2025-04-22,Central,Home,EAST_DC,3,135.3
2025-04-22,Central,Apparel,CENTRAL_DC,32,1005.94
2025-04-22,Central,Apparel,WEST_DC,1,30.04
2025-04-22,Central,Apparel,EAST_DC,4,120.18
2025-04-22,Central,Accessories,CENTRAL_DC,4,58.19
2025-04-22,Central,Accessories,EAST_DC,1,14.7
2025-04-23,West,Electronics,WEST_DC,42,5290.87
2025-04-23,West,Electronics,EAST_DC,2,247.48
2025-04-23,West,Electronics,CENTRAL_DC,1,124.33
2025-04-23,West,Home,WEST_DC,24,1079.57
2025-04-23,West,Home,EAST_DC,3,134.27
2025-04-23,West,Home,CENTRAL_DC,8,349.59
2025-04-23,West,Apparel,WEST_DC,29,844.4
2025-04-23,West,Apparel,EAST_DC,3,91.73
2025-04-23,West,Apparel,CENTRAL_DC,3,94.75
2025-04-23,West,Accessories,WEST_DC,2,31.83
2025-04-23,East,Electronics,EAST_DC,30,3672.52
2025-04-23,East,Electronics,WEST_DC,2,241.56
2025-04-23,East,Electronics,CENTRAL_DC,4,467.31
2025-04-23,East,Home,EAST_DC,26,1204.38
2025-04-23,East,Home,WEST_DC,3,131.53
2025-04-23,East,Home,CENTRAL_DC,4,176.88
2025-04-23,East,Apparel,EAST_DC,25,776.37
2025-04-23,East,Apparel,WEST_DC,3,93.01
2025-04-23,East,Apparel,CENTRAL_DC,5,150.12
2025-04-23,East,Accessories,EAST_DC,5,76.76
2025-04-23,East,Accessories,CENTRAL_DC,1,16.18
2025-04-23,Central,Electronics,CENTRAL_DC,38,4560.34
2025-04-23,Central,Electronics,WEST_DC,6,697.13
2025-04-23,Central,Electronics,EAST_DC,4,484.5
2025-04-23,Central,Home,CENTRAL_DC,30,1361.01
2025-04-23,Central,Home,EAST_DC,1,43.11
2025-04-23,Central,Apparel,CENTRAL_DC,28,843.29
2025-04-23,Central,Apparel,WEST_DC,3,92.06
2025-04-23,Central,Apparel,EAST_DC,5,143.45
2025-04-23,Central,Accessories,CENTRAL_DC,5,72.84
2025-04-24,West,Electronics,WEST_DC,47,5118.39
2025-04-24,West,Electronics,EAST_DC,2,257.43
2025-04-24,West,Electronics,CENTRAL_DC,7,844.61
2025-04-24,West,Home,WEST_DC,20,866.8
2025-04-24,West,Home,EAST_DC,2,90.76
2025-04-24,West,Home,CENTRAL_DC,3,140.8
2025-04-24,West,Apparel,WEST_DC,22,652.61
2025-04-24,West,Apparel,CENTRAL_DC,1,29.94
2025-04-24,West,Accessories,WEST_DC,4,58.88
2025-04-24,West,Accessories,EAST_DC,1,15.01
2025-04-24,East,Electronics,EAST_DC,41,5106.1
2025-04-24,East,Electronics,WEST_DC,6,739.01
2025-04-24,East,Electronics,CENTRAL_DC,4,479.54
2025-04-24,East,Home,EAST_DC,28,1206.53
2025-04-24,East,Home,WEST_DC,7,310.24
2025-04-24,East,Home,CENTRAL_DC,9,407.96
2025-04-24,East,Apparel,EAST_DC,24,728.47
2025-04-24,East,Apparel,WEST_DC,2,58.47
2025-04-24,East,Apparel,CENTRAL_DC,3,89.34
2025-04-24,East,Accessories,EAST_DC,3,44.5
2025-04-24,East,Accessories,WEST_DC,3,44.79
2025-04-24,East,Accessories,CENTRAL_DC,2,30.39
2025-04-24,Central,Electronics,CENTRAL_DC,35,4022.88
2025-04-24,Central,Electronics,WEST_DC,4,473.32
2025-04-24,Central,Electronics,EAST_DC,3,350.19
2025-04-24,Central,Home,CENTRAL_DC,29,1310.15
2025-04-24,Central,Home,WEST_DC,4,173.5
2025-04-24,Central,Home,EAST_DC,3,133.28
2025-04-24,Central,Apparel,CENTRAL_DC,34,1055.66
2025-04-24,Central,Apparel,WEST_DC,1,28.62
2025-04-24,Central,Apparel,EAST_DC,4,119.12
2025-04-24,Central,Accessories,CENTRAL_DC,2,30.74
2025-04-24,Central,Accessories,WEST_DC,1,14.33
2025-04-25,West,Electronics,WEST_DC,30,3565.82
2025-04-25,West,Electronics,EAST_DC,2,233.72
2025-04-25,West,Electronics,CENTRAL_DC,3,363.56
2025-04-25,West,Home,WEST_DC,19,777.39
2025-04-25,West,Home,EAST_DC,6,265.11
2025-04-25,West,Home,CENTRAL_DC,1,43.45
2025-04-25,West,Apparel,WEST_DC,29,859.49
2025-04-25,West,Apparel,CENTRAL_DC,1,30.09
2025-04-25,West,Accessories,WEST_DC,7,105.94
2025-04-25,West,Accessories,CENTRAL_DC,1,15.29
2025-04-25,East,Electronics,EAST_DC,39,4928.34
2025-04-25,East,Electronics,WEST_DC,5,583.36
2025-04-25,East,Electronics,CENTRAL_DC,4,469.53
2025-04-25,East,Home,EAST_DC,27,1226.39
2025-04-25,East,Home,WEST_DC,2,91.23
2025-04-25,East,Home,CENTRAL_DC,1,44.72
2025-04-25,East,Apparel,EAST_DC,27,802.65
2025-04-25,East,Apparel,WEST_DC,2,59.34
2025-04-25,East,Accessories,EAST_DC,6,84.18
2025-04-25,East,Accessories,CENTRAL_DC,1,15.31
2025-04-25,Central,Electronics,CENTRAL_DC,19,2316.36
2025-04-25,Central,Electronics,WEST_DC,6,744.41
2025-04-25,Central,Electronics,EAST_DC,7,848.33
2025-04-25,Central,Home,CENTRAL_DC,27,1210.13
2025-04-25,Central,Home,WEST_DC,4,184.47
2025-04-25,Central,Home,EAST_DC,4,170.79
2025-04-25,Central,Apparel,CENTRAL_DC,22,677.76
2025-04-25,Central,Apparel,WEST_DC,3,88.17
2025-04-25,Central,Apparel,EAST_DC,1,29.49
2025-04-25,Central,Accessories,CENTRAL_DC,6,87.36
2025-04-26,West,Electronics,WEST_DC,26,2967.5
2025-04-26,West,Electronics,EAST_DC,2,253.69
2025-04-26,West,Electronics,CENTRAL_DC,3,343.02
2025-04-26,West,Home,WEST_DC,24,1054.32
2025-04-26,West,Home,EAST_DC,1,43.14
2025-04-26,West,Home,CENTRAL_DC,3,139.59
2025-04-26,West,Apparel,WEST_DC,16,486.69
2025-04-26,West,Apparel,EAST_DC,4,118.67
2025-04-26,West,Apparel,CENTRAL_DC,5,147.49
2025-04-26,West,Accessories,WEST_DC,4,59.77
2025-04-26,East,Electronics,EAST_DC,28,3538.36
2025-04-26,East,Electronics,WEST_DC,3,362.18
2025-04-26,East,Electronics,CENTRAL_DC,4,490.11
2025-04-26,East,Home,EAST_DC,16,685.3
2025-04-26,East,Home,WEST_DC,3,138.6
2025-04-26,East,Home,CENTRAL_DC,2,90.11
2025-04-26,East,Apparel,EAST_DC,17,509.56
2025-04-26,East,Apparel,WEST_DC,1,28.77
2025-04-26,East,Apparel,CENTRAL_DC,3,90.27
2025-04-26,East,Accessories,EAST_DC,3,44.61
2025-04-26,Central,Electronics,CENTRAL_DC,20,2450.99
2025-04-26,Central,Electronics,WEST_DC,4,472.65
2025-04-26,Central,Electronics,EAST_DC,2,231.23
2025-04-26,Central,Home,CENTRAL_DC,21,912.48
2025-04-26,Central,Home,WEST_DC,1,44.89
2025-04-26,Central,Home,EAST_DC,3,132.97
2025-04-26,Central,Apparel,CENTRAL_DC,13,381.09
2025-04-26,Central,Apparel,WEST_DC,1,31.35
2025-04-26,Central,Apparel,EAST_DC,3,87.69
2025-04-26,Central,Accessories,CENTRAL_DC,4,60.25
2025-04-26,Central,Accessories,WEST_DC,1,14.38
2025-04-27,West,Electronics,WEST_DC,27,3192.32
2025-04-27,West,Electronics,EAST_DC,5,583.26
2025-04-27,West,Electronics,CENTRAL_DC,3,361.97
2025-04-27,West,Home,WEST_DC,16,729.98
2025-04-27,West,Home,EAST_DC,3,134.69
2025-04-27,West,Home,CENTRAL_DC,3,128.28
2025-04-27,West,Apparel,WEST_DC,20,579.39
2025-04-27,West,Apparel,EAST_DC,4,123.6
2025-04-27,West,Apparel,CENTRAL_DC,2,56.46
2025-04-27,West,Accessories,WEST_DC,2,30.24
2025-04-27,West,Accessories,CENTRAL_DC,1,15.22
2025-04-27,East,Electronics,EAST_DC,26,3227.61
2025-04-27,East,Electronics,WEST_DC,3,359.53
2025-04-27,East,Electronics,CENTRAL_DC,2,248.99
2025-04-27,East,Home,EAST_DC,16,670.49
2025-04-27,East,Home,WEST_DC,3,131.02
2025-04-27,East,Home,CENTRAL_DC,3,140.61
2025-04-27,East,Apparel,EAST_DC,21,619.25
2025-04-27,East,Apparel,WEST_DC,2,63.74
2025-04-27,East,Apparel,CENTRAL_DC,1,29.22
2025-04-27,East,Accessories,EAST_DC,2,29.17
2025-04-27,East,Accessories,WEST_DC,1,14.45
2025-04-27,Central,Electronics,CENTRAL_DC,34,4119.31
2025-04-27,Central,Electronics,WEST_DC,2,231.96
2025-04-27,Central,Electronics,EAST_DC,1,115.54
2025-04-27,Central,Home,CENTRAL_DC,17,758.88
2025-04-27,Central,Home,WEST_DC,4,179.1
2025-04-27,Central,Apparel,CENTRAL_DC,26,844.74
2025-04-27,Central,Apparel,WEST_DC,5,154.1
2025-04-27,Central,Apparel,EAST_DC,3,87.08
2025-04-27,Central,Accessories,CENTRAL_DC,5,75.39
2025-04-27,Central,Accessories,EAST_DC,1,14.77
2025-04-28,West,Electronics,WEST_DC,27,3238.02
2025-04-28,West,Electronics,CENTRAL_DC,1,120.27
2025-04-28,West,Home,WEST_DC,24,1139.69
2025-04-28,West,Home,CENTRAL_DC,3,138.19
2025-04-28,West,Apparel,WEST_DC,37,1116.28
2025-04-28,West,Apparel,EAST_DC,6,179.46
2025-04-28,West,Apparel,CENTRAL_DC,5,150.26
2025-04-28,West,Accessories,WEST_DC,4,62.26
2025-04-28,West,Accessories,EAST_DC,1,15.17
2025-04-28,West,Accessories,CENTRAL_DC,1,14.78
2025-04-28,East,Electronics,EAST_DC,35,4087.58
2025-04-28,East,Electronics,WEST_DC,6,760.67
2025-04-28,East,Electronics,CENTRAL_DC,4,481.4
2025-04-28,East,Home,EAST_DC,21,982.4
2025-04-28,East,Home,WEST_DC,3,139.93
2025-04-28,East,Home,CENTRAL_DC,1,45.75
2025-04-28,East,Apparel,EAST_DC,28,876.76
2025-04-28,East,Apparel,WEST_DC,6,178.89
2025-04-28,East,Apparel,CENTRAL_DC,4,118.87
2025-04-28,East,Accessories,EAST_DC,4,58.9
2025-04-28,Central,Electronics,CENTRAL_DC,29,3539.52
2025-04-28,Central,Electronics,WEST_DC,7,844.75
2025-04-28,Central,Electronics,EAST_DC,6,722.36
2025-04-28,Central,Home,CENTRAL_DC,31,1501.88
2025-04-28,Central,Home,WEST_DC,4,178.47
2025-04-28,Central,Home,EAST_DC,4,181.1
2025-04-28,Central,Apparel,CENTRAL_DC,23,699.08
2025-04-28,Central,Apparel,WEST_DC,3,85.55
2025-04-28,Central,Apparel,EAST_DC,3,94.73
2025-04-28,Central,Accessories,CENTRAL_DC,6,87.03
2025-04-28,Central,Accessories,WEST_DC,1,14.46
2025-04-28,Central,Accessories,EAST_DC,2,28.85
2025-04-29,West,Electronics,WEST_DC,36,4233.07
2025-04-29,West,Electronics,EAST_DC,5,588.83
2025-04-29,West,Electronics,CENTRAL_DC,3,344.82
2025-04-29,West,Home,WEST_DC,22,981.19
2025-04-29,West,Home,EAST_DC,4,190.02
2025-04-29,West,Home,CENTRAL_DC,6,262.06
2025-04-29,West,Apparel,WEST_DC,35,1062.85
2025-04-29,West,Apparel,EAST_DC,3,88.84
2025-04-29,West,Apparel,CENTRAL_DC,3,90.18
2025-04-29,West,Accessories,WEST_DC,4,59.59
2025-04-29,East,Electronics,EAST_DC,37,4463.57
2025-04-29,East,Electronics,WEST_DC,4,496.75
2025-04-29,East,Electronics,CENTRAL_DC,3,369.09
2025-04-29,East,Home,EAST_DC,22,953.9
2025-04-29,East,Home,WEST_DC,4,172.33
2025-04-29,East,Home,CENTRAL_DC,3,133.56
2025-04-29,East,Apparel,EAST_DC,31,937.34
2025-04-29,East,Apparel,WEST_DC,5,150.19
2025-04-29,East,Apparel,CENTRAL_DC,4,120.73
2025-04-29,East,Accessories,EAST_DC,6,92.9
2025-04-29,East,Accessories,CENTRAL_DC,2,29.72
2025-04-29,Central,Electronics,CENTRAL_DC,34,4048.77
2025-04-29,Central,Electronics,WEST_DC,5,597.54
2025-04-29,Central,Home,CENTRAL_DC,31,1403.65
2025-04-29,Central,Home,WEST_DC,2,89.88
2025-04-29,Central,Home,EAST_DC,2,86.57
2025-04-29,Central,Apparel,CENTRAL_DC,26,823.99
2025-04-29,Central,Apparel,WEST_DC,3,91.54
2025-04-29,Central,Apparel,EAST_DC,2,62.61
2025-04-29,Central,Accessories,CENTRAL_DC,4,60.4
2025-04-30,West,Electronics,WEST_DC,34,4144.17
2025-04-30,West,Electronics,EAST_DC,2,228.63
2025-04-30,West,Electronics,CENTRAL_DC,5,585.05
2025-04-30,West,Home,WEST_DC,36,1733.04
2025-04-30,West,Home,EAST_DC,4,180.38
2025-04-30,West,Home,CENTRAL_DC,1,45.67
2025-04-30,West,Apparel,WEST_DC,19,549.28
2025-04-30,West,Apparel,EAST_DC,2,59.27
2025-04-30,West,Apparel,CENTRAL_DC,2,58.85
2025-04-30,West,Accessories,WEST_DC,5,74.47
2025-04-30,East,Electronics,EAST_DC,12,1487.0
2025-04-30,East,Electronics,WEST_DC,10,1261.79
2025-04-30,East,Electronics,CENTRAL_DC,5,604.48
2025-04-30,East,Home,EAST_DC,20,907.89
2025-04-30,East,Home,WEST_DC,5,214.58
2025-04-30,East,Home,CENTRAL_DC,4,171.22
2025-04-30,East,Apparel,EAST_DC,26,758.84
2025-04-30,East,Apparel,WEST_DC,3,92.43
2025-04-30,East,Apparel,CENTRAL_DC,6,179.52
2025-04-30,East,Accessories,EAST_DC,4,59.75
2025-04-30,East,Accessories,WEST_DC,1,15.28
2025-04-30,East,Accessories,CENTRAL_DC,1,14.65
2025-04-30,Central,Electronics,CENTRAL_DC,30,3508.63
2025-04-30,Central,Electronics,WEST_DC,7,811.33
2025-04-30,Central,Electronics,EAST_DC,3,365.72
2025-04-30,Central,Home,CENTRAL_DC,19,871.62
2025-04-30,Central,Home,WEST_DC,5,226.52
2025-04-30,Central,Home,EAST_DC,4,177.51
2025-04-30,Central,Apparel,CENTRAL_DC,22,653.78
2025-04-30,Central,Apparel,WEST_DC,1,29.57
2025-04-30,Central,Apparel,EAST_DC,2,57.61
2025-04-30,Central,Accessories,CENTRAL_DC,4,60.02
2025-04-30,Central,Accessories,WEST_DC,2,30.19
2025-05-01,West,Electronics,WEST_DC,24,2907.95
2025-05-01,West,Electronics,EAST_DC,2,260.37
2025-05-01,West,Electronics,CENTRAL_DC,3,362.1
2025-05-01,West,Home,WEST_DC,23,1020.3
2025-05-01,West,Home,EAST_DC,1,44.74
2025-05-01,West,Home,CENTRAL_DC,4,172.31
2025-05-01,West,Apparel,WEST_DC,33,999.94
2025-05-01,West,Apparel,EAST_DC,1,30.76
2025-05-01,West,Apparel,CENTRAL_DC,3,91.28
2025-05-01,West,Accessories,WEST_DC,5,76.79
2025-05-01,West,Accessories,EAST_DC,1,15.48
2025-05-01,East,Electronics,EAST_DC,23,2698.95
2025-05-01,East,Electronics,WEST_DC,7,870.22
2025-05-01,East,Electronics,CENTRAL_DC,6,705.32
2025-05-01,East,Home,EAST_DC,27,1219.27
2025-05-01,East,Home,WEST_DC,6,270.98
2025-05-01,East,Home,CENTRAL_DC,4,181.11
2025-05-01,East,Apparel,EAST_DC,37,1103.28
2025-05-01,East,Apparel,WEST_DC,3,92.79
2025-05-01,East,Apparel,CENTRAL_DC,3,89.21
2025-05-01,East,Accessories,EAST_DC,4,57.44
2025-05-01,East,Accessories,CENTRAL_DC,1,14.86
2025-05-01,Central,Electronics,CENTRAL_DC,39,4859.85
2025-05-01,Central,Electronics,WEST_DC,1,123.91
2025-05-01,Central,Electronics,EAST_DC,3,362.44
2025-05-01,Central,Home,CENTRAL_DC,28,1301.86
2025-05-01,Central,Home,WEST_DC,2,93.17
2025-05-01,Central,Home,EAST_DC,2,87.71
2025-05-01,Central,Apparel,CENTRAL_DC,35,1084.32
2025-05-01,Central,Apparel,WEST_DC,6,180.55
2025-05-01,Central,Apparel,EAST_DC,3,96.28
2025-05-01,Central,Accessories,CENTRAL_DC,1,14.19
2025-05-02,West,Electronics,WEST_DC,32,3799.95
2025-05-02,West,Electronics,EAST_DC,4,483.51
2025-05-02,West,Electronics,CENTRAL_DC,7,842.44
2025-05-02,West,Home,WEST_DC,24,1050.83
2025-05-02,West,Home,EAST_DC,4,181.45
2025-05-02,West,Home,CENTRAL_DC,3,136.06
2025-05-02,West,Apparel,WEST_DC,29,858.98
2025-05-02,West,Apparel,EAST_DC,3,87.38
2025-05-02,West,Apparel,CENTRAL_DC,2,61.23
2025-05-02,West,Accessories,WEST_DC,2,30.18
2025-05-02,West,Accessories,EAST_DC,1,15.7
2025-05-02,East,Electronics,EAST_DC,40,4798.35
2025-05-02,East,Electronics,WEST_DC,3,376.67
2025-05-02,East,Electronics,CENTRAL_DC,2,240.02
2025-05-02,East,Home,EAST_DC,25,1118.61
2025-05-02,East,Home,WEST_DC,10,457.64
2025-05-02,East,Home,CENTRAL_DC,5,214.96
2025-05-02,East,Apparel,EAST_DC,30,862.79
2025-05-02,East,Apparel,WEST_DC,6,187.05
2025-05-02,East,Apparel,CENTRAL_DC,4,118.74
2025-05-02,East,Accessories,EAST_DC,4,60.61
2025-05-02,Central,Electronics,CENTRAL_DC,38,4663.12
2025-05-02,Central,Electronics,WEST_DC,7,794.98
2025-05-02,Central,Electronics,EAST_DC,5,567.95
2025-05-02,Central,Home,CENTRAL_DC,18,803.66
2025-05-02,Central,Home,WEST_DC,2,90.82
2025-05-02,Central,Home,EAST_DC,5,216.27
2025-05-02,Central,Apparel,CENTRAL_DC,20,592.48
2025-05-02,Central,Apparel,WEST_DC,4,118.48
2025-05-02,Central,Apparel,EAST_DC,5,151.27
2025-05-02,Central,Accessories,CENTRAL_DC,4,58.64
2025-05-02,Central,Accessories,WEST_DC,1,14.35
2025-05-03,West,Electronics,WEST_DC,24,2861.73
2025-05-03,West,Electronics,EAST_DC,5,552.21
2025-05-03,West,Electronics,CENTRAL_DC,4,463.63
2025-05-03,West,Home,WEST_DC,11,498.48
2025-05-03,West,Home,EAST_DC,3,134.92
2025-05-03,West,Home,CENTRAL_DC,3,138.01
2025-05-03,West,Apparel,WEST_DC,21,640.2
2025-05-03,West,Apparel,EAST_DC,5,144.52
2025-05-03,West,Apparel,CENTRAL_DC,6,177.15
2025-05-03,West,Accessories,WEST_DC,5,73.73
2025-05-03,West,Accessories,CENTRAL_DC,1,15.26
2025-05-03,East,Electronics,EAST_DC,19,2313.88
2025-05-03,East,Electronics,WEST_DC,2,247.12
2025-05-03,East,Electronics,CENTRAL_DC,2,241.08
2025-05-03,East,Home,EAST_DC,12,544.48
2025-05-03,East,Home,WEST_DC,1,40.98
2025-05-03,East,Home,CENTRAL_DC,2,90.17
2025-05-03,East,Apparel,EAST_DC,25,724.16
2025-05-03,East,Apparel,WEST_DC,5,155.35
2025-05-03,East,Apparel,CENTRAL_DC,1,29.95
2025-05-03,East,Accessories,EAST_DC,2,30.41
2025-05-03,East,Accessories,CENTRAL_DC,3,46.06
2025-05-03,Central,Electronics,CENTRAL_DC,16,1893.21
2025-05-03,Central,Electronics,WEST_DC,3,357.48
2025-05-03,Central,Electronics,EAST_DC,6,735.78
2025-05-03,Central,Home,CENTRAL_DC,14,619.52
2025-05-03,Central,Home,WEST_DC,1,44.37
2025-05-03,Central,Home,EAST_DC,3,136.57
2025-05-03,Central,Apparel,CENTRAL_DC,20,599.72
2025-05-03,Central,Apparel,WEST_DC,2,59.93
2025-05-03,Central,Apparel,EAST_DC,2,57.64
2025-05-03,Central,Accessories,CENTRAL_DC,2,31.24
2025-05-04,West,Electronics,WEST_DC,21,2483.47
2025-05-04,West,Electronics,EAST_DC,5,605.11
2025-05-04,West,Electronics,CENTRAL_DC,2,234.44
2025-05-04,West,Home,WEST_DC,19,860.55
2025-05-04,West,Home,EAST_DC,4,182.18
2025-05-04,West,Home,CENTRAL_DC,3,137.14
2025-05-04,West,Apparel,WEST_DC,29,872.69
2025-05-04,West,Apparel,EAST_DC,1,29.8
2025-05-04,West,Apparel,CENTRAL_DC,8,236.87
2025-05-04,West,Accessories,WEST_DC,2,30.53
2025-05-04,East,Electronics,EAST_DC,26,3217.85
2025-05-04,East,Electronics,WEST_DC,3,359.38
2025-05-04,East,Home,EAST_DC,12,537.94
2025-05-04,East,Home,WEST_DC,2,88.69
2025-05-04,East,Home,CENTRAL_DC,1,42.49
2025-05-04,East,Apparel,EAST_DC,21,605.46
2025-05-04,East,Apparel,WEST_DC,3,90.36
2025-05-04,East,Apparel,CENTRAL_DC,2,58.95
2025-05-04,East,Accessories,EAST_DC,5,77.0
2025-05-04,Central,Electronics,CENTRAL_DC,18,2124.67
2025-05-04,Central,Electronics,WEST_DC,6,693.72
2025-05-04,Central,Electronics,EAST_DC,4,499.07
2025-05-04,Central,Home,CENTRAL_DC,15,705.39
2025-05-04,Central,Home,EAST_DC,3,137.5
2025-05-04,Central,Apparel,CENTRAL_DC,25,759.5
2025-05-04,Central,Apparel,WEST_DC,3,87.77
2025-05-04,Central,Apparel,EAST_DC,1,30.72
2025-05-04,Central,Accessories,CENTRAL_DC,4,56.77
2025-05-04,Central,Accessories,EAST_DC,1,14.87
2025-05-05,West,Electronics,WEST_DC,42,4763.93
2025-05-05,West,Electronics,EAST_DC,3,353.2
2025-05-05,West,Electronics,CENTRAL_DC,6,698.63
2025-05-05,West,Home,WEST_DC,26,1151.45
2025-05-05,West,Home,EAST_DC,6,261.4
2025-05-05,West,Home,CENTRAL_DC,6,270.69
2025-05-05,West,Apparel,WEST_DC,24,716.99
2025-05-05,West,Apparel,EAST_DC,4,118.56
2025-05-05,West,Apparel,CENTRAL_DC,2,58.32
2025-05-05,West,Accessories,WEST_DC,6,90.25
2025-05-05,East,Electronics,EAST_DC,27,3217.68
2025-05-05,East,Electronics,WEST_DC,3,373.3
2025-05-05,East,Electronics,CENTRAL_DC,3,355.41
2025-05-05,East,Home,EAST_DC,26,1198.87
2025-05-05,East,Home,WEST_DC,3,136.42
2025-05-05,East,Home,CENTRAL_DC,2,87.64
2025-05-05,East,Apparel,EAST_DC,22,660.48
2025-05-05,East,Apparel,WEST_DC,3,89.55
2025-05-05,East,Apparel,CENTRAL_DC,4,116.91
2025-05-05,East,Accessories,EAST_DC,3,46.81
2025-05-05,Central,Electronics,CENTRAL_DC,30,3800.47
2025-05-05,Central,Electronics,WEST_DC,6,715.22
2025-05-05,Central,Electronics,EAST_DC,1,121.21
2025-05-05,Central,Home,CENTRAL_DC,26,1087.31
2025-05-05,Central,Home,WEST_DC,3,133.54
2025-05-05,Central,Home,EAST_DC,3,142.48
2025-05-05,Central,Apparel,CENTRAL_DC,21,597.56
2025-05-05,Central,Apparel,WEST_DC,4,117.42
2025-05-05,Central,Apparel,EAST_DC,3,92.45
2025-05-05,Central,Accessories,CENTRAL_DC,7,102.89
2025-05-05,Central,Accessories,WEST_DC,3,43.89
2025-05-05,Central,Accessories,EAST_DC,1,15.01
2025-05-06,West,Electronics,WEST_DC,32,3914.7
2025-05-06,West,Electronics,EAST_DC,1,122.01
2025-05-06,West,Electronics,CENTRAL_DC,4,468.13
2025-05-06,West,Home,WEST_DC,18,817.46
2025-05-06,West,Home,EAST_DC,8,362.01
2025-05-06,West,Home,CENTRAL_DC,5,228.69
2025-05-06,West,Apparel,WEST_DC,39,1215.49
2025-05-06,West,Apparel,EAST_DC,3,88.02
2025-05-06,West,Apparel,CENTRAL_DC,5,143.72
2025-05-06,West,Accessories,WEST_DC,3,43.4
2025-05-06,West,Accessories,CENTRAL_DC,1,14.88
2025-05-06,East,Electronics,EAST_DC,25,3034.81
2025-05-06,East,Electronics,WEST_DC,4,487.19
2025-05-06,East,Electronics,CENTRAL_DC,8,950.1
2025-05-06,East,Home,EAST_DC,16,732.18
2025-05-06,East,Home,WEST_DC,3,129.79
2025-05-06,East,Home,CENTRAL_DC,4,178.29
2025-05-06,East,Apparel,EAST_DC,42,1236.21
2025-05-06,East,Apparel,WEST_DC,3,87.49
2025-05-06,East,Apparel,CENTRAL_DC,3,92.45
2025-05-06,East,Accessories,EAST_DC,4,59.05
2025-05-06,Central,Electronics,CENTRAL_DC,25,2936.5
2025-05-06,Central,Electronics,WEST_DC,4,453.53
2025-05-06,Central,Electronics,EAST_DC,7,858.01
2025-05-06,Central,Home,CENTRAL_DC,11,488.55
2025-05-06,Central,Home,WEST_DC,3,133.4
2025-05-06,Central,Home,EAST_DC,1,45.12
2025-05-06,Central,Apparel,CENTRAL_DC,28,837.53
2025-05-06,Central,Apparel,WEST_DC,2,59.96
2025-05-06,Central,Apparel,EAST_DC,2,60.37
2025-05-06,Central,Accessories,CENTRAL_DC,7,98.29
2025-05-06,Central,Accessories,WEST_DC,1,15.2
2025-05-07,West,Electronics,WEST_DC,30,3635.84
2025-05-07,West,Electronics,EAST_DC,6,745.86
2025-05-07,West,Electronics,CENTRAL_DC,4,476.72
2025-05-07,West,Home,WEST_DC,21,996.3
2025-05-07,West,Home,CENTRAL_DC,1,45.78
2025-05-07,West,Apparel,WEST_DC,31,890.69
2025-05-07,West,Apparel,EAST_DC,1,30.44
2025-05-07,West,Apparel,CENTRAL_DC,2,63.12
2025-05-07,West,Accessories,WEST_DC,4,63.57
2025-05-07,West,Accessories,CENTRAL_DC,2,29.16
2025-05-07,East,Electronics,EAST_DC,34,4035.59
2025-05-07,East,Electronics,WEST_DC,2,234.3
2025-05-07,East,Electronics,CENTRAL_DC,2,242.13
2025-05-07,East,Home,EAST_DC,20,919.81
2025-05-07,East,Home,WEST_DC,4,183.67
2025-05-07,East,Home,CENTRAL_DC,1,44.37
2025-05-07,East,Apparel,EAST_DC,26,776.32
2025-05-07,East,Apparel,WEST_DC,4,116.56
2025-05-07,East,Apparel,CENTRAL_DC,4,119.48
2025-05-07,East,Accessories,EAST_DC,3,43.38
2025-05-07,Central,Electronics,CENTRAL_DC,37,4724.16
2025-05-07,Central,Electronics,WEST_DC,5,587.89
2025-05-07,Central,Electronics,EAST_DC,4,487.13
2025-05-07,Central,Home,CENTRAL_DC,25,1068.93
2025-05-07,Central,Home,WEST_DC,3,134.9
2025-05-07,Central,Home,EAST_DC,7,323.5
2025-05-07,Central,Apparel,CENTRAL_DC,27,794.74
2025-05-07,Central,Apparel,WEST_DC,6,177.37
2025-05-07,Central,Apparel,EAST_DC,5,143.38
2025-05-07,Central,Accessories,CENTRAL_DC,5,74.59
2025-05-07,Central,Accessories,EAST_DC,1,15.32
2025-05-08,West,Electronics,WEST_DC,33,3946.24
2025-05-08,West,Electronics,EAST_DC,3,357.4
2025-05-08,West,Electronics,CENTRAL_DC,2,241.84
2025-05-08,West,Home,WEST_DC,30,1353.77
2025-05-08,West,Home,EAST_DC,2,92.91
2025-05-08,West,Home,CENTRAL_DC,1,45.58
2025-05-08,West,Apparel,WEST_DC,19,584.8
2025-05-08,West,Apparel,EAST_DC,3,89.94
2025-05-08,West,Accessories,WEST_DC,4,63.65
2025-05-08,West,Accessories,CENTRAL_DC,2,30.74
2025-05-08,East,Electronics,EAST_DC,40,4861.41
2025-05-08,East,Electronics,WEST_DC,11,1293.88
2025-05-08,East,Electronics,CENTRAL_DC,9,1066.21
2025-05-08,East,Home,EAST_DC,27,1162.46
2025-05-08,East,Home,WEST_DC,1,45.1
2025-05-08,East,Home,CENTRAL_DC,3,136.03
2025-05-08,East,Apparel,EAST_DC,25,744.3
2025-05-08,East,Apparel,WEST_DC,4,121.48
2025-05-08,East,Apparel,CENTRAL_DC,9,282.79
2025-05-08,East,Accessories,EAST_DC,5,80.31
2025-05-08,Central,Electronics,CENTRAL_DC,41,5044.64
2025-05-08,Central,Electronics,WEST_DC,7,875.96
2025-05-08,Central,Electronics,EAST_DC,3,348.26
2025-05-08,Central,Home,CENTRAL_DC,20,877.97
2025-05-08,Central,Home,WEST_DC,2,89.41
2025-05-08,Central,Home,EAST_DC,4,195.79
2025-05-08,Central,Apparel,CENTRAL_DC,21,633.37
2025-05-08,Central,Apparel,WEST_DC,3,90.75
2025-05-08,Central,Apparel,EAST_DC,6,172.73
2025-05-08,Central,Accessories,CENTRAL_DC,2,29.92
2025-05-09,West,Electronics,WEST_DC,45,5342.6
2025-05-09,West,Electronics,EAST_DC,4,488.47
2025-05-09,West,Electronics,CENTRAL_DC,3,351.56
2025-05-09,West,Home,WEST_DC,19,836.27
2025-05-09,West,Home,EAST_DC,2,91.62
2025-05-09,West,Home,CENTRAL_DC,1,47.52
2025-05-09,West,Apparel,WEST_DC,22,651.78
2025-05-09,West,Apparel,EAST_DC,4,119.05
2025-05-09,West,Apparel,CENTRAL_DC,5,145.17
2025-05-09,West,Accessories,WEST_DC,6,86.92
2025-05-09,East,Electronics,EAST_DC,33,3843.58
2025-05-09,East,Electronics,WEST_DC,4,466.33
2025-05-09,East,Electronics,CENTRAL_DC,4,476.38
2025-05-09,East,Home,EAST_DC,26,1217.33
2025-05-09,East,Home,WEST_DC,4,192.07
2025-05-09,East,Home,CENTRAL_DC,2,88.62
2025-05-09,East,Apparel,EAST_DC,23,696.6
2025-05-09,East,Apparel,WEST_DC,7,212.92
2025-05-09,East,Apparel,CENTRAL_DC,3,88.75
2025-05-09,East,Accessories,EAST_DC,3,46.82
2025-05-09,East,Accessories,CENTRAL_DC,1,14.83
2025-05-09,Central,Electronics,CENTRAL_DC,27,3160.37
2025-05-09,Central,Electronics,WEST_DC,2,240.18
2025-05-09,Central,Electronics,EAST_DC,5,598.15
2025-05-09,Central,Home,CENTRAL_DC,23,1024.75
2025-05-09,Central,Home,WEST_DC,3,127.36
2025-05-09,Central,Home,EAST_DC,2,89.0
2025-05-09,Central,Apparel,CENTRAL_DC,27,789.87
2025-05-09,Central,Apparel,WEST_DC,5,157.31
2025-05-09,Central,Apparel,EAST_DC,5,159.3
2025-05-09,Central,Accessories,CENTRAL_DC,4,59.49
2025-05-10,West,Electronics,WEST_DC,24,2717.93
2025-05-10,West,Electronics,EAST_DC,1,115.94
2025-05-10,West,Electronics,CENTRAL_DC,4,504.79
2025-05-10,West,Home,WEST_DC,18,809.57
2025-05-10,West,Home,CENTRAL_DC,2,88.43
2025-05-10,West,Apparel,WEST_DC,20,571.89
2025-05-10,West,Apparel,EAST_DC,12,381.06
2025-05-10,West,Apparel,CENTRAL_DC,4,117.37
2025-05-10,West,Accessories,WEST_DC,3,45.15
2025-05-10,West,Accessories,CENTRAL_DC,2,29.68
2025-05-10,East,Electronics,EAST_DC,21,2449.63
2025-05-10,East,Electronics,WEST_DC,3,353.41
2025-05-10,East,Electronics,CENTRAL_DC,2,250.14
2025-05-10,East,Home,EAST_DC,23,1024.08
2025-05-10,East,Home,WEST_DC,8,359.94
2025-05-10,East,Home,CENTRAL_DC,4,177.19
2025-05-10,East,Apparel,EAST_DC,19,589.89
2025-05-10,East,Apparel,WEST_DC,1,29.82
2025-05-10,East,Accessories,EAST_DC,5,80.59
2025-05-10,East,Accessories,CENTRAL_DC,1,14.84
2025-05-10,Central,Electronics,CENTRAL_DC,20,2360.94
2025-05-10,Central,Electronics,WEST_DC,4,473.48
2025-05-10,Central,Electronics,EAST_DC,4,468.67
2025-05-10,Central,Home,CENTRAL_DC,22,946.68
2025-05-10,Central,Home,WEST_DC,2,85.83
2025-05-10,Central,Home,EAST_DC,3,147.26
2025-05-10,Central,Apparel,CENTRAL_DC,30,864.57
2025-05-10,Central,Apparel,WEST_DC,1,29.47
2025-05-10,Central,Apparel,EAST_DC,2,62.39
2025-05-10,Central,Accessories,CENTRAL_DC,4,58.82
2025-05-10,Central,Accessories,EAST_DC,1,14.75
2025-05-11,West,Electronics,WEST_DC,20,2419.65
2025-05-11,West,Electronics,EAST_DC,1,122.82
2025-05-11,West,Electronics,CENTRAL_DC,4,453.55
2025-05-11,West,Home,WEST_DC,21,923.8
2025-05-11,West,Home,CENTRAL_DC,2,91.87
2025-05-11,West,Apparel,WEST_DC,21,625.78
2025-05-11,West,Apparel,EAST_DC,4,115.77
2025-05-11,West,Apparel,CENTRAL_DC,5,152.21
2025-05-11,West,Accessories,WEST_DC,3,46.4
2025-05-11,West,Accessories,EAST_DC,1,15.06
2025-05-11,West,Accessories,CENTRAL_DC,1,15.23
2025-05-11,East,Electronics,EAST_DC,26,3021.51
2025-05-11,East,Electronics,WEST_DC,4,449.36
2025-05-11,East,Electronics,CENTRAL_DC,6,686.54
2025-05-11,East,Home,EAST_DC,23,1093.75
2025-05-11,East,Home,WEST_DC,3,141.31
2025-05-11,East,Home,CENTRAL_DC,2,90.74
2025-05-11,East,Apparel,EAST_DC,21,633.7
2025-05-11,East,Apparel,WEST_DC,3,89.18
2025-05-11,East,Apparel,CENTRAL_DC,2,62.79
2025-05-11,East,Accessories,EAST_DC,2,29.36
2025-05-11,Central,Electronics,CENTRAL_DC,21,2499.72
2025-05-11,Central,Electronics,WEST_DC,1,117.84
2025-05-11,Central,Electronics,EAST_DC,6,720.04
2025-05-11,Central,Home,CENTRAL_DC,18,805.49
2025-05-11,Central,Home,WEST_DC,2,89.14
2025-05-11,Central,Home,EAST_DC,3,133.21
2025-05-11,Central,Apparel,CENTRAL_DC,24,735.66
2025-05-11,Central,Apparel,WEST_DC,4,117.45
2025-05-11,Central,Apparel,EAST_DC,2,58.35
2025-05-11,Central,Accessories,CENTRAL_DC,4,58.51
2025-05-11,Central,Accessories,WEST_DC,1,14.7
2025-05-12,West,Electronics,WEST_DC,34,3794.59
2025-05-12,West,Electronics,EAST_DC,6,684.77
2025-05-12,West,Electronics,CENTRAL_DC,5,621.42
2025-05-12,West,Home,WEST_DC,27,1141.95
2025-05-12,West,Home,EAST_DC,2,89.57
2025-05-12,West,Home,CENTRAL_DC,4,183.09
2025-05-12,West,Apparel,WEST_DC,30,897.65
2025-05-12,West,Apparel,EAST_DC,5,149.05
2025-05-12,West,Apparel,CENTRAL_DC,10,294.06
2025-05-12,West,Accessories,WEST_DC,1,14.81
2025-05-12,West,Accessories,CENTRAL_DC,1,14.65
2025-05-12,East,Electronics,EAST_DC,27,3225.66
2025-05-12,East,Electronics,WEST_DC,3,367.48
2025-05-12,East,Electronics,CENTRAL_DC,3,352.79
2025-05-12,East,Home,EAST_DC,25,1153.87
2025-05-12,East,Home,WEST_DC,4,182.95
2025-05-12,East,Home,CENTRAL_DC,6,273.36
2025-05-12,East,Apparel,EAST_DC,18,559.26
2025-05-12,East,Apparel,WEST_DC,7,212.33
2025-05-12,East,Apparel,CENTRAL_DC,11,326.5
2025-05-12,East,Accessories,EAST_DC,6,90.48
2025-05-12,East,Accessories,CENTRAL_DC,1,14.83
2025-05-12,Central,Electronics,CENTRAL_DC,33,4033.85
2025-05-12,Central,Electronics,WEST_DC,5,619.52
2025-05-12,Central,Electronics,EAST_DC,5,589.03
2025-05-12,Central,Home,CENTRAL_DC,18,831.3
2025-05-12,Central,Home,EAST_DC,6,265.44
2025-05-12,Central,Apparel,CENTRAL_DC,22,642.3
2025-05-12,Central,Apparel,WEST_DC,2,60.36
2025-05-12,Central,Apparel,EAST_DC,7,211.89
2025-05-12,Central,Accessories,CENTRAL_DC,5,73.15
2025-05-13,West,Electronics,WEST_DC,31,3962.22
2025-05-13,West,Electronics,EAST_DC,2,231.57
2025-05-13,West,Electronics,CENTRAL_DC,6,698.74
2025-05-13,West,Home,WEST_DC,19,871.76
2025-05-13,West,Home,EAST_DC,1,46.26
2025-05-13,West,Home,CENTRAL_DC,2,90.74
2025-05-13,West,Apparel,WEST_DC,27,853.69
2025-05-13,West,Apparel,EAST_DC,6,186.96
2025-05-13,West,Apparel,CENTRAL_DC,4,117.14
2025-05-13,West,Accessories,WEST_DC,3,46.05
2025-05-13,East,Electronics,EAST_DC,26,3140.71
2025-05-13,East,Electronics,WEST_DC,5,596.04
2025-05-13,East,Electronics,CENTRAL_DC,4,485.34
2025-05-13,East,Home,EAST_DC,30,1347.44
2025-05-13,East,Home,WEST_DC,6,260.73
2025-05-13,East,Home,CENTRAL_DC,3,138.72
2025-05-13,East,Apparel,EAST_DC,28,832.62
2025-05-13,East,Apparel,WEST_DC,6,187.56
2025-05-13,East,Accessories,EAST_DC,2,30.23
2025-05-13,Central,Electronics,CENTRAL_DC,32,3748.36
2025-05-13,Central,Electronics,WEST_DC,4,491.71
2025-05-13,Central,Electronics,EAST_DC,6,685.23
2025-05-13,Central,Home,CENTRAL_DC,20,936.7
2025-05-13,Central,Home,WEST_DC,3,137.18
2025-05-13,Central,Home,EAST_DC,1,44.38
2025-05-13,Central,Apparel,CENTRAL_DC,26,774.86
2025-05-13,Central,Apparel,WEST_DC,1,30.03
2025-05-13,Central,Apparel,EAST_DC,3,91.48
2025-05-13,Central,Accessories,CENTRAL_DC,7,98.4
2025-05-13,Central,Accessories,WEST_DC,1,14.62
2025-05-14,West,Electronics,WEST_DC,31,3809.36
2025-05-14,West,Electronics,EAST_DC,4,482.13
2025-05-14,West,Electronics,CENTRAL_DC,2,241.05
2025-05-14,West,Home,WEST_DC,17,780.98
2025-05-14,West,Home,EAST_DC,3,135.35
2025-05-14,West,Home,CENTRAL_DC,7,325.35
2025-05-14,West,Apparel,WEST_DC,31,894.72
2025-05-14,West,Apparel,EAST_DC,3,94.84
2025-05-14,West,Apparel,CENTRAL_DC,2,61.28
2025-05-14,West,Accessories,WEST_DC,2,31.55
2025-05-14,West,Accessories,CENTRAL_DC,2,29.83
2025-05-14,East,Electronics,EAST_DC,34,4214.73
2025-05-14,East,Electronics,WEST_DC,6,709.47
2025-05-14,East,Electronics,CENTRAL_DC,5,601.53
2025-05-14,East,Home,EAST_DC,33,1488.77
2025-05-14,East,Home,WEST_DC,3,131.81
2025-05-14,East,Home,CENTRAL_DC,6,267.89
2025-05-14,East,Apparel,EAST_DC,25,732.83
2025-05-14,East,Apparel,WEST_DC,2,58.52
2025-05-14,East,Apparel,CENTRAL_DC,1,31.78
2025-05-14,East,Accessories,EAST_DC,2,29.36
2025-05-14,East,Accessories,CENTRAL_DC,1,15.6
2025-05-14,Central,Electronics,CENTRAL_DC,22,2711.44
2025-05-14,Central,Electronics,WEST_DC,4,461.7
2025-05-14,Central,Electronics,EAST_DC,6,745.3
2025-05-14,Central,Home,CENTRAL_DC,23,1011.32
2025-05-14,Central,Home,WEST_DC,5,228.97
2025-05-14,Central,Home,EAST_DC,7,305.92
2025-05-14,Central,Apparel,CENTRAL_DC,31,958.81
2025-05-14,Central,Apparel,WEST_DC,2,62.25
2025-05-14,Central,Apparel,EAST_DC,4,127.22
2025-05-14,Central,Accessories,CENTRAL_DC,3,46.43
2025-05-14,Central,Accessories,EAST_DC,1,14.81
2025-05-15,West,Electronics,WEST_DC,21,2493.92
2025-05-15,West,Electronics,EAST_DC,6,748.18
2025-05-15,West,Electronics,CENTRAL_DC,9,1059.58
2025-05-15,West,Home,WEST_DC,18,824.11
2025-05-15,West,Home,EAST_DC,2,91.48
2025-05-15,West,Home,CENTRAL_DC,7,307.53
2025-05-15,West,Apparel,WEST_DC,35,1050.42
2025-05-15,West,Apparel,EAST_DC,5,147.62
2025-05-15,West,Apparel,CENTRAL_DC,2,62.06
2025-05-15,West,Accessories,WEST_DC,4,58.11
2025-05-15,West,Accessories,EAST_DC,1,15.34
2025-05-15,East,Electronics,EAST_DC,26,3100.91
2025-05-15,East,Electronics,WEST_DC,6,695.26
2025-05-15,East,Electronics,CENTRAL_DC,4,459.92
2025-05-15,East,Home,EAST_DC,32,1447.95
2025-05-15,East,Home,WEST_DC,2,96.85
2025-05-15,East,Home,CENTRAL_DC,1,46.59
2025-05-15,East,Apparel,EAST_DC,33,973.85
2025-05-15,East,Apparel,WEST_DC,2,57.42
2025-05-15,East,Apparel,CENTRAL_DC,7,202.72
2025-05-15,East,Accessories,EAST_DC,1,14.06
2025-05-15,East,Accessories,WEST_DC,1,14.44
2025-05-15,East,Accessories,CENTRAL_DC,1,14.84
2025-05-15,Central,Electronics,CENTRAL_DC,28,3572.21
2025-05-15,Central,Electronics,WEST_DC,4,490.78
2025-05-15,Central,Electronics,EAST_DC,10,1162.98
2025-05-15,Central,Home,CENTRAL_DC,25,1145.13
2025-05-15,Central,Home,WEST_DC,9,404.8
2025-05-15,Central,Home,EAST_DC,4,173.66
2025-05-15,Central,Apparel,CENTRAL_DC,30,891.58
2025-05-15,Central,Apparel,WEST_DC,6,190.42
2025-05-15,Central,Apparel,EAST_DC,7,211.39
2025-05-15,Central,Accessories,CENTRAL_DC,4,61.68
2025-05-15,Central,Accessories,EAST_DC,1,15.71
2025-05-16,West,Electronics,WEST_DC,29,3407.64
2025-05-16,West,Electronics,EAST_DC,6,709.43
2025-05-16,West,Electronics,CENTRAL_DC,5,596.1
2025-05-16,West,Home,WEST_DC,22,989.25
2025-05-16,West,Home,EAST_DC,3,131.79
2025-05-16,West,Home,CENTRAL_DC,2,84.2
2025-05-16,West,Apparel,WEST_DC,25,728.37
2025-05-16,West,Apparel,EAST_DC,2,59.57
2025-05-16,West,Apparel,CENTRAL_DC,2,57.82
2025-05-16,West,Accessories,WEST_DC,1,15.07
2025-05-16,East,Electronics,EAST_DC,32,3999.49
2025-05-16,East,Electronics,WEST_DC,1,112.16
2025-05-16,East,Electronics,CENTRAL_DC,7,818.78
2025-05-16,East,Home,EAST_DC,19,875.41
2025-05-16,East,Home,WEST_DC,2,92.87
2025-05-16,East,Home,CENTRAL_DC,4,176.44
2025-05-16,East,Apparel,EAST_DC,17,527.82
2025-05-16,East,Apparel,WEST_DC,2,60.99
2025-05-16,East,Apparel,CENTRAL_DC,7,206.23
2025-05-16,East,Accessories,EAST_DC,5,72.6
2025-05-16,Central,Electronics,CENTRAL_DC,21,2398.08
2025-05-16,Central,Electronics,WEST_DC,6,681.73
2025-05-16,Central,Electronics,EAST_DC,3,342.2
2025-05-16,Central,Home,CENTRAL_DC,27,1228.72
2025-05-16,Central,Home,WEST_DC,3,134.79
2025-05-16,Central,Home,EAST_DC,3,138.33
2025-05-16,Central,Apparel,CENTRAL_DC,27,791.13
2025-05-16,Central,Apparel,WEST_DC,8,232.41
2025-05-16,Central,Apparel,EAST_DC,6,180.38
2025-05-16,Central,Accessories,CENTRAL_DC,8,122.28
2025-05-17,West,Electronics,WEST_DC,23,2777.44
2025-05-17,West,Electronics,EAST_DC,3,363.93
2025-05-17,West,Electronics,CENTRAL_DC,3,366.22
2025-05-17,West,Home,WEST_DC,19,878.47
2025-05-17,West,Home,EAST_DC,2,90.56
2025-05-17,West,Home,CENTRAL_DC,3,136.75
2025-05-17,West,Apparel,WEST_DC,21,627.62
2025-05-17,West,Apparel,EAST_DC,4,114.67
2025-05-17,West,Apparel,CENTRAL_DC,2,59.66
2025-05-17,West,Accessories,WEST_DC,1,15.71
2025-05-17,West,Accessories,EAST_DC,1,15.11
2025-05-17,East,Electronics,EAST_DC,28,3212.73
2025-05-17,East,Electronics,WEST_DC,2,240.92
2025-05-17,East,Electronics,CENTRAL_DC,2,236.83
2025-05-17,East,Home,EAST_DC,18,791.41
2025-05-17,East,Home,WEST_DC,2,87.76
2025-05-17,East,Home,CENTRAL_DC,1,44.2
2025-05-17,East,Apparel,EAST_DC,22,684.24
2025-05-17,East,Apparel,WEST_DC,1,30.29
2025-05-17,East,Accessories,EAST_DC,8,118.75
2025-05-17,Central,Electronics,CENTRAL_DC,26,3053.24
2025-05-17,Central,Electronics,EAST_DC,2,237.68
2025-05-17,Central,Home,CENTRAL_DC,21,946.22
2025-05-17,Central,Home,WEST_DC,3,135.25
2025-05-17,Central,Home,EAST_DC,4,173.25
2025-05-17,Central,Apparel,CENTRAL_DC,21,626.9
2025-05-17,Central,Apparel,WEST_DC,2,62.34
2025-05-17,Central,Apparel,EAST_DC,5,149.89
2025-05-17,Central,Accessories,CENTRAL_DC,3,44.3
2025-05-18,West,Electronics,WEST_DC,28,3461.05
2025-05-18,West,Electronics,EAST_DC,5,613.71
2025-05-18,West,Electronics,CENTRAL_DC,6,704.88
2025-05-18,West,Home,WEST_DC,12,545.48
2025-05-18,West,Home,EAST_DC,1,42.79
2025-05-18,West,Home,CENTRAL_DC,4,183.54
2025-05-18,West,Apparel,WEST_DC,21,671.21
2025-05-18,West,Apparel,EAST_DC,4,123.28
2025-05-18,West,Apparel,CENTRAL_DC,2,58.26
2025-05-18,West,Accessories,WEST_DC,5,77.4
2025-05-18,West,Accessories,EAST_DC,2,30.27
2025-05-18,East,Electronics,EAST_DC,28,3167.57
2025-05-18,East,Electronics,WEST_DC,4,459.35
2025-05-18,East,Electronics,CENTRAL_DC,3,354.96
2025-05-18,East,Home,EAST_DC,20,916.54
2025-05-18,East,Home,WEST_DC,1,46.85
2025-05-18,East,Home,CENTRAL_DC,2,87.01
2025-05-18,East,Apparel,EAST_DC,23,690.75
2025-05-18,East,Apparel,WEST_DC,4,120.13
2025-05-18,East,Apparel,CENTRAL_DC,1,29.29
2025-05-18,East,Accessories,EAST_DC,5,77.19
2025-05-18,East,Accessories,WEST_DC,1,14.96
2025-05-18,Central,Electronics,CENTRAL_DC,21,2511.92
2025-05-18,Central,Electronics,WEST_DC,6,666.87
2025-05-18,Central,Electronics,EAST_DC,2,228.4
2025-05-18,Central,Home,CENTRAL_DC,13,576.89
2025-05-18,Central,Home,EAST_DC,5,233.13
2025-05-18,Central,Apparel,CENTRAL_DC,26,779.22
2025-05-18,Central,Apparel,WEST_DC,7,199.31
2025-05-18,Central,Apparel,EAST_DC,1,29.79
2025-05-18,Central,Accessories,CENTRAL_DC,3,44.38
2025-05-19,West,Electronics,WEST_DC,48,5642.25
2025-05-19,West,Electronics,EAST_DC,5,603.32
2025-05-19,West,Electronics,CENTRAL_DC,3,358.12
2025-05-19,West,Home,WEST_DC,25,1073.93
2025-05-19,West,Home,EAST_DC,4,181.87
2025-05-19,West,Apparel,WEST_DC,29,869.41
2025-05-19,West,Apparel,EAST_DC,7,203.45
2025-05-19,West,Apparel,CENTRAL_DC,1,28.32
2025-05-19,West,Accessories,WEST_DC,3,45.13
2025-05-19,East,Electronics,EAST_DC,29,3370.47
2025-05-19,East,Electronics,WEST_DC,3,374.93
2025-05-19,East,Electronics,CENTRAL_DC,3,365.8
2025-05-19,East,Home,EAST_DC,19,836.74
2025-05-19,East,Home,WEST_DC,6,270.81
2025-05-19,East,Home,CENTRAL_DC,1,44.78
2025-05-19,East,Apparel,EAST_DC,27,810.9
2025-05-19,East,Apparel,WEST_DC,3,90.67
2025-05-19,East,Apparel,CENTRAL_DC,4,124.32
2025-05-19,East,Accessories,EAST_DC,5,74.87
2025-05-19,East,Accessories,WEST_DC,2,30.26
2025-05-19,Central,Electronics,CENTRAL_DC,27,3191.44
2025-05-19,Central,Electronics,WEST_DC,6,765.46
2025-05-19,Central,Electronics,EAST_DC,2,234.71
2025-05-19,Central,Home,CENTRAL_DC,23,1044.39
2025-05-19,Central,Home,WEST_DC,5,238.02
2025-05-19,Central,Home,EAST_DC,3,131.92
2025-05-19,Central,Apparel,CENTRAL_DC,23,678.99
2025-05-19,Central,Apparel,WEST_DC,8,241.55
2025-05-19,Central,Apparel,EAST_DC,3,93.41
2025-05-19,Central,Accessories,CENTRAL_DC,3,45.04
2025-05-20,West,Electronics,WEST_DC,26,3139.32
2025-05-20,West,Electronics,EAST_DC,7,808.52
2025-05-20,West,Electronics,CENTRAL_DC,5,583.74
2025-05-20,West,Home,WEST_DC,27,1210.61
2025-05-20,West,Home,EAST_DC,3,142.5
2025-05-20,West,Home,CENTRAL_DC,3,133.16
2025-05-20,West,Apparel,WEST_DC,28,874.57
2025-05-20,West,Apparel,EAST_DC,4,121.04
2025-05-20,West,Apparel,CENTRAL_DC,5,149.57
2025-05-20,West,Accessories,WEST_DC,1,15.1
2025-05-20,West,Accessories,EAST_DC,1,14.98
2025-05-20,West,Accessories,CENTRAL_DC,1,15.27
2025-05-20,East,Electronics,EAST_DC,32,3902.5
2025-05-20,East,Electronics,WEST_DC,1,121.78
2025-05-20,East,Electronics,CENTRAL_DC,3,372.5
2025-05-20,East,Home,EAST_DC,21,976.12
2025-05-20,East,Home,WEST_DC,4,176.62
2025-05-20,East,Home,CENTRAL_DC,2,96.29
2025-05-20,East,Apparel,EAST_DC,19,556.43
2025-05-20,East,Apparel,WEST_DC,2,59.52
2025-05-20,East,Apparel,CENTRAL_DC,9,264.22
2025-05-20,East,Accessories,EAST_DC,5,77.24
2025-05-20,East,Accessories,WEST_DC,2,32.41
2025-05-20,East,Accessories,CENTRAL_DC,1,16.4
2025-05-20,Central,Electronics,CENTRAL_DC,30,3525.05
2025-05-20,Central,Electronics,WEST_DC,3,354.14
2025-05-20,Central,Electronics,EAST_DC,2,238.56
2025-05-20,Central,Home,CENTRAL_DC,21,976.66
2025-05-20,Central,Home,WEST_DC,3,131.28
2025-05-20,Central,Home,EAST_DC,4,173.86
2025-05-20,Central,Apparel,CENTRAL_DC,25,735.87
2025-05-20,Central,Apparel,WEST_DC,5,156.69
2025-05-20,Central,Apparel,EAST_DC,4,111.42
2025-05-20,Central,Accessories,CENTRAL_DC,3,47.85
2025-05-20,Central,Accessories,WEST_DC,1,14.83
2025-05-20,Central,Accessories,EAST_DC,1,15.67
2025-05-21,West,Electronics,WEST_DC,33,3711.94
2025-05-21,West,Electronics,EAST_DC,2,230.57
2025-05-21,West,Electronics,CENTRAL_DC,5,581.77
2025-05-21,West,Home,WEST_DC,21,912.98
2025-05-21,West,Home,EAST_DC,3,136.85
2025-05-21,West,Home,CENTRAL_DC,3,136.51
2025-05-21,West,Apparel,WEST_DC,26,787.51
2025-05-21,West,Apparel,EAST_DC,7,213.79
2025-05-21,West,Apparel,CENTRAL_DC,7,209.31
2025-05-21,West,Accessories,WEST_DC,2,29.6
2025-05-21,West,Accessories,EAST_DC,1,15.08
2025-05-21,East,Electronics,EAST_DC,30,3622.12
2025-05-21,East,Electronics,WEST_DC,4,489.08
2025-05-21,East,Electronics,CENTRAL_DC,3,375.3
2025-05-21,East,Home,EAST_DC,22,887.7
2025-05-21,East,Home,WEST_DC,5,230.87
2025-05-21,East,Home,CENTRAL_DC,2,92.52
2025-05-21,East,Apparel,EAST_DC,31,894.64
2025-05-21,East,Apparel,WEST_DC,7,209.64
2025-05-21,East,Apparel,CENTRAL_DC,3,89.58
2025-05-21,East,Accessories,EAST_DC,1,15.33
2025-05-21,Central,Electronics,CENTRAL_DC,39,4947.51
2025-05-21,Central,Electronics,WEST_DC,1,120.38
2025-05-21,Central,Electronics,EAST_DC,2,243.91
2025-05-21,Central,Home,CENTRAL_DC,33,1443.0
2025-05-21,Central,Home,WEST_DC,6,282.66
2025-05-21,Central,Home,EAST_DC,3,138.25
2025-05-21,Central,Apparel,CENTRAL_DC,18,539.03
2025-05-21,Central,Apparel,WEST_DC,5,152.3
2025-05-21,Central,Apparel,EAST_DC,2,60.54
2025-05-21,Central,Accessories,CENTRAL_DC,6,90.95
2025-05-21,Central,Accessories,WEST_DC,2,30.35
2025-05-21,Central,Accessories,EAST_DC,1,15.35
2025-05-22,West,Electronics,WEST_DC,21,2411.46
2025-05-22,West,Electronics,EAST_DC,5,602.69
2025-05-22,West,Electronics,CENTRAL_DC,5,598.28
2025-05-22,West,Home,WEST_DC,18,810.23
2025-05-22,West,Home,EAST_DC,6,268.05
2025-05-22,West,Home,CENTRAL_DC,4,175.35
2025-05-22,West,Apparel,WEST_DC,30,918.21
2025-05-22,West,Apparel,EAST_DC,2,60.76
2025-05-22,West,Apparel,CENTRAL_DC,3,89.17
2025-05-22,West,Accessories,WEST_DC,4,60.51
2025-05-22,West,Accessories,EAST_DC,2,31.15
2025-05-22,East,Electronics,EAST_DC,27,3102.14
2025-05-22,East,Electronics,WEST_DC,6,771.14
2025-05-22,East,Electronics,CENTRAL_DC,10,1154.86
2025-05-22,East,Home,EAST_DC,11,514.16
2025-05-22,East,Home,WEST_DC,3,133.44
2025-05-22,East,Home,CENTRAL_DC,1,43.64
2025-05-22,East,Apparel,EAST_DC,26,782.3
2025-05-22,East,Apparel,WEST_DC,3,89.51
2025-05-22,East,Apparel,CENTRAL_DC,3,92.89
2025-05-22,East,Accessories,EAST_DC,1,14.7
2025-05-22,Central,Electronics,CENTRAL_DC,33,3844.76
2025-05-22,Central,Electronics,WEST_DC,7,848.86
2025-05-22,Central,Electronics,EAST_DC,12,1450.24
2025-05-22,Central,Home,CENTRAL_DC,19,862.73
2025-05-22,Central,Home,WEST_DC,5,224.39
2025-05-22,Central,Home,EAST_DC,2,92.69
2025-05-22,Central,Apparel,CENTRAL_DC,35,1074.34
2025-05-22,Central,Apparel,WEST_DC,5,148.43
2025-05-22,Central,Apparel,EAST_DC,6,171.93
2025-05-22,Central,Accessories,CENTRAL_DC,3,43.01
2025-05-22,Central,Accessories,EAST_DC,1,15.22
2025-05-23,West,Electronics,WEST_DC,31,3497.98
2025-05-23,West,Electronics,EAST_DC,8,970.58
2025-05-23,West,Electronics,CENTRAL_DC,5,601.42
2025-05-23,West,Home,WEST_DC,20,944.23
2025-05-23,West,Home,EAST_DC,4,183.81
2025-05-23,West,Home,CENTRAL_DC,1,44.86
2025-05-23,West,Apparel,WEST_DC,23,690.48
2025-05-23,West,Apparel,EAST_DC,4,124.28
2025-05-23,West,Apparel,CENTRAL_DC,5,151.39
2025-05-23,West,Accessories,WEST_DC,4,58.31
2025-05-23,West,Accessories,CENTRAL_DC,1,14.36
2025-05-23,East,Electronics,EAST_DC,29,3376.97
2025-05-23,East,Electronics,WEST_DC,6,731.55
2025-05-23,East,Electronics,CENTRAL_DC,4,493.78
2025-05-23,East,Home,EAST_DC,34,1616.13
2025-05-23,East,Home,WEST_DC,3,140.87
2025-05-23,East,Home,CENTRAL_DC,1,42.1
2025-05-23,East,Apparel,EAST_DC,27,841.75
2025-05-23,East,Apparel,WEST_DC,5,147.48
2025-05-23,East,Apparel,CENTRAL_DC,6,171.97
2025-05-23,East,Accessories,EAST_DC,5,78.3
2025-05-23,East,Accessories,WEST_DC,1,15.27
2025-05-23,Central,Electronics,CENTRAL_DC,30,3589.68
2025-05-23,Central,Electronics,WEST_DC,7,825.29
2025-05-23,Central,Electronics,EAST_DC,5,607.18
2025-05-23,Central,Home,CENTRAL_DC,33,1468.74
2025-05-23,Central,Home,WEST_DC,1,44.1
2025-05-23,Central,Home,EAST_DC,7,320.14
2025-05-23,Central,Apparel,CENTRAL_DC,31,972.55
2025-05-23,Central,Apparel,WEST_DC,6,181.71
2025-05-23,Central,Apparel,EAST_DC,5,150.07
2025-05-23,Central,Accessories,CENTRAL_DC,3,45.17
2025-05-23,Central,Accessories,WEST_DC,1,14.85
2025-05-24,West,Electronics,WEST_DC,24,2713.87
2025-05-24,West,Electronics,EAST_DC,2,238.25
2025-05-24,West,Home,WEST_DC,22,983.61
2025-05-24,West,Home,EAST_DC,1,46.25
2025-05-24,West,Home,CENTRAL_DC,1,45.64
2025-05-24,West,Apparel,WEST_DC,22,651.08
2025-05-24,West,Apparel,EAST_DC,4,124.43
2025-05-24,West,Apparel,CENTRAL_DC,3,87.17
2025-05-24,West,Accessories,WEST_DC,1,14.78
2025-05-24,West,Accessories,EAST_DC,1,14.94
2025-05-24,East,Electronics,EAST_DC,21,2545.94
2025-05-24,East,Electronics,WEST_DC,2,235.14
2025-05-24,East,Electronics,CENTRAL_DC,2,251.46
2025-05-24,East,Home,EAST_DC,17,774.24
2025-05-24,East,Home,WEST_DC,4,183.21
2025-05-24,East,Home,CENTRAL_DC,3,136.97
2025-05-24,East,Apparel,EAST_DC,16,489.73
2025-05-24,East,Apparel,WEST_DC,4,121.25
2025-05-24,East,Apparel,CENTRAL_DC,3,86.38
2025-05-24,East,Accessories,EAST_DC,2,29.79
2025-05-24,East,Accessories,WEST_DC,1,14.85
2025-05-24,Central,Electronics,CENTRAL_DC,16,1775.3
2025-05-24,Central,Electronics,WEST_DC,3,375.05
2025-05-24,Central,Electronics,EAST_DC,4,450.58
2025-05-24,Central,Home,CENTRAL_DC,15,667.72
2025-05-24,Central,Home,WEST_DC,1,43.87
2025-05-24,Central,Home,EAST_DC,2,92.13
2025-05-24,Central,Apparel,CENTRAL_DC,21,632.02
2025-05-24,Central,Apparel,WEST_DC,3,88.27
2025-05-24,Central,Apparel,EAST_DC,5,147.79
2025-05-24,Central,Accessories,CENTRAL_DC,4,63.23
2025-05-24,Central,Accessories,WEST_DC,1,15.66
2025-05-25,West,Electronics,WEST_DC,24,2839.53
2025-05-25,West,Electronics,EAST_DC,3,377.52
2025-05-25,West,Electronics,CENTRAL_DC,4,468.13
2025-05-25,West,Home,WEST_DC,19,817.58
2025-05-25,West,Home,CENTRAL_DC,1,45.79
2025-05-25,West,Apparel,WEST_DC,12,390.97
2025-05-25,West,Apparel,EAST_DC,5,152.37
2025-05-25,West,Apparel,CENTRAL_DC,3,90.37
2025-05-25,West,Accessories,WEST_DC,3,44.57
2025-05-25,West,Accessories,CENTRAL_DC,1,15.92
2025-05-25,East,Electronics,EAST_DC,25,3036.19
2025-05-25,East,Electronics,WEST_DC,4,497.41
2025-05-25,East,Electronics,CENTRAL_DC,2,241.0
2025-05-25,East,Home,EAST_DC,23,1007.16
2025-05-25,East,Home,WEST_DC,5,238.09
2025-05-25,East,Home,CENTRAL_DC,3,138.21
2025-05-25,East,Apparel,EAST_DC,14,440.46
2025-05-25,East,Apparel,WEST_DC,6,180.06
2025-05-25,East,Apparel,CENTRAL_DC,8,238.49
2025-05-25,East,Accessories,EAST_DC,3,46.8
2025-05-25,Central,Electronics,CENTRAL_DC,19,2245.98
2025-05-25,Central,Electronics,WEST_DC,2,245.9
2025-05-25,Central,Electronics,EAST_DC,1,123.14
2025-05-25,Central,Home,CENTRAL_DC,17,749.07
2025-05-25,Central,Home,WEST_DC,5,234.4
2025-05-25,Central,Home,EAST_DC,2,91.9
2025-05-25,Central,Apparel,CENTRAL_DC,18,558.07
2025-05-25,Central,Apparel,WEST_DC,4,120.72
2025-05-25,Central,Apparel,EAST_DC,3,93.94
2025-05-25,Central,Accessories,CENTRAL_DC,4,60.57
2025-05-26,West,Electronics,WEST_DC,37,4593.26
2025-05-26,West,Electronics,EAST_DC,2,242.87
2025-05-26,West,Electronics,CENTRAL_DC,3,370.88
2025-05-26,West,Home,WEST_DC,22,973.44
2025-05-26,West,Home,EAST_DC,1,44.39
2025-05-26,West,Home,CENTRAL_DC,1,43.09
2025-05-26,West,Apparel,WEST_DC,34,994.78
2025-05-26,West,Apparel,EAST_DC,3,91.25
2025-05-26,West,Apparel,CENTRAL_DC,6,191.82
2025-05-26,West,Accessories,WEST_DC,4,62.07
2025-05-26,West,Accessories,EAST_DC,1,14.62
2025-05-26,West,Accessories,CENTRAL_DC,1,14.37
2025-05-26,East,Electronics,EAST_DC,28,3420.0
2025-05-26,East,Electronics,WEST_DC,8,929.31
2025-05-26,East,Electronics,CENTRAL_DC,4,466.65
2025-05-26,East,Home,EAST_DC,30,1300.85
2025-05-26,East,Home,WEST_DC,6,273.18
2025-05-26,East,Home,CENTRAL_DC,2,89.52
2025-05-26,East,Apparel,EAST_DC,35,1060.1
2025-05-26,East,Apparel,WEST_DC,5,159.29
2025-05-26,East,Apparel,CENTRAL_DC,4,124.32
2025-05-26,East,Accessories,EAST_DC,3,44.22
2025-05-26,Central,Electronics,CENTRAL_DC,35,4194.61
2025-05-26,Central,Electronics,WEST_DC,3,352.65
2025-05-26,Central,Electronics,EAST_DC,1,112.33
2025-05-26,Central,Home,CENTRAL_DC,23,1031.01
2025-05-26,Central,Home,WEST_DC,6,281.41
2025-05-26,Central,Home,EAST_DC,2,87.89
2025-05-26,Central,Apparel,CENTRAL_DC,31,933.73
2025-05-26,Central,Apparel,WEST_DC,4,114.04
2025-05-26,Central,Apparel,EAST_DC,5,145.95
2025-05-26,Central,Accessories,CENTRAL_DC,3,44.84
2025-05-26,Central,Accessories,WEST_DC,1,15.06
2025-05-27,West,Electronics,WEST_DC,37,4427.26
2025-05-27,West,Electronics,EAST_DC,4,464.91
2025-05-27,West,Electronics,CENTRAL_DC,1,115.08
2025-05-27,West,Home,WEST_DC,22,979.95
2025-05-27,West,Home,EAST_DC,4,189.28
2025-05-27,West,Home,CENTRAL_DC,5,226.16
2025-05-27,West,Apparel,WEST_DC,29,901.81
2025-05-27,West,Apparel,EAST_DC,6,184.89
2025-05-27,West,Apparel,CENTRAL_DC,7,213.35
2025-05-27,West,Accessories,WEST_DC,4,61.47
2025-05-27,West,Accessories,CENTRAL_DC,1,15.25
2025-05-27,East,Electronics,EAST_DC,27,3038.46
2025-05-27,East,Electronics,WEST_DC,2,251.46
2025-05-27,East,Electronics,CENTRAL_DC,4,494.0
2025-05-27,East,Home,EAST_DC,20,865.88
2025-05-27,East,Home,WEST_DC,2,90.72
2025-05-27,East,Home,CENTRAL_DC,4,171.16
2025-05-27,East,Apparel,EAST_DC,32,947.26
2025-05-27,East,Apparel,WEST_DC,2,59.89
2025-05-27,East,Apparel,CENTRAL_DC,5,146.57
2025-05-27,East,Accessories,EAST_DC,9,134.56
2025-05-27,Central,Electronics,CENTRAL_DC,24,2957.24
2025-05-27,Central,Electronics,WEST_DC,3,377.11
2025-05-27,Central,Electronics,EAST_DC,3,374.38
2025-05-27,Central,Home,CENTRAL_DC,24,1057.93
2025-05-27,Central,Home,WEST_DC,1,45.69
2025-05-27,Central,Home,EAST_DC,4,178.84
2025-05-27,Central,Apparel,CENTRAL_DC,19,603.35
2025-05-27,Central,Apparel,WEST_DC,4,118.62
2025-05-27,Central,Apparel,EAST_DC,3,90.92
2025-05-27,Central,Accessories,CENTRAL_DC,2,29.33
2025-05-27,Central,Accessories,EAST_DC,2,28.88
2025-05-28,West,Electronics,WEST_DC,33,4029.36
2025-05-28,West,Electronics,EAST_DC,2,233.57
2025-05-28,West,Electronics,CENTRAL_DC,5,615.93
2025-05-28,West,Home,WEST_DC,24,1137.7
2025-05-28,West,Home,EAST_DC,4,181.74
2025-05-28,West,Home,CENTRAL_DC,1,44.2
2025-05-28,West,Apparel,WEST_DC,31,958.01
2025-05-28,West,Apparel,EAST_DC,3,91.0
2025-05-28,West,Apparel,CENTRAL_DC,2,58.44
2025-05-28,West,Accessories,WEST_DC,1,15.05
2025-05-28,West,Accessories,CENTRAL_DC,1,14.39
2025-05-28,East,Electronics,EAST_DC,33,3856.14
2025-05-28,East,Electronics,WEST_DC,2,239.93
2025-05-28,East,Electronics,CENTRAL_DC,4,489.59
2025-05-28,East,Home,EAST_DC,14,648.94
2025-05-28,East,Home,WEST_DC,6,272.69
2025-05-28,East,Home,CENTRAL_DC,6,265.71
2025-05-28,East,Apparel,EAST_DC,28,874.04
2025-05-28,East,Apparel,WEST_DC,4,116.04
2025-05-28,East,Apparel,CENTRAL_DC,8,238.56
2025-05-28,East,Accessories,EAST_DC,3,42.86
2025-05-28,East,Accessories,WEST_DC,1,15.79
2025-05-28,East,Accessories,CENTRAL_DC,1,15.21
2025-05-28,Central,Electronics,CENTRAL_DC,23,2809.77
2025-05-28,Central,Electronics,WEST_DC,7,815.66
2025-05-28,Central,Electronics,EAST_DC,3,368.84
2025-05-28,Central,Home,CENTRAL_DC,29,1374.39
2025-05-28,Central,Home,WEST_DC,5,218.13
2025-05-28,Central,Home,EAST_DC,3,136.37
2025-05-28,Central,Apparel,CENTRAL_DC,41,1199.9
2025-05-28,Central,Apparel,WEST_DC,3,89.53
2025-05-28,Central,Apparel,EAST_DC,5,146.54
2025-05-28,Central,Accessories,CENTRAL_DC,2,29.61
2025-05-28,Central,Accessories,WEST_DC,2,29.15
2025-05-29,West,Electronics,WEST_DC,33,3978.58
2025-05-29,West,Electronics,EAST_DC,6,700.53
2025-05-29,West,Electronics,CENTRAL_DC,5,582.16
2025-05-29,West,Home,WEST_DC,15,677.86
2025-05-29,West,Home,EAST_DC,3,133.18
2025-05-29,West,Home,CENTRAL_DC,7,305.36
2025-05-29,West,Apparel,WEST_DC,33,999.73
2025-05-29,West,Apparel,EAST_DC,6,177.47
2025-05-29,West,Apparel,CENTRAL_DC,3,89.44
2025-05-29,West,Accessories,WEST_DC,9,134.92
2025-05-29,West,Accessories,CENTRAL_DC,2,29.78
2025-05-29,East,Electronics,EAST_DC,35,4219.47
2025-05-29,East,Electronics,WEST_DC,3,353.97
2025-05-29,East,Electronics,CENTRAL_DC,9,1080.09
2025-05-29,East,Home,EAST_DC,28,1298.9
2025-05-29,East,Home,WEST_DC,1,45.75
2025-05-29,East,Home,CENTRAL_DC,2,90.57
2025-05-29,East,Apparel,EAST_DC,22,668.33
2025-05-29,East,Apparel,WEST_DC,4,125.03
2025-05-29,East,Apparel,CENTRAL_DC,6,179.44
2025-05-29,East,Accessories,EAST_DC,5,72.56
2025-05-29,East,Accessories,CENTRAL_DC,3,45.55
2025-05-29,Central,Electronics,CENTRAL_DC,29,3641.73
2025-05-29,Central,Electronics,WEST_DC,4,454.04
2025-05-29,Central,Electronics,EAST_DC,7,845.24
2025-05-29,Central,Home,CENTRAL_DC,22,1024.65
2025-05-29,Central,Home,WEST_DC,2,86.01
2025-05-29,Central,Home,EAST_DC,5,222.08
2025-05-29,Central,Apparel,CENTRAL_DC,32,937.61
2025-05-29,Central,Apparel,WEST_DC,6,182.63
2025-05-29,Central,Apparel,EAST_DC,4,120.02
2025-05-29,Central,Accessories,CENTRAL_DC,3,46.49
2025-05-30,West,Electronics,WEST_DC,43,5016.52
2025-05-30,West,Electronics,EAST_DC,3,352.75
2025-05-30,West,Electronics,CENTRAL_DC,8,938.44
2025-05-30,West,Home,WEST_DC,33,1555.89
2025-05-30,West,Home,EAST_DC,3,134.06
2025-05-30,West,Home,CENTRAL_DC,6,273.84
2025-05-30,West,Apparel,WEST_DC,27,794.76
2025-05-30,West,Apparel,EAST_DC,2,55.75
2025-05-30,West,Apparel,CENTRAL_DC,4,120.25
2025-05-30,West,Accessories,WEST_DC,3,44.46
2025-05-30,East,Electronics,EAST_DC,24,2923.36
2025-05-30,East,Electronics,WEST_DC,6,706.12
2025-05-30,East,Electronics,CENTRAL_DC,8,916.25
2025-05-30,East,Home,EAST_DC,24,1116.89
2025-05-30,East,Home,WEST_DC,5,221.19
2025-05-30,East,Home,CENTRAL_DC,1,42.99
2025-05-30,East,Apparel,EAST_DC,23,677.23
2025-05-30,East,Apparel,WEST_DC,3,88.56
2025-05-30,East,Apparel,CENTRAL_DC,4,119.96
2025-05-30,East,Accessories,EAST_DC,3,46.88
2025-05-30,East,Accessories,WEST_DC,1,14.81
2025-05-30,Central,Electronics,CENTRAL_DC,31,3541.18
2025-05-30,Central,Electronics,WEST_DC,7,897.8
2025-05-30,Central,Electronics,EAST_DC,5,595.33
2025-05-30,Central,Home,CENTRAL_DC,19,854.63
2025-05-30,Central,Home,EAST_DC,7,322.61
2025-05-30,Central,Apparel,CENTRAL_DC,30,927.08
2025-05-30,Central,Apparel,WEST_DC,3,90.87
2025-05-30,Central,Apparel,EAST_DC,5,149.29
2025-05-30,Central,Accessories,CENTRAL_DC,3,44.19
2025-05-30,Central,Accessories,WEST_DC,1,15.3
2025-05-31,West,Electronics,WEST_DC,19,2237.49
2025-05-31,West,Electronics,EAST_DC,9,1055.43
2025-05-31,West,Electronics,CENTRAL_DC,4,473.02
2025-05-31,West,Home,WEST_DC,22,1052.73
2025-05-31,West,Home,EAST_DC,2,92.21
2025-05-31,West,Apparel,WEST_DC,14,408.17
2025-05-31,West,Apparel,EAST_DC,1,30.33
2025-05-31,West,Apparel,CENTRAL_DC,2,64.59
2025-05-31,West,Accessories,WEST_DC,2,30.28
2025-05-31,East,Electronics,EAST_DC,21,2604.17
2025-05-31,East,Electronics,WEST_DC,1,119.67
2025-05-31,East,Home,EAST_DC,12,555.43
2025-05-31,East,Home,WEST_DC,4,181.17
2025-05-31,East,Home,CENTRAL_DC,2,87.86
2025-05-31,East,Apparel,EAST_DC,20,605.12
2025-05-31,East,Apparel,WEST_DC,2,57.64
2025-05-31,East,Accessories,EAST_DC,4,56.88
2025-05-31,Central,Electronics,CENTRAL_DC,20,2388.31
2025-05-31,Central,Electronics,WEST_DC,3,351.9
2025-05-31,Central,Electronics,EAST_DC,2,238.6
2025-05-31,Central,Home,CENTRAL_DC,16,697.79
2025-05-31,Central,Home,WEST_DC,2,88.23
2025-05-31,Central,Home,EAST_DC,1,45.25
2025-05-31,Central,Apparel,CENTRAL_DC,21,618.71
2025-05-31,Central,Apparel,WEST_DC,2,61.24
2025-05-31,Central,Apparel,EAST_DC,3,87.33
2025-05-31,Central,Accessories,CENTRAL_DC,1,14.98
2025-05-31,Central,Accessories,WEST_DC,1,14.74
2025-06-01,West,Electronics,WEST_DC,22,2536.07
2025-06-01,West,Electronics,EAST_DC,3,344.24
2025-06-01,West,Home,WEST_DC,15,647.5
2025-06-01,West,Home,EAST_DC,1,44.52
2025-06-01,West,Home,CENTRAL_DC,1,45.4
2025-06-01,West,Apparel,WEST_DC,25,751.25
2025-06-01,West,Apparel,EAST_DC,1,31.01
2025-06-01,West,Apparel,CENTRAL_DC,2,59.41
2025-06-01,West,Accessories,WEST_DC,7,101.17
2025-06-01,West,Accessories,EAST_DC,1,14.55
2025-06-01,East,Electronics,EAST_DC,17,2065.26
2025-06-01,East,Electronics,WEST_DC,2,242.0
2025-06-01,East,Electronics,CENTRAL_DC,8,971.74
2025-06-01,East,Home,EAST_DC,24,1133.59
2025-06-01,East,Home,WEST_DC,1,42.07
2025-06-01,East,Home,CENTRAL_DC,3,141.34
2025-06-01,East,Apparel,EAST_DC,21,639.75
2025-06-01,East,Apparel,WEST_DC,2,59.61
2025-06-01,East,Apparel,CENTRAL_DC,4,122.37
2025-06-01,East,Accessories,EAST_DC,4,56.41
2025-06-01,Central,Electronics,CENTRAL_DC,29,3569.62
2025-06-01,Central,Electronics,WEST_DC,1,115.07
2025-06-01,Central,Electronics,EAST_DC,4,457.34
2025-06-01,Central,Home,CENTRAL_DC,13,583.73
2025-06-01,Central,Home,WEST_DC,2,87.69
2025-06-01,Central,Home,EAST_DC,3,136.13
2025-06-01,Central,Apparel,CENTRAL_DC,22,639.36
2025-06-01,Central,Apparel,WEST_DC,6,180.54
2025-06-01,Central,Apparel,EAST_DC,3,87.54
2025-06-01,Central,Accessories,CENTRAL_DC,6,89.55
2025-06-02,West,Electronics,WEST_DC,31,3717.77
2025-06-02,West,Electronics,EAST_DC,5,627.47
2025-06-02,West,Electronics,CENTRAL_DC,4,457.85
2025-06-02,West,Home,WEST_DC,27,1248.0
2025-06-02,West,Home,EAST_DC,5,227.63
2025-06-02,West,Home,CENTRAL_DC,3,137.46
2025-06-02,West,Apparel,WEST_DC,39,1145.36
2025-06-02,West,Apparel,EAST_DC,1,28.92
2025-06-02,West,Apparel,CENTRAL_DC,2,60.37
2025-06-02,West,Accessories,WEST_DC,6,87.79
2025-06-02,East,Electronics,EAST_DC,28,3104.32
2025-06-02,East,Electronics,WEST_DC,5,622.55
2025-06-02,East,Electronics,CENTRAL_DC,9,1090.87
2025-06-02,East,Home,EAST_DC,29,1321.85
2025-06-02,East,Home,WEST_DC,2,86.02
2025-06-02,East,Home,CENTRAL_DC,3,134.42
2025-06-02,East,Apparel,EAST_DC,22,642.53
2025-06-02,East,Apparel,WEST_DC,5,147.96
2025-06-02,East,Apparel,CENTRAL_DC,6,182.23
2025-06-02,East,Accessories,EAST_DC,1,14.72
2025-06-02,East,Accessories,WEST_DC,1,14.93
2025-06-02,East,Accessories,CENTRAL_DC,2,29.32
2025-06-02,Central,Electronics,CENTRAL_DC,38,4493.58
2025-06-02,Central,Electronics,WEST_DC,2,239.72
2025-06-02,Central,Electronics,EAST_DC,2,239.25
2025-06-02,Central,Home,CENTRAL_DC,27,1237.43
2025-06-02,Central,Home,WEST_DC,2,91.63
2025-06-02,Central,Home,EAST_DC,4,175.47
2025-06-02,Central,Apparel,CENTRAL_DC,35,1084.08
2025-06-02,Central,Apparel,WEST_DC,3,87.18
2025-06-02,Central,Apparel,EAST_DC,10,311.92
2025-06-02,Central,Accessories,CENTRAL_DC,3,46.01
2025-06-02,Central,Accessories,WEST_DC,1,14.98
2025-06-02,Central,Accessories,EAST_DC,1,15.38
2025-06-03,West,Electronics,WEST_DC,31,3825.83
2025-06-03,West,Electronics,EAST_DC,5,621.45
2025-06-03,West,Electronics,CENTRAL_DC,7,875.44
2025-06-03,West,Home,WEST_DC,32,1498.87
2025-06-03,West,Home,EAST_DC,5,223.41
2025-06-03,West,Home,CENTRAL_DC,2,86.47
2025-06-03,West,Apparel,WEST_DC,40,1222.55
2025-06-03,West,Apparel,EAST_DC,4,117.39
2025-06-03,West,Apparel,CENTRAL_DC,5,145.24
2025-06-03,West,Accessories,WEST_DC,2,28.82
2025-06-03,West,Accessories,EAST_DC,1,15.19
2025-06-03,East,Electronics,EAST_DC,31,3991.69
2025-06-03,East,Electronics,WEST_DC,1,119.14
2025-06-03,East,Home,EAST_DC,11,491.45
2025-06-03,East,Home,WEST_DC,2,86.16
2025-06-03,East,Home,CENTRAL_DC,2,87.79
2025-06-03,East,Apparel,EAST_DC,29,862.55
2025-06-03,East,Apparel,WEST_DC,3,89.05
2025-06-03,East,Apparel,CENTRAL_DC,2,60.27
2025-06-03,East,Accessories,EAST_DC,4,59.56
2025-06-03,Central,Electronics,CENTRAL_DC,36,4506.76
2025-06-03,Central,Electronics,WEST_DC,2,234.74
2025-06-03,Central,Electronics,EAST_DC,1,120.81
2025-06-03,Central,Home,CENTRAL_DC,25,1150.0
2025-06-03,Central,Home,WEST_DC,5,233.24
2025-06-03,Central,Home,EAST_DC,1,43.98
2025-06-03,Central,Apparel,CENTRAL_DC,27,821.65
2025-06-03,Central,Apparel,EAST_DC,6,179.16
2025-06-03,Central,Accessories,CENTRAL_DC,5,75.92
2025-06-03,Central,Accessories,EAST_DC,2,30.54
2025-06-04,West,Electronics,WEST_DC,36,4474.33
2025-06-04,West,Electronics,EAST_DC,4,462.51
2025-06-04,West,Electronics,CENTRAL_DC,2,227.41
2025-06-04,West,Home,WEST_DC,19,841.56
2025-06-04,West,Home,EAST_DC,4,182.73
2025-06-04,West,Home,CENTRAL_DC,4,174.8
2025-06-04,West,Apparel,WEST_DC,36,1079.75
2025-06-04,West,Apparel,EAST_DC,3,91.05
2025-06-04,West,Apparel,CENTRAL_DC,1,29.13
2025-06-04,West,Accessories,WEST_DC,2,30.12
2025-06-04,West,Accessories,EAST_DC,1,14.97
2025-06-04,East,Electronics,EAST_DC,54,6588.96
2025-06-04,East,Electronics,WEST_DC,7,830.87
2025-06-04,East,Electronics,CENTRAL_DC,2,248.9
2025-06-04,East,Home,EAST_DC,21,945.49
2025-06-04,East,Home,WEST_DC,5,233.25
2025-06-04,East,Home,CENTRAL_DC,6,272.21
2025-06-04,East,Apparel,EAST_DC,28,831.15
2025-06-04,East,Apparel,WEST_DC,1,27.8
2025-06-04,East,Apparel,CENTRAL_DC,5,145.12
2025-06-04,East,Accessories,EAST_DC,3,48.51
2025-06-04,East,Accessories,WEST_DC,2,30.45
2025-06-04,Central,Electronics,CENTRAL_DC,31,3907.3
2025-06-04,Central,Electronics,WEST_DC,6,708.06
2025-06-04,Central,Electronics,EAST_DC,4,449.34
2025-06-04,Central,Home,CENTRAL_DC,22,966.92
2025-06-04,Central,Home,WEST_DC,4,183.42
2025-06-04,Central,Home,EAST_DC,4,176.39
2025-06-04,Central,Apparel,CENTRAL_DC,34,1042.89
2025-06-04,Central,Apparel,WEST_DC,3,89.55
2025-06-04,Central,Apparel,EAST_DC,2,59.15
2025-06-04,Central,Accessories,CENTRAL_DC,3,44.78
2025-06-05,West,Electronics,WEST_DC,24,2925.96
2025-06-05,West,Electronics,EAST_DC,7,874.64
2025-06-05,West,Electronics,CENTRAL_DC,7,840.21
2025-06-05,West,Home,WEST_DC,23,1095.77
2025-06-05,West,Home,EAST_DC,3,132.81
2025-06-05,West,Home,CENTRAL_DC,7,313.53
2025-06-05,West,Apparel,WEST_DC,32,990.74
2025-06-05,West,Apparel,EAST_DC,3,91.68
2025-06-05,West,Accessories,WEST_DC,7,106.7
2025-06-05,East,Electronics,EAST_DC,28,3259.9
2025-06-05,East,Electronics,WEST_DC,10,1173.4
2025-06-05,East,Electronics,CENTRAL_DC,7,849.6
2025-06-05,East,Home,EAST_DC,15,705.34
2025-06-05,East,Home,WEST_DC,2,88.45
2025-06-05,East,Home,CENTRAL_DC,2,90.93
2025-06-05,East,Apparel,EAST_DC,24,731.26
2025-06-05,East,Apparel,WEST_DC,7,208.71
2025-06-05,East,Apparel,CENTRAL_DC,4,123.1
2025-06-05,East,Accessories,EAST_DC,3,45.34
2025-06-05,East,Accessories,WEST_DC,2,31.52
2025-06-05,East,Accessories,CENTRAL_DC,1,14.95
2025-06-05,Central,Electronics,CENTRAL_DC,36,4239.17
2025-06-05,Central,Electronics,WEST_DC,2,250.31
2025-06-05,Central,Electronics,EAST_DC,6,748.12
2025-06-05,Central,Home,CENTRAL_DC,29,1374.19
2025-06-05,Central,Home,WEST_DC,6,273.25
2025-06-05,Central,Home,EAST_DC,7,317.07
2025-06-05,Central,Apparel,CENTRAL_DC,23,697.95
2025-06-05,Central,Apparel,WEST_DC,3,87.39
2025-06-05,Central,Accessories,CENTRAL_DC,1,14.1
2025-06-05,Central,Accessories,EAST_DC,2,31.33
2025-06-06,West,Electronics,WEST_DC,36,4348.33
2025-06-06,West,Electronics,EAST_DC,5,606.85
2025-06-06,West,Electronics,CENTRAL_DC,2,237.67
2025-06-06,West,Home,WEST_DC,25,1154.4
2025-06-06,West,Home,EAST_DC,3,145.84
2025-06-06,West,Home,CENTRAL_DC,8,373.16
2025-06-06,West,Apparel,WEST_DC,29,851.72
2025-06-06,West,Apparel,EAST_DC,6,186.44
2025-06-06,West,Apparel,CENTRAL_DC,3,86.25
2025-06-06,West,Accessories,WEST_DC,6,89.99
2025-06-06,East,Electronics,EAST_DC,33,4017.17
2025-06-06,East,Electronics,WEST_DC,3,364.21
2025-06-06,East,Electronics,CENTRAL_DC,3,374.32
2025-06-06,East,Home,EAST_DC,25,1093.3
2025-06-06,East,Apparel,EAST_DC,18,547.44
2025-06-06,East,Apparel,WEST_DC,5,149.48
2025-06-06,East,Apparel,CENTRAL_DC,2,58.35
2025-06-06,East,Accessories,EAST_DC,4,60.5
2025-06-06,East,Accessories,WEST_DC,1,15.25
2025-06-06,Central,Electronics,CENTRAL_DC,37,4420.22
2025-06-06,Central,Electronics,WEST_DC,2,241.67
2025-06-06,Central,Electronics,EAST_DC,4,459.13
2025-06-06,Central,Home,CENTRAL_DC,26,1191.29
2025-06-06,Central,Home,WEST_DC,3,134.32
2025-06-06,Central,Home,EAST_DC,6,276.6
2025-06-06,Central,Apparel,CENTRAL_DC,26,742.02
2025-06-06,Central,Apparel,WEST_DC,6,186.94
2025-06-06,Central,Apparel,EAST_DC,6,188.93
2025-06-06,Central,Accessories,CENTRAL_DC,3,44.23
2025-06-07,West,Electronics,WEST_DC,26,3122.88
2025-06-07,West,Electronics,EAST_DC,4,463.35
2025-06-07,West,Electronics,CENTRAL_DC,4,463.0
2025-06-07,West,Home,WEST_DC,22,973.27
2025-06-07,West,Home,EAST_DC,3,138.38
2025-06-07,West,Home,CENTRAL_DC,1,46.67
2025-06-07,West,Apparel,WEST_DC,15,467.89
2025-06-07,West,Apparel,EAST_DC,4,118.44
2025-06-07,West,Accessories,EAST_DC,2,31.2
2025-06-07,East,Electronics,EAST_DC,24,2764.46
2025-06-07,East,Electronics,WEST_DC,4,483.44
2025-06-07,East,Electronics,CENTRAL_DC,3,362.47
2025-06-07,East,Home,EAST_DC,15,646.98
2025-06-07,East,Home,WEST_DC,3,133.13
2025-06-07,East,Apparel,EAST_DC,24,718.01
2025-06-07,East,Apparel,WEST_DC,1,31.89
2025-06-07,East,Apparel,CENTRAL_DC,1,30.57
2025-06-07,East,Accessories,EAST_DC,2,30.82
2025-06-07,Central,Electronics,CENTRAL_DC,21,2542.8
2025-06-07,Central,Electronics,WEST_DC,2,238.43
2025-06-07,Central,Electronics,EAST_DC,3,369.74
2025-06-07,Central,Home,CENTRAL_DC,20,910.03
2025-06-07,Central,Home,WEST_DC,4,183.78
2025-06-07,Central,Home,EAST_DC,2,89.9
2025-06-07,Central,Apparel,CENTRAL_DC,17,516.37
2025-06-07,Central,Apparel,WEST_DC,4,123.3
2025-06-07,Central,Accessories,CENTRAL_DC,1,14.45
2025-06-08,West,Electronics,WEST_DC,24,2692.79
2025-06-08,West,Electronics,EAST_DC,1,124.21
2025-06-08,West,Electronics,CENTRAL_DC,2,233.44
2025-06-08,West,Home,WEST_DC,20,891.87
2025-06-08,West,Home,EAST_DC,3,135.36
2025-06-08,West,Home,CENTRAL_DC,3,135.72
2025-06-08,West,Apparel,WEST_DC,21,617.34
2025-06-08,West,Apparel,CENTRAL_DC,2,61.21
2025-06-08,West,Accessories,WEST_DC,2,29.39
2025-06-08,East,Electronics,EAST_DC,23,2827.68
2025-06-08,East,Electronics,WEST_DC,1,124.59
2025-06-08,East,Electronics,CENTRAL_DC,3,363.38
2025-06-08,East,Home,EAST_DC,20,885.89
2025-06-08,East,Home,WEST_DC,1,43.39
2025-06-08,East,Home,CENTRAL_DC,7,299.39
2025-06-08,East,Apparel,EAST_DC,23,684.68
2025-06-08,East,Apparel,WEST_DC,3,87.53
2025-06-08,East,Apparel,CENTRAL_DC,10,307.89
2025-06-08,East,Accessories,EAST_DC,4,61.18
2025-06-08,Central,Electronics,CENTRAL_DC,26,3170.83
2025-06-08,Central,Electronics,WEST_DC,1,118.25
2025-06-08,Central,Electronics,EAST_DC,2,245.95
2025-06-08,Central,Home,CENTRAL_DC,21,980.8
2025-06-08,Central,Home,WEST_DC,2,91.43
2025-06-08,Central,Home,EAST_DC,3,140.05
2025-06-08,Central,Apparel,CENTRAL_DC,18,537.53
2025-06-08,Central,Apparel,WEST_DC,3,89.32
2025-06-08,Central,Apparel,EAST_DC,4,114.03
2025-06-08,Central,Accessories,CENTRAL_DC,3,40.81
2025-06-09,West,Electronics,WEST_DC,38,4630.64
2025-06-09,West,Electronics,EAST_DC,2,247.39
2025-06-09,West,Electronics,CENTRAL_DC,7,867.95
2025-06-09,West,Home,WEST_DC,29,1325.77
2025-06-09,West,Home,EAST_DC,4,172.0
2025-06-09,West,Home,CENTRAL_DC,1,43.53
2025-06-09,West,Apparel,WEST_DC,16,465.95
2025-06-09,West,Apparel,EAST_DC,4,121.89
2025-06-09,West,Apparel,CENTRAL_DC,2,58.56
2025-06-09,West,Accessories,WEST_DC,5,74.29
2025-06-09,West,Accessories,CENTRAL_DC,1,15.19
2025-06-09,East,Electronics,EAST_DC,31,3730.65
2025-06-09,East,Electronics,WEST_DC,6,720.03
2025-06-09,East,Electronics,CENTRAL_DC,8,907.76
2025-06-09,East,Home,EAST_DC,20,904.79
2025-06-09,East,Home,WEST_DC,6,265.72
2025-06-09,East,Home,CENTRAL_DC,4,180.36
2025-06-09,East,Apparel,EAST_DC,29,850.83
2025-06-09,East,Apparel,WEST_DC,5,153.18
2025-06-09,East,Apparel,CENTRAL_DC,3,92.27
2025-06-09,East,Accessories,EAST_DC,2,28.84
2025-06-09,East,Accessories,CENTRAL_DC,3,43.27
2025-06-09,Central,Electronics,CENTRAL_DC,39,4789.89
2025-06-09,Central,Electronics,WEST_DC,1,120.98
2025-06-09,Central,Electronics,EAST_DC,1,122.39
2025-06-09,Central,Home,CENTRAL_DC,20,933.09
2025-06-09,Central,Home,WEST_DC,4,182.51
2025-06-09,Central,Home,EAST_DC,4,181.52
2025-06-09,Central,Apparel,CENTRAL_DC,29,873.14
2025-06-09,Central,Apparel,WEST_DC,2,57.76
2025-06-09,Central,Apparel,EAST_DC,6,177.32
2025-06-09,Central,Accessories,CENTRAL_DC,7,105.61
2025-06-09,Central,Accessories,EAST_DC,1,14.53
2025-06-10,West,Electronics,WEST_DC,35,4078.95
2025-06-10,West,Electronics,EAST_DC,4,508.4
2025-06-10,West,Electronics,CENTRAL_DC,5,582.82
2025-06-10,West,Home,WEST_DC,22,1006.49
2025-06-10,West,Home,EAST_DC,3,135.95
2025-06-10,West,Home,CENTRAL_DC,5,224.16
2025-06-10,West,Apparel,WEST_DC,21,627.71
2025-06-10,West,Apparel,EAST_DC,5,154.91
2025-06-10,West,Apparel,CENTRAL_DC,8,248.83
2025-06-10,West,Accessories,WEST_DC,10,146.52
2025-06-10,West,Accessories,EAST_DC,1,14.59
2025-06-10,West,Accessories,CENTRAL_DC,1,15.15
2025-06-10,East,Electronics,EAST_DC,37,4350.78
2025-06-10,East,Electronics,WEST_DC,3,358.13
2025-06-10,East,Electronics,CENTRAL_DC,3,358.11
2025-06-10,East,Home,EAST_DC,15,695.7
2025-06-10,East,Home,WEST_DC,5,233.07
2025-06-10,East,Home,CENTRAL_DC,2,93.54
2025-06-10,East,Apparel,EAST_DC,32,985.83
2025-06-10,East,Apparel,WEST_DC,7,209.46
2025-06-10,East,Apparel,CENTRAL_DC,5,157.65
2025-06-10,East,Accessories,EAST_DC,3,44.92
2025-06-10,East,Accessories,CENTRAL_DC,1,14.02
2025-06-10,Central,Electronics,CENTRAL_DC,30,3790.55
2025-06-10,Central,Electronics,WEST_DC,7,813.26
2025-06-10,Central,Electronics,EAST_DC,2,242.39
2025-06-10,Central,Home,CENTRAL_DC,22,999.88
2025-06-10,Central,Home,WEST_DC,4,177.33
2025-06-10,Central,Home,EAST_DC,4,184.77
2025-06-10,Central,Apparel,CENTRAL_DC,30,908.56
2025-06-10,Central,Apparel,WEST_DC,5,152.11
2025-06-10,Central,Apparel,EAST_DC,3,89.12
2025-06-10,Central,Accessories,CENTRAL_DC,5,70.04
2025-06-11,West,Electronics,WEST_DC,32,3687.65
2025-06-11,West,Electronics,EAST_DC,5,625.0
2025-06-11,West,Electronics,CENTRAL_DC,6,712.48
2025-06-11,West,Home,WEST_DC,23,1021.97
2025-06-11,West,Home,EAST_DC,5,226.98
2025-06-11,West,Home,CENTRAL_DC,1,44.22
2025-06-11,West,Apparel,WEST_DC,27,831.82
2025-06-11,West,Apparel,EAST_DC,5,149.08
2025-06-11,West,Apparel,CENTRAL_DC,3,90.15
2025-06-11,West,Accessories,WEST_DC,5,73.79
2025-06-11,West,Accessories,EAST_DC,1,15.48
2025-06-11,West,Accessories,CENTRAL_DC,1,15.01
2025-06-11,East,Electronics,EAST_DC,32,3735.95
2025-06-11,East,Electronics,WEST_DC,3,369.6
2025-06-11,East,Electronics,CENTRAL_DC,2,235.96
2025-06-11,East,Home,EAST_DC,16,719.71
2025-06-11,East,Home,WEST_DC,4,177.11
2025-06-11,East,Home,CENTRAL_DC,4,177.91
2025-06-11,East,Apparel,EAST_DC,22,691.95
2025-06-11,East,Apparel,WEST_DC,4,119.97
2025-06-11,East,Apparel,CENTRAL_DC,4,119.13
2025-06-11,East,Accessories,EAST_DC,3,45.19
2025-06-11,East,Accessories,WEST_DC,1,14.69
2025-06-11,Central,Electronics,CENTRAL_DC,23,2862.01
2025-06-11,Central,Electronics,WEST_DC,6,748.68
2025-06-11,Central,Electronics,EAST_DC,4,484.11
2025-06-11,Central,Home,CENTRAL_DC,17,762.51
2025-06-11,Central,Home,WEST_DC,6,281.44
2025-06-11,Central,Home,EAST_DC,5,233.87
2025-06-11,Central,Apparel,CENTRAL_DC,31,964.65
2025-06-11,Central,Apparel,WEST_DC,5,147.78
2025-06-11,Central,Apparel,EAST_DC,4,123.65
2025-06-11,Central,Accessories,CENTRAL_DC,4,60.06
2025-06-11,Central,Accessories,EAST_DC,1,15.48
2025-06-12,West,Electronics,WEST_DC,29,3601.02
2025-06-12,West,Electronics,EAST_DC,4,491.76
2025-06-12,West,Electronics,CENTRAL_DC,2,242.28
2025-06-12,West,Home,WEST_DC,20,886.51
2025-06-12,West,Home,EAST_DC,1,44.74
2025-06-12,West,Home,CENTRAL_DC,4,171.6
2025-06-12,West,Apparel,WEST_DC,29,892.98
2025-06-12,West,Apparel,EAST_DC,5,148.74
2025-06-12,West,Apparel,CENTRAL_DC,3,93.36
2025-06-12,West,Accessories,WEST_DC,3,43.91
2025-06-12,East,Electronics,EAST_DC,31,3690.25
2025-06-12,East,Electronics,WEST_DC,5,610.85
2025-06-12,East,Electronics,CENTRAL_DC,6,716.8
2025-06-12,East,Home,EAST_DC,25,1137.92
2025-06-12,East,Home,WEST_DC,2,89.28
2025-06-12,East,Home,CENTRAL_DC,2,86.12
2025-06-12,East,Apparel,EAST_DC,24,685.68
2025-06-12,East,Apparel,WEST_DC,3,86.31
2025-06-12,East,Apparel,CENTRAL_DC,5,143.54
2025-06-12,East,Accessories,EAST_DC,3,45.69
2025-06-12,Central,Electronics,CENTRAL_DC,31,3744.57
2025-06-12,Central,Electronics,WEST_DC,4,467.27
2025-06-12,Central,Electronics,EAST_DC,9,1090.43
2025-06-12,Central,Home,CENTRAL_DC,22,938.77
2025-06-12,Central,Home,EAST_DC,2,89.68
2025-06-12,Central,Apparel,CENTRAL_DC,39,1172.57
2025-06-12,Central,Apparel,WEST_DC,12,361.37
2025-06-12,Central,Apparel,EAST_DC,9,257.13
2025-06-12,Central,Accessories,CENTRAL_DC,2,29.11
2025-06-12,Central,Accessories,WEST_DC,1,15.58
2025-06-12,Central,Accessories,EAST_DC,1,14.98
2025-06-13,West,Electronics,WEST_DC,18,2135.62
2025-06-13,West,Electronics,EAST_DC,5,573.84
2025-06-13,West,Electronics,CENTRAL_DC,8,1006.72
2025-06-13,West,Home,WEST_DC,23,1032.72
2025-06-13,West,Home,EAST_DC,4,179.66
2025-06-13,West,Home,CENTRAL_DC,1,43.27
2025-06-13,West,Apparel,WEST_DC,31,931.85
2025-06-13,West,Apparel,EAST_DC,6,187.99
2025-06-13,West,Apparel,CENTRAL_DC,4,118.92
2025-06-13,West,Accessories,WEST_DC,2,29.75
2025-06-13,East,Electronics,EAST_DC,20,2415.02
2025-06-13,East,Electronics,WEST_DC,8,970.84
2025-06-13,East,Electronics,CENTRAL_DC,4,495.97
2025-06-13,East,Home,EAST_DC,22,954.89
2025-06-13,East,Home,WEST_DC,3,138.94
2025-06-13,East,Home,CENTRAL_DC,3,144.19
2025-06-13,East,Apparel,EAST_DC,40,1254.76
2025-06-13,East,Apparel,WEST_DC,5,148.93
2025-06-13,East,Apparel,CENTRAL_DC,6,182.86
2025-06-13,East,Accessories,EAST_DC,3,44.72
2025-06-13,Central,Electronics,CENTRAL_DC,35,4237.71
2025-06-13,Central,Electronics,WEST_DC,4,463.74
2025-06-13,Central,Electronics,EAST_DC,5,602.11
2025-06-13,Central,Home,CENTRAL_DC,15,676.66
2025-06-13,Central,Home,WEST_DC,5,224.08
2025-06-13,Central,Home,EAST_DC,2,89.93
2025-06-13,Central,Apparel,CENTRAL_DC,23,675.7
2025-06-13,Central,Apparel,WEST_DC,4,123.09
2025-06-13,Central,Apparel,EAST_DC,4,120.84
2025-06-13,Central,Accessories,CENTRAL_DC,4,58.37
2025-06-13,Central,Accessories,EAST_DC,1,14.81
2025-06-14,West,Electronics,WEST_DC,34,3842.66
2025-06-14,West,Electronics,EAST_DC,4,473.86
2025-06-14,West,Electronics,CENTRAL_DC,3,348.71
2025-06-14,West,Home,WEST_DC,19,828.03
2025-06-14,West,Home,EAST_DC,1,45.36
2025-06-14,West,Home,CENTRAL_DC,2,94.89
2025-06-14,West,Apparel,WEST_DC,15,466.65
2025-06-14,West,Apparel,EAST_DC,2,60.47
2025-06-14,West,Apparel,CENTRAL_DC,3,90.3
2025-06-14,West,Accessories,WEST_DC,3,45.7
2025-06-14,West,Accessories,CENTRAL_DC,1,15.16
2025-06-14,East,Electronics,EAST_DC,24,2768.18
2025-06-14,East,Electronics,WEST_DC,5,586.46
2025-06-14,East,Electronics,CENTRAL_DC,1,123.98
2025-06-14,East,Home,EAST_DC,22,997.7
2025-06-14,East,Home,WEST_DC,2,88.13
2025-06-14,East,Apparel,EAST_DC,15,433.93
2025-06-14,East,Apparel,WEST_DC,3,89.01
2025-06-14,East,Apparel,CENTRAL_DC,3,90.91
2025-06-14,East,Accessories,EAST_DC,1,15.11
2025-06-14,East,Accessories,WEST_DC,1,15.25
2025-06-14,East,Accessories,CENTRAL_DC,2,30.31
2025-06-14,Central,Electronics,CENTRAL_DC,25,2926.17
2025-06-14,Central,Electronics,WEST_DC,3,374.53
2025-06-14,Central,Electronics,EAST_DC,2,245.27
2025-06-14,Central,Home,CENTRAL_DC,21,878.31
2025-06-14,Central,Home,WEST_DC,1,45.26
2025-06-14,Central,Home,EAST_DC,1,45.94
2025-06-14,Central,Apparel,CENTRAL_DC,20,619.66
2025-06-14,Central,Apparel,WEST_DC,3,91.9
2025-06-14,Central,Apparel,EAST_DC,2,62.1
2025-06-14,Central,Accessories,CENTRAL_DC,3,44.68
2025-06-14,Central,Accessories,EAST_DC,1,14.61
2025-06-15,West,Electronics,WEST_DC,33,3931.61
2025-06-15,West,Electronics,EAST_DC,5,599.97
2025-06-15,West,Electronics,CENTRAL_DC,2,245.03
2025-06-15,West,Home,WEST_DC,16,710.33
2025-06-15,West,Home,EAST_DC,8,360.53
2025-06-15,West,Home,CENTRAL_DC,6,263.34
2025-06-15,West,Apparel,WEST_DC,24,709.09
2025-06-15,West,Apparel,EAST_DC,2,60.08
2025-06-15,West,Apparel,CENTRAL_DC,4,123.95
2025-06-15,West,Accessories,WEST_DC,5,75.94
2025-06-15,West,Accessories,EAST_DC,1,15.08
2025-06-15,East,Electronics,EAST_DC,20,2447.68
2025-06-15,East,Electronics,WEST_DC,4,491.48
2025-06-15,East,Electronics,CENTRAL_DC,2,239.99
2025-06-15,East,Home,EAST_DC,19,828.35
2025-06-15,East,Home,WEST_DC,1,44.23
2025-06-15,East,Home,CENTRAL_DC,7,316.28
2025-06-15,East,Apparel,EAST_DC,15,434.25
2025-06-15,East,Apparel,WEST_DC,1,29.32
2025-06-15,East,Apparel,CENTRAL_DC,2,59.64
2025-06-15,East,Accessories,EAST_DC,5,76.96
2025-06-15,Central,Electronics,CENTRAL_DC,23,2736.07
2025-06-15,Central,Electronics,WEST_DC,4,482.55
2025-06-15,Central,Electronics,EAST_DC,5,583.53
2025-06-15,Central,Home,CENTRAL_DC,27,1255.5
2025-06-15,Central,Home,WEST_DC,1,43.7
2025-06-15,Central,Home,EAST_DC,2,95.61
2025-06-15,Central,Apparel,CENTRAL_DC,18,538.43
2025-06-15,Central,Apparel,WEST_DC,5,156.34
2025-06-15,Central,Apparel,EAST_DC,2,61.96
2025-06-15,Central,Accessories,CENTRAL_DC,4,60.5
2025-06-15,Central,Accessories,EAST_DC,1,15.09
2025-06-16,West,Electronics,WEST_DC,26,3301.83
2025-06-16,West,Electronics,EAST_DC,4,489.36
2025-06-16,West,Electronics,CENTRAL_DC,3,357.13
2025-06-16,West,Home,WEST_DC,21,936.62
2025-06-16,West,Home,EAST_DC,1,46.08
2025-06-16,West,Home,CENTRAL_DC,1,43.86
2025-06-16,West,Apparel,WEST_DC,37,1078.5
2025-06-16,West,Apparel,EAST_DC,3,85.85
2025-06-16,West,Apparel,CENTRAL_DC,1,28.68
2025-06-16,West,Accessories,WEST_DC,9,137.11
2025-06-16,West,Accessories,CENTRAL_DC,1,15.24
2025-06-16,East,Electronics,EAST_DC,35,3884.47
2025-06-16,East,Electronics,WEST_DC,9,1087.55
2025-06-16,East,Electronics,CENTRAL_DC,7,846.84
2025-06-16,East,Home,EAST_DC,34,1499.29
2025-06-16,East,Home,CENTRAL_DC,4,185.04
2025-06-16,East,Apparel,EAST_DC,21,615.57
2025-06-16,East,Apparel,WEST_DC,4,122.31
2025-06-16,East,Apparel,CENTRAL_DC,5,145.75
2025-06-16,East,Accessories,EAST_DC,5,76.45
2025-06-16,East,Accessories,CENTRAL_DC,1,15.37
2025-06-16,Central,Electronics,CENTRAL_DC,27,3296.3
2025-06-16,Central,Electronics,WEST_DC,2,231.84
2025-06-16,Central,Electronics,EAST_DC,3,357.73
2025-06-16,Central,Home,CENTRAL_DC,15,693.76
2025-06-16,Central,Home,WEST_DC,7,318.18
2025-06-16,Central,Home,EAST_DC,5,223.26
2025-06-16,Central,Apparel,CENTRAL_DC,26,786.19
2025-06-16,Central,Apparel,WEST_DC,2,59.19
2025-06-16,Central,Apparel,EAST_DC,7,219.67
2025-06-16,Central,Accessories,CENTRAL_DC,4,59.92
2025-06-16,Central,Accessories,EAST_DC,1,14.53
2025-06-17,West,Electronics,WEST_DC,27,3234.89
2025-06-17,West,Electronics,EAST_DC,4,472.89
2025-06-17,West,Electronics,CENTRAL_DC,2,238.05
2025-06-17,West,Home,WEST_DC,27,1239.85
2025-06-17,West,Home,EAST_DC,4,176.58
2025-06-17,West,Home,CENTRAL_DC,6,257.24
2025-06-17,West,Apparel,WEST_DC,30,928.61
2025-06-17,West,Apparel,EAST_DC,6,173.47
2025-06-17,West,Apparel,CENTRAL_DC,10,299.68
2025-06-17,West,Accessories,EAST_DC,1,15.23
2025-06-17,West,Accessories,CENTRAL_DC,2,30.4
2025-06-17,East,Electronics,EAST_DC,26,3086.37
2025-06-17,East,Electronics,WEST_DC,8,941.48
2025-06-17,East,Electronics,CENTRAL_DC,5,541.37
2025-06-17,East,Home,EAST_DC,25,1135.28
2025-06-17,East,Home,WEST_DC,2,90.9
2025-06-17,East,Home,CENTRAL_DC,2,91.34
2025-06-17,East,Apparel,EAST_DC,31,936.06
2025-06-17,East,Apparel,WEST_DC,3,86.18
2025-06-17,East,Apparel,CENTRAL_DC,5,155.45
2025-06-17,East,Accessories,EAST_DC,5,74.04
2025-06-17,Central,Electronics,CENTRAL_DC,38,4524.17
2025-06-17,Central,Electronics,WEST_DC,3,365.35
2025-06-17,Central,Electronics,EAST_DC,1,121.33
2025-06-17,Central,Home,CENTRAL_DC,26,1187.16
2025-06-17,Central,Home,WEST_DC,8,367.31
2025-06-17,Central,Home,EAST_DC,1,46.97
2025-06-17,Central,Apparel,CENTRAL_DC,24,691.15
2025-06-17,Central,Apparel,WEST_DC,6,188.03
2025-06-17,Central,Apparel,EAST_DC,9,273.65
2025-06-17,Central,Accessories,CENTRAL_DC,6,91.68
2025-06-18,West,Electronics,WEST_DC,25,2996.32
2025-06-18,West,Electronics,EAST_DC,4,461.43
2025-06-18,West,Electronics,CENTRAL_DC,9,1160.43
2025-06-18,West,Home,WEST_DC,21,933.36
2025-06-18,West,Home,EAST_DC,5,224.34
2025-06-18,West,Home,CENTRAL_DC,4,182.5
2025-06-18,West,Apparel,WEST_DC,28,807.95
2025-06-18,West,Apparel,EAST_DC,4,126.59
2025-06-18,West,Apparel,CENTRAL_DC,7,214.65
2025-06-18,West,Accessories,WEST_DC,5,78.05
2025-06-18,West,Accessories,EAST_DC,1,15.09
2025-06-18,East,Electronics,EAST_DC,37,4458.49
2025-06-18,East,Electronics,WEST_DC,1,118.97
2025-06-18,East,Electronics,CENTRAL_DC,3,362.84
2025-06-18,East,Home,EAST_DC,22,996.16
2025-06-18,East,Home,WEST_DC,2,91.0
2025-06-18,East,Home,CENTRAL_DC,3,134.55
2025-06-18,East,Apparel,EAST_DC,20,595.46
2025-06-18,East,Apparel,WEST_DC,3,91.76
2025-06-18,East,Apparel,CENTRAL_DC,1,30.37
2025-06-18,East,Accessories,EAST_DC,5,77.32
2025-06-18,East,Accessories,WEST_DC,1,14.92
2025-06-18,East,Accessories,CENTRAL_DC,1,13.94
2025-06-18,Central,Electronics,CENTRAL_DC,25,3087.92
2025-06-18,Central,Electronics,WEST_DC,7,838.49
2025-06-18,Central,Electronics,EAST_DC,4,457.99
2025-06-18,Central,Home,CENTRAL_DC,23,1050.83
2025-06-18,Central,Home,WEST_DC,6,269.29
2025-06-18,Central,Home,EAST_DC,5,217.01
2025-06-18,Central,Apparel,CENTRAL_DC,28,855.04
2025-06-18,Central,Apparel,WEST_DC,4,118.84
2025-06-18,Central,Apparel,EAST_DC,5,152.2
2025-06-18,Central,Accessories,CENTRAL_DC,6,85.52
2025-06-18,Central,Accessories,WEST_DC,1,15.67
2025-06-18,Central,Accessories,EAST_DC,1,14.33
2025-06-19,West,Electronics,WEST_DC,34,4055.22
2025-06-19,West,Electronics,EAST_DC,7,875.93
2025-06-19,West,Electronics,CENTRAL_DC,4,500.04
2025-06-19,West,Home,WEST_DC,23,972.2
2025-06-19,West,Home,EAST_DC,4,182.4
2025-06-19,West,Home,CENTRAL_DC,6,275.99
2025-06-19,West,Apparel,WEST_DC,29,841.66
2025-06-19,West,Apparel,EAST_DC,7,215.48
2025-06-19,West,Apparel,CENTRAL_DC,10,282.16
2025-06-19,West,Accessories,WEST_DC,4,60.53
2025-06-19,West,Accessories,CENTRAL_DC,1,14.79
2025-06-19,East,Electronics,EAST_DC,29,3519.25
2025-06-19,East,Electronics,WEST_DC,5,574.75
2025-06-19,East,Electronics,CENTRAL_DC,2,246.79
2025-06-19,East,Home,EAST_DC,22,981.7
2025-06-19,East,Home,WEST_DC,6,276.31
2025-06-19,East,Home,CENTRAL_DC,6,279.17
2025-06-19,East,Apparel,EAST_DC,26,781.05
2025-06-19,East,Apparel,WEST_DC,1,30.01
2025-06-19,East,Apparel,CENTRAL_DC,4,117.92
2025-06-19,East,Accessories,EAST_DC,1,15.0
2025-06-19,East,Accessories,WEST_DC,1,14.88
2025-06-19,Central,Electronics,CENTRAL_DC,31,3703.78
2025-06-19,Central,Electronics,WEST_DC,1,122.03
2025-06-19,Central,Electronics,EAST_DC,10,1178.82
2025-06-19,Central,Home,CENTRAL_DC,17,767.18
2025-06-19,Central,Home,WEST_DC,3,141.35
2025-06-19,Central,Home,EAST_DC,3,136.71
2025-06-19,Central,Apparel,CENTRAL_DC,35,1027.82
2025-06-19,Central,Apparel,EAST_DC,2,60.82
2025-06-19,Central,Accessories,CENTRAL_DC,2,31.39
2025-06-20,West,Electronics,WEST_DC,31,3781.73
2025-06-20,West,Electronics,EAST_DC,5,611.09
2025-06-20,West,Electronics,CENTRAL_DC,3,380.01
2025-06-20,West,Home,WEST_DC,20,892.25
2025-06-20,West,Home,EAST_DC,6,272.63
2025-06-20,West,Home,CENTRAL_DC,4,172.38
2025-06-20,West,Apparel,WEST_DC,33,1009.86
2025-06-20,West,Apparel,EAST_DC,3,89.18
2025-06-20,West,Apparel,CENTRAL_DC,3,87.84
2025-06-20,West,Accessories,WEST_DC,1,15.91
2025-06-20,East,Electronics,EAST_DC,40,4616.19
2025-06-20,East,Electronics,WEST_DC,3,379.94
2025-06-20,East,Electronics,CENTRAL_DC,5,570.35
2025-06-20,East,Home,EAST_DC,28,1298.52
2025-06-20,East,Home,WEST_DC,2,89.69
2025-06-20,East,Home,CENTRAL_DC,10,455.7
2025-06-20,East,Apparel,EAST_DC,19,571.89
2025-06-20,East,Apparel,WEST_DC,4,123.61
2025-06-20,East,Apparel,CENTRAL_DC,4,119.28
2025-06-20,East,Accessories,EAST_DC,4,60.95
2025-06-20,Central,Electronics,CENTRAL_DC,23,2865.59
2025-06-20,Central,Electronics,WEST_DC,5,607.9
2025-06-20,Central,Electronics,EAST_DC,6,719.53
2025-06-20,Central,Home,CENTRAL_DC,14,615.7
2025-06-20,Central,Home,WEST_DC,3,125.34
2025-06-20,Central,Home,EAST_DC,2,91.71
2025-06-20,Central,Apparel,CENTRAL_DC,32,936.23
2025-06-20,Central,Apparel,WEST_DC,4,119.41
2025-06-20,Central,Accessories,CENTRAL_DC,6,90.01
2025-06-21,West,Electronics,WEST_DC,22,2603.21
2025-06-21,West,Electronics,EAST_DC,3,351.53
2025-06-21,West,Electronics,CENTRAL_DC,6,719.5
2025-06-21,West,Home,WEST_DC,18,790.81
2025-06-21,West,Home,EAST_DC,3,144.64
2025-06-21,West,Home,CENTRAL_DC,3,137.41
2025-06-21,West,Apparel,WEST_DC,11,332.35
2025-06-21,West,Apparel,EAST_DC,1,29.99
2025-06-21,West,Apparel,CENTRAL_DC,5,147.61
2025-06-21,West,Accessories,WEST_DC,4,58.41
2025-06-21,East,Electronics,EAST_DC,27,3100.26
2025-06-21,East,Electronics,WEST_DC,6,743.68
2025-06-21,East,Electronics,CENTRAL_DC,2,246.51
2025-06-21,East,Home,EAST_DC,17,749.41
2025-06-21,East,Home,WEST_DC,2,87.94
2025-06-21,East,Home,CENTRAL_DC,6,280.05
2025-06-21,East,Apparel,EAST_DC,18,533.74
2025-06-21,East,Apparel,CENTRAL_DC,6,186.08
2025-06-21,East,Accessories,EAST_DC,4,62.77
2025-06-21,East,Accessories,CENTRAL_DC,2,30.12
2025-06-21,Central,Electronics,CENTRAL_DC,26,2996.77
2025-06-21,Central,Electronics,WEST_DC,6,726.82
2025-06-21,Central,Electronics,EAST_DC,3,351.77
2025-06-21,Central,Home,CENTRAL_DC,16,701.88
2025-06-21,Central,Home,WEST_DC,3,136.0
2025-06-21,Central,Home,EAST_DC,1,44.79
2025-06-21,Central,Apparel,CENTRAL_DC,18,538.98
2025-06-21,Central,Apparel,EAST_DC,2,60.49
2025-06-22,West,Electronics,WEST_DC,25,3134.65
2025-06-22,West,Electronics,EAST_DC,4,511.12
2025-06-22,West,Electronics,CENTRAL_DC,4,482.45
2025-06-22,West,Home,WEST_DC,18,865.66
2025-06-22,West,Home,EAST_DC,5,223.73
2025-06-22,West,Home,CENTRAL_DC,2,92.45
2025-06-22,West,Apparel,WEST_DC,22,646.79
2025-06-22,West,Apparel,EAST_DC,1,27.67
2025-06-22,West,Apparel,CENTRAL_DC,2,61.93
2025-06-22,West,Accessories,WEST_DC,2,27.78
2025-06-22,East,Electronics,EAST_DC,27,3213.54
2025-06-22,East,Electronics,WEST_DC,4,466.86
2025-06-22,East,Home,EAST_DC,20,903.14
2025-06-22,East,Home,CENTRAL_DC,3,137.16
2025-06-22,East,Apparel,EAST_DC,19,568.93
2025-06-22,East,Apparel,WEST_DC,1,28.63
2025-06-22,East,Accessories,EAST_DC,5,77.48
2025-06-22,Central,Electronics,CENTRAL_DC,25,2963.26
2025-06-22,Central,Electronics,WEST_DC,6,707.19
2025-06-22,Central,Electronics,EAST_DC,3,350.08
2025-06-22,Central,Home,CENTRAL_DC,15,718.19
2025-06-22,Central,Home,WEST_DC,7,318.28
2025-06-22,Central,Home,EAST_DC,3,134.84
2025-06-22,Central,Apparel,CENTRAL_DC,25,732.52
2025-06-22,Central,Apparel,WEST_DC,4,121.1
2025-06-22,Central,Apparel,EAST_DC,5,151.93
2025-06-22,Central,Accessories,CENTRAL_DC,2,30.17
2025-06-22,Central,Accessories,EAST_DC,1,15.51
2025-06-23,West,Electronics,WEST_DC,26,3202.2
2025-06-23,West,Electronics,EAST_DC,5,624.16
2025-06-23,West,Electronics,CENTRAL_DC,7,819.47
2025-06-23,West,Home,WEST_DC,24,1072.57
2025-06-23,West,Home,EAST_DC,3,145.76
2025-06-23,West,Home,CENTRAL_DC,3,129.19
2025-06-23,West,Apparel,WEST_DC,34,1012.01
2025-06-23,West,Apparel,EAST_DC,6,178.02
2025-06-23,West,Apparel,CENTRAL_DC,2,59.5
2025-06-23,West,Accessories,WEST_DC,5,77.65
2025-06-23,East,Electronics,EAST_DC,35,4370.44
2025-06-23,East,Electronics,WEST_DC,4,474.01
2025-06-23,East,Electronics,CENTRAL_DC,2,238.55
2025-06-23,East,Home,EAST_DC,30,1322.26
2025-06-23,East,Home,WEST_DC,8,378.62
2025-06-23,East,Home,CENTRAL_DC,8,368.21
2025-06-23,East,Apparel,EAST_DC,28,804.49
2025-06-23,East,Apparel,WEST_DC,4,126.08
2025-06-23,East,Apparel,CENTRAL_DC,3,93.57
2025-06-23,East,Accessories,EAST_DC,3,43.86
2025-06-23,Central,Electronics,CENTRAL_DC,34,3770.69
2025-06-23,Central,Electronics,WEST_DC,3,394.1
2025-06-23,Central,Electronics,EAST_DC,1,124.08
2025-06-23,Central,Home,CENTRAL_DC,27,1231.71
2025-06-23,Central,Home,WEST_DC,3,134.54
2025-06-23,Central,Home,EAST_DC,1,45.54
2025-06-23,Central,Apparel,CENTRAL_DC,31,907.74
2025-06-23,Central,Apparel,WEST_DC,4,120.1
2025-06-23,Central,Apparel,EAST_DC,5,146.72
2025-06-23,Central,Accessories,CENTRAL_DC,3,45.64
2025-06-23,Central,Accessories,WEST_DC,1,14.94
2025-06-24,West,Electronics,WEST_DC,31,3765.1
2025-06-24,West,Electronics,EAST_DC,3,368.9
2025-06-24,West,Electronics,CENTRAL_DC,3,355.85
2025-06-24,West,Home,WEST_DC,19,800.91
2025-06-24,West,Home,EAST_DC,2,88.36
2025-06-24,West,Home,CENTRAL_DC,4,184.04
2025-06-24,West,Apparel,WEST_DC,37,1103.08
2025-06-24,West,Apparel,EAST_DC,2,59.23
2025-06-24,West,Apparel,CENTRAL_DC,5,146.98
2025-06-24,West,Accessories,WEST_DC,2,29.45
2025-06-24,East,Electronics,EAST_DC,36,4399.99
2025-06-24,East,Electronics,WEST_DC,3,363.1
2025-06-24,East,Electronics,CENTRAL_DC,2,243.95
2025-06-24,East,Home,EAST_DC,31,1341.65
2025-06-24,East,Home,WEST_DC,2,91.01
2025-06-24,East,Home,CENTRAL_DC,1,43.12
2025-06-24,East,Apparel,EAST_DC,31,980.84
2025-06-24,East,Apparel,WEST_DC,6,195.1
2025-06-24,East,Apparel,CENTRAL_DC,6,182.57
2025-06-24,East,Accessories,EAST_DC,6,86.49
2025-06-24,East,Accessories,CENTRAL_DC,1,14.78
2025-06-24,Central,Electronics,CENTRAL_DC,30,3746.79
2025-06-24,Central,Electronics,WEST_DC,2,232.88
2025-06-24,Central,Electronics,EAST_DC,9,1142.47
2025-06-24,Central,Home,CENTRAL_DC,16,702.98
2025-06-24,Central,Home,WEST_DC,3,137.42
2025-06-24,Central,Home,EAST_DC,1,46.48
2025-06-24,Central,Apparel,CENTRAL_DC,20,574.48
2025-06-24,Central,Apparel,WEST_DC,2,57.12
2025-06-24,Central,Apparel,EAST_DC,4,120.79
2025-06-24,Central,Accessories,CENTRAL_DC,3,45.8
2025-06-24,Central,Accessories,WEST_DC,2,31.09
2025-06-24,Central,Accessories,EAST_DC,1,15.41
2025-06-25,West,Electronics,WEST_DC,43,5193.2
2025-06-25,West,Electronics,EAST_DC,2,238.35
2025-06-25,West,Electronics,CENTRAL_DC,5,591.89
2025-06-25,West,Home,WEST_DC,23,1031.85
2025-06-25,West,Home,CENTRAL_DC,7,304.42
2025-06-25,West,Apparel,WEST_DC,35,1038.63
2025-06-25,West,Apparel,EAST_DC,2,59.1
2025-06-25,West,Apparel,CENTRAL_DC,4,116.69
2025-06-25,West,Accessories,WEST_DC,3,45.37
2025-06-25,West,Accessories,EAST_DC,1,14.97
2025-06-25,West,Accessories,CENTRAL_DC,2,30.06
2025-06-25,East,Electronics,EAST_DC,35,4205.6
2025-06-25,East,Electronics,WEST_DC,5,569.34
2025-06-25,East,Electronics,CENTRAL_DC,3,366.89
2025-06-25,East,Home,EAST_DC,22,1038.93
2025-06-25,East,Home,WEST_DC,3,132.63
2025-06-25,East,Home,CENTRAL_DC,4,185.21
2025-06-25,East,Apparel,EAST_DC,28,834.77
2025-06-25,East,Apparel,WEST_DC,4,117.55
2025-06-25,East,Apparel,CENTRAL_DC,2,57.85
2025-06-25,East,Accessories,EAST_DC,4,59.79
2025-06-25,East,Accessories,CENTRAL_DC,1,16.09
2025-06-25,Central,Electronics,CENTRAL_DC,34,4083.8
2025-06-25,Central,Electronics,WEST_DC,4,472.59
2025-06-25,Central,Electronics,EAST_DC,7,840.51
2025-06-25,Central,Home,CENTRAL_DC,19,827.83
2025-06-25,Central,Home,WEST_DC,1,45.47
2025-06-25,Central,Home,EAST_DC,1,47.37
2025-06-25,Central,Apparel,CENTRAL_DC,24,717.71
2025-06-25,Central,Apparel,WEST_DC,5,151.82
2025-06-25,Central,Apparel,EAST_DC,6,182.74
2025-06-25,Central,Accessories,CENTRAL_DC,2,30.82
2025-06-25,Central,Accessories,WEST_DC,2,31.07
2025-06-26,West,Electronics,WEST_DC,41,4931.85
2025-06-26,West,Electronics,EAST_DC,6,714.85
2025-06-26,West,Electronics,CENTRAL_DC,2,236.02
2025-06-26,West,Home,WEST_DC,26,1190.16
2025-06-26,West,Home,EAST_DC,4,180.54
2025-06-26,West,Home,CENTRAL_DC,3,138.47
2025-06-26,West,Apparel,WEST_DC,33,959.76
2025-06-26,West,Apparel,EAST_DC,1,31.76
2025-06-26,West,Apparel,CENTRAL_DC,4,126.66
2025-06-26,West,Accessories,WEST_DC,3,44.53
2025-06-26,West,Accessories,EAST_DC,1,14.75
2025-06-26,West,Accessories,CENTRAL_DC,1,15.56
2025-06-26,East,Electronics,EAST_DC,41,4725.62
2025-06-26,East,Electronics,WEST_DC,7,869.28
2025-06-26,East,Electronics,CENTRAL_DC,3,355.63
2025-06-26,East,Home,EAST_DC,24,1115.42
2025-06-26,East,Home,WEST_DC,3,145.07
2025-06-26,East,Home,CENTRAL_DC,5,223.18
2025-06-26,East,Apparel,EAST_DC,26,775.32
2025-06-26,East,Apparel,WEST_DC,6,185.4
2025-06-26,East,Apparel,CENTRAL_DC,2,58.62
2025-06-26,East,Accessories,EAST_DC,3,46.37
2025-06-26,East,Accessories,WEST_DC,1,15.09
2025-06-26,Central,Electronics,CENTRAL_DC,24,2963.63
2025-06-26,Central,Electronics,WEST_DC,6,685.95
2025-06-26,Central,Electronics,EAST_DC,2,239.23
2025-06-26,Central,Home,CENTRAL_DC,29,1297.89
2025-06-26,Central,Home,WEST_DC,3,130.98
2025-06-26,Central,Home,EAST_DC,5,226.26
2025-06-26,Central,Apparel,CENTRAL_DC,24,693.58
2025-06-26,Central,Apparel,WEST_DC,4,122.94
2025-06-26,Central,Apparel,EAST_DC,5,152.52
2025-06-26,Central,Accessories,CENTRAL_DC,5,72.7
2025-06-26,Central,Accessories,WEST_DC,2,29.8
2025-06-26,Central,Accessories,EAST_DC,1,15.2
2025-06-27,West,Electronics,WEST_DC,24,2887.39
2025-06-27,West,Electronics,EAST_DC,4,474.07
2025-06-27,West,Electronics,CENTRAL_DC,4,473.51
2025-06-27,West,Home,WEST_DC,25,1175.51
2025-06-27,West,Home,EAST_DC,1,46.85
2025-06-27,West,Home,CENTRAL_DC,2,94.22
2025-06-27,West,Apparel,WEST_DC,39,1193.07
2025-06-27,West,Apparel,EAST_DC,2,60.14
2025-06-27,West,Apparel,CENTRAL_DC,7,221.64
2025-06-27,West,Accessories,WEST_DC,5,75.88
2025-06-27,West,Accessories,EAST_DC,1,14.62
2025-06-27,East,Electronics,EAST_DC,30,3535.76
2025-06-27,East,Electronics,WEST_DC,7,823.98
2025-06-27,East,Electronics,CENTRAL_DC,1,119.55
2025-06-27,East,Home,EAST_DC,14,668.85
2025-06-27,East,Home,WEST_DC,5,218.23
2025-06-27,East,Home,CENTRAL_DC,2,86.55
2025-06-27,East,Apparel,EAST_DC,22,648.55
2025-06-27,East,Apparel,WEST_DC,2,62.9
2025-06-27,East,Apparel,CENTRAL_DC,4,123.38
2025-06-27,East,Accessories,EAST_DC,5,73.59
2025-06-27,East,Accessories,WEST_DC,1,14.82
2025-06-27,Central,Electronics,CENTRAL_DC,42,5202.02
2025-06-27,Central,Electronics,WEST_DC,4,468.1
2025-06-27,Central,Electronics,EAST_DC,5,592.02
2025-06-27,Central,Home,CENTRAL_DC,22,1035.4
2025-06-27,Central,Home,WEST_DC,1,45.96
2025-06-27,Central,Home,EAST_DC,4,181.63
2025-06-27,Central,Apparel,CENTRAL_DC,21,621.41
2025-06-27,Central,Apparel,WEST_DC,2,58.61
2025-06-27,Central,Apparel,EAST_DC,3,93.21
2025-06-27,Central,Accessories,CENTRAL_DC,3,45.88
2025-06-27,Central,Accessories,WEST_DC,1,15.27
2025-06-28,West,Electronics,WEST_DC,23,2835.9
2025-06-28,West,Electronics,EAST_DC,8,975.05
2025-06-28,West,Electronics,CENTRAL_DC,4,480.97
2025-06-28,West,Home,WEST_DC,17,721.37
2025-06-28,West,Home,EAST_DC,2,91.63
2025-06-28,West,Apparel,WEST_DC,10,287.96
2025-06-28,West,Apparel,EAST_DC,1,30.37
2025-06-28,West,Apparel,CENTRAL_DC,4,126.34
2025-06-28,West,Accessories,WEST_DC,5,71.3
2025-06-28,East,Electronics,EAST_DC,24,2929.07
2025-06-28,East,Electronics,WEST_DC,3,365.0
2025-06-28,East,Electronics,CENTRAL_DC,3,362.16
2025-06-28,East,Home,EAST_DC,11,464.54
2025-06-28,East,Home,WEST_DC,3,132.79
2025-06-28,East,Home,CENTRAL_DC,4,185.97
2025-06-28,East,Apparel,EAST_DC,24,699.16
2025-06-28,East,Apparel,WEST_DC,3,93.04
2025-06-28,East,Apparel,CENTRAL_DC,3,90.07
2025-06-28,East,Accessories,EAST_DC,3,45.28
2025-06-28,Central,Electronics,CENTRAL_DC,19,2289.91
2025-06-28,Central,Electronics,WEST_DC,2,228.76
2025-06-28,Central,Electronics,EAST_DC,5,585.39
2025-06-28,Central,Home,CENTRAL_DC,27,1172.67
2025-06-28,Central,Home,WEST_DC,2,90.66
2025-06-28,Central,Home,EAST_DC,3,137.11
2025-06-28,Central,Apparel,CENTRAL_DC,23,681.42
2025-06-28,Central,Apparel,WEST_DC,3,89.54
2025-06-28,Central,Accessories,CENTRAL_DC,3,44.46
2025-06-28,Central,Accessories,WEST_DC,1,14.18
2025-06-29,West,Electronics,WEST_DC,21,2660.61
2025-06-29,West,Electronics,EAST_DC,2,230.41
2025-06-29,West,Electronics,CENTRAL_DC,3,367.89
2025-06-29,West,Home,WEST_DC,22,992.68
2025-06-29,West,Home,CENTRAL_DC,3,132.73
2025-06-29,West,Apparel,WEST_DC,24,727.39
2025-06-29,West,Apparel,EAST_DC,4,121.2
2025-06-29,West,Apparel,CENTRAL_DC,4,125.38
2025-06-29,West,Accessories,WEST_DC,2,31.11
2025-06-29,East,Electronics,EAST_DC,22,2544.96
2025-06-29,East,Electronics,WEST_DC,2,231.79
2025-06-29,East,Electronics,CENTRAL_DC,3,364.19
2025-06-29,East,Home,EAST_DC,20,913.94
2025-06-29,East,Home,WEST_DC,2,91.17
2025-06-29,East,Home,CENTRAL_DC,4,176.66
2025-06-29,East,Apparel,EAST_DC,26,738.33
2025-06-29,East,Apparel,CENTRAL_DC,1,27.97
2025-06-29,East,Accessories,EAST_DC,3,44.94
2025-06-29,Central,Electronics,CENTRAL_DC,28,3315.92
2025-06-29,Central,Electronics,EAST_DC,5,584.34
2025-06-29,Central,Home,CENTRAL_DC,20,913.17
2025-06-29,Central,Home,EAST_DC,2,87.14
2025-06-29,Central,Apparel,CENTRAL_DC,25,715.5
2025-06-29,Central,Apparel,WEST_DC,2,63.64
2025-06-29,Central,Apparel,EAST_DC,1,30.26
2025-06-29,Central,Accessories,CENTRAL_DC,7,104.45
2025-06-30,West,Electronics,WEST_DC,27,3469.21
2025-06-30,West,Electronics,EAST_DC,2,242.34
2025-06-30,West,Electronics,CENTRAL_DC,5,604.11
2025-06-30,West,Home,WEST_DC,24,1057.55
2025-06-30,West,Home,EAST_DC,2,88.41
2025-06-30,West,Apparel,WEST_DC,20,603.71
2025-06-30,West,Apparel,EAST_DC,9,269.28
2025-06-30,West,Apparel,CENTRAL_DC,4,120.57
2025-06-30,West,Accessories,WEST_DC,2,29.38
2025-06-30,West,Accessories,EAST_DC,2,29.32
2025-06-30,West,Accessories,CENTRAL_DC,3,46.26
2025-06-30,East,Electronics,EAST_DC,21,2513.66
2025-06-30,East,Electronics,WEST_DC,3,363.68
2025-06-30,East,Electronics,CENTRAL_DC,4,482.35
2025-06-30,East,Home,EAST_DC,28,1271.01
2025-06-30,East,Home,WEST_DC,6,270.79
2025-06-30,East,Home,CENTRAL_DC,6,274.89
2025-06-30,East,Apparel,EAST_DC,29,833.51
2025-06-30,East,Apparel,WEST_DC,1,29.75
2025-06-30,East,Apparel,CENTRAL_DC,5,144.26
2025-06-30,East,Accessories,EAST_DC,7,109.64
2025-06-30,East,Accessories,CENTRAL_DC,1,14.83
2025-06-30,Central,Electronics,CENTRAL_DC,27,3269.87
2025-06-30,Central,Electronics,WEST_DC,3,358.79
2025-06-30,Central,Electronics,EAST_DC,7,836.41
2025-06-30,Central,Home,CENTRAL_DC,35,1556.4
2025-06-30,Central,Home,WEST_DC,2,88.59
2025-06-30,Central,Home,EAST_DC,2,93.97
2025-06-30,Central,Apparel,CENTRAL_DC,29,869.13
2025-06-30,Central,Apparel,WEST_DC,7,213.24
2025-06-30,Central,Apparel,EAST_DC,5,149.21
2025-06-30,Central,Accessories,CENTRAL_DC,9,134.75
2025-06-30,Central,Accessories,WEST_DC,1,15.3
2025-07-01,West,Electronics,WEST_DC,28,3456.9
2025-07-01,West,Electronics,EAST_DC,2,245.13
2025-07-01,West,Electronics,CENTRAL_DC,8,995.52
2025-07-01,West,Home,WEST_DC,28,1283.19
2025-07-01,West,Home,EAST_DC,6,282.11
2025-07-01,West,Home,CENTRAL_DC,3,128.18
2025-07-01,West,Apparel,WEST_DC,29,870.17
2025-07-01,West,Apparel,EAST_DC,6,183.77
2025-07-01,West,Apparel,CENTRAL_DC,4,122.28
2025-07-01,West,Accessories,WEST_DC,5,78.1
2025-07-01,West,Accessories,EAST_DC,1,15.74
2025-07-01,West,Accessories,CENTRAL_DC,2,29.91
2025-07-01,East,Electronics,EAST_DC,35,4093.84
2025-07-01,East,Electronics,WEST_DC,5,601.98
2025-07-01,East,Electronics,CENTRAL_DC,2,255.43
2025-07-01,East,Home,EAST_DC,23,1089.42
2025-07-01,East,Home,WEST_DC,3,137.24
2025-07-01,East,Home,CENTRAL_DC,3,137.87
2025-07-01,East,Apparel,EAST_DC,16,492.87
2025-07-01,East,Apparel,WEST_DC,7,205.2
2025-07-01,East,Apparel,CENTRAL_DC,7,212.45
2025-07-01,East,Accessories,EAST_DC,1,14.86
2025-07-01,Central,Electronics,CENTRAL_DC,28,3415.23
2025-07-01,Central,Electronics,WEST_DC,3,350.52
2025-07-01,Central,Electronics,EAST_DC,4,490.4
2025-07-01,Central,Home,CENTRAL_DC,21,951.42
2025-07-01,Central,Home,WEST_DC,1,46.05
2025-07-01,Central,Home,EAST_DC,4,174.8
2025-07-01,Central,Apparel,CENTRAL_DC,39,1201.97
2025-07-01,Central,Apparel,WEST_DC,6,175.65
2025-07-01,Central,Apparel,EAST_DC,2,59.84
2025-07-01,Central,Accessories,CENTRAL_DC,4,59.42
2025-07-01,Central,Accessories,EAST_DC,1,14.39
2025-07-02,West,Electronics,WEST_DC,24,2906.99
2025-07-02,West,Electronics,EAST_DC,6,720.56
2025-07-02,West,Electronics,CENTRAL_DC,4,472.35
2025-07-02,West,Home,WEST_DC,21,952.21
2025-07-02,West,Home,EAST_DC,2,85.29
2025-07-02,West,Home,CENTRAL_DC,1,44.54
2025-07-02,West,Apparel,WEST_DC,21,614.69
2025-07-02,West,Apparel,EAST_DC,5,149.84
2025-07-02,West,Apparel,CENTRAL_DC,2,57.22
2025-07-02,West,Accessories,WEST_DC,3,43.61
2025-07-02,West,Accessories,EAST_DC,1,15.0
2025-07-02,East,Electronics,EAST_DC,29,3445.74
2025-07-02,East,Electronics,WEST_DC,6,725.25
2025-07-02,East,Electronics,CENTRAL_DC,1,119.23
2025-07-02,East,Home,EAST_DC,39,1767.52
2025-07-02,East,Home,WEST_DC,4,184.43
2025-07-02,East,Home,CENTRAL_DC,2,88.15
2025-07-02,East,Apparel,EAST_DC,31,904.86
2025-07-02,East,Apparel,WEST_DC,7,206.87
2025-07-02,East,Apparel,CENTRAL_DC,7,202.48
2025-07-02,East,Accessories,EAST_DC,5,75.73
2025-07-02,East,Accessories,WEST_DC,2,31.14
2025-07-02,Central,Electronics,CENTRAL_DC,26,3292.83
2025-07-02,Central,Electronics,WEST_DC,8,976.64
2025-07-02,Central,Electronics,EAST_DC,5,596.57
2025-07-02,Central,Home,CENTRAL_DC,26,1200.89
2025-07-02,Central,Home,WEST_DC,1,45.74
2025-07-02,Central,Home,EAST_DC,4,184.77
2025-07-02,Central,Apparel,CENTRAL_DC,33,987.09
2025-07-02,Central,Apparel,WEST_DC,3,88.46
2025-07-02,Central,Apparel,EAST_DC,6,180.73
2025-07-02,Central,Accessories,CENTRAL_DC,1,15.39
2025-07-02,Central,Accessories,EAST_DC,1,15.03
2025-07-03,West,Electronics,WEST_DC,46,5238.3
2025-07-03,West,Electronics,EAST_DC,3,347.1
2025-07-03,West,Electronics,CENTRAL_DC,5,575.42
2025-07-03,West,Home,WEST_DC,27,1203.05
2025-07-03,West,Home,EAST_DC,2,90.4
2025-07-03,West,Home,CENTRAL_DC,4,174.64
2025-07-03,West,Apparel,WEST_DC,27,837.88
2025-07-03,West,Apparel,EAST_DC,4,127.32
2025-07-03,West,Apparel,CENTRAL_DC,1,29.02
2025-07-03,West,Accessories,WEST_DC,5,76.89
2025-07-03,East,Electronics,EAST_DC,28,3355.06
2025-07-03,East,Electronics,WEST_DC,4,465.49
2025-07-03,East,Electronics,CENTRAL_DC,2,246.3
2025-07-03,East,Home,EAST_DC,18,767.54
2025-07-03,East,Home,WEST_DC,5,227.99
2025-07-03,East,Home,CENTRAL_DC,7,305.75
2025-07-03,East,Apparel,EAST_DC,40,1220.84
2025-07-03,East,Apparel,WEST_DC,2,60.29
2025-07-03,East,Apparel,CENTRAL_DC,5,151.33
2025-07-03,East,Accessories,EAST_DC,2,30.99
2025-07-03,East,Accessories,WEST_DC,1,15.15
2025-07-03,Central,Electronics,CENTRAL_DC,37,4472.27
2025-07-03,Central,Electronics,WEST_DC,9,1082.73
2025-07-03,Central,Electronics,EAST_DC,5,633.45
2025-07-03,Central,Home,CENTRAL_DC,24,1045.19
2025-07-03,Central,Home,WEST_DC,3,133.18
2025-07-03,Central,Home,EAST_DC,4,179.94
2025-07-03,Central,Apparel,CENTRAL_DC,33,960.57
2025-07-03,Central,Apparel,WEST_DC,2,59.59
2025-07-03,Central,Apparel,EAST_DC,1,30.54
2025-07-03,Central,Accessories,CENTRAL_DC,2,31.56
2025-07-03,Central,Accessories,WEST_DC,2,29.57
2025-07-04,West,Electronics,WEST_DC,31,3612.17
2025-07-04,West,Electronics,EAST_DC,4,462.41
2025-07-04,West,Electronics,CENTRAL_DC,5,567.92
2025-07-04,West,Home,WEST_DC,23,1041.47
2025-07-04,West,Home,EAST_DC,8,359.73
2025-07-04,West,Home,CENTRAL_DC,5,223.34
2025-07-04,West,Apparel,WEST_DC,29,828.42
2025-07-04,West,Apparel,EAST_DC,1,30.81
2025-07-04,West,Apparel,CENTRAL_DC,9,259.59
2025-07-04,West,Accessories,WEST_DC,2,30.86
2025-07-04,East,Electronics,EAST_DC,35,3958.01
2025-07-04,East,Electronics,WEST_DC,5,609.36
2025-07-04,East,Electronics,CENTRAL_DC,3,350.1
2025-07-04,East,Home,EAST_DC,26,1183.41
2025-07-04,East,Home,WEST_DC,3,133.83
2025-07-04,East,Home,CENTRAL_DC,6,281.48
2025-07-04,East,Apparel,EAST_DC,29,866.0
2025-07-04,East,Apparel,WEST_DC,5,144.49
2025-07-04,East,Apparel,CENTRAL_DC,3,87.77
2025-07-04,East,Accessories,EAST_DC,1,15.11
2025-07-04,East,Accessories,WEST_DC,2,29.78
2025-07-04,Central,Electronics,CENTRAL_DC,28,3229.11
2025-07-04,Central,Electronics,WEST_DC,7,847.63
2025-07-04,Central,Electronics,EAST_DC,3,369.8
2025-07-04,Central,Home,CENTRAL_DC,21,917.88
2025-07-04,Central,Home,WEST_DC,3,140.19
2025-07-04,Central,Home,EAST_DC,1,46.53
2025-07-04,Central,Apparel,CENTRAL_DC,29,812.33
2025-07-04,Central,Apparel,WEST_DC,2,60.07
2025-07-04,Central,Apparel,EAST_DC,6,166.33
2025-07-04,Central,Accessories,CENTRAL_DC,3,45.37
2025-07-04,Central,Accessories,EAST_DC,1,14.73
2025-07-05,West,Electronics,WEST_DC,36,4239.53
2025-07-05,West,Electronics,EAST_DC,1,116.62
2025-07-05,West,Electronics,CENTRAL_DC,1,120.62
2025-07-05,West,Home,WEST_DC,21,923.18
2025-07-05,West,Home,EAST_DC,3,128.5
2025-07-05,West,Home,CENTRAL_DC,1,44.19
2025-07-05,West,Apparel,WEST_DC,27,800.85
2025-07-05,West,Apparel,EAST_DC,2,62.96
2025-07-05,West,Apparel,CENTRAL_DC,2,56.52
2025-07-05,West,Accessories,WEST_DC,2,29.2
2025-07-05,East,Electronics,EAST_DC,29,3557.19
2025-07-05,East,Home,EAST_DC,17,753.08
2025-07-05,East,Home,WEST_DC,1,45.63
2025-07-05,East,Home,CENTRAL_DC,4,167.73
2025-07-05,East,Apparel,EAST_DC,27,816.63
2025-07-05,East,Apparel,WEST_DC,2,61.43
2025-07-05,East,Apparel,CENTRAL_DC,3,90.46
2025-07-05,East,Accessories,EAST_DC,7,106.63
2025-07-05,Central,Electronics,CENTRAL_DC,24,2937.21
2025-07-05,Central,Electronics,WEST_DC,4,470.03
2025-07-05,Central,Electronics,EAST_DC,4,504.38
2025-07-05,Central,Home,CENTRAL_DC,23,1032.0
2025-07-05,Central,Home,WEST_DC,4,183.84
2025-07-05,Central,Home,EAST_DC,2,86.29
2025-07-05,Central,Apparel,CENTRAL_DC,22,664.81
2025-07-05,Central,Apparel,WEST_DC,6,180.14
2025-07-05,Central,Apparel,EAST_DC,1,31.01
2025-07-05,Central,Accessories,CENTRAL_DC,5,72.52
2025-07-05,Central,Accessories,EAST_DC,1,14.54
2025-07-06,West,Electronics,WEST_DC,22,2652.38
2025-07-06,West,Electronics,CENTRAL_DC,7,874.96
2025-07-06,West,Home,WEST_DC,16,749.74
2025-07-06,West,Home,EAST_DC,3,139.71
2025-07-06,West,Home,CENTRAL_DC,1,45.02
2025-07-06,West,Apparel,WEST_DC,22,644.4
2025-07-06,West,Apparel,EAST_DC,4,117.53
2025-07-06,West,Apparel,CENTRAL_DC,4,117.47
2025-07-06,West,Accessories,WEST_DC,1,15.64
2025-07-06,West,Accessories,CENTRAL_DC,1,14.66
2025-07-06,East,Electronics,EAST_DC,17,1917.8
2025-07-06,East,Electronics,WEST_DC,3,363.95
2025-07-06,East,Electronics,CENTRAL_DC,5,610.0
2025-07-06,East,Home,EAST_DC,20,914.42
2025-07-06,East,Home,WEST_DC,1,43.93
2025-07-06,East,Home,CENTRAL_DC,1,46.99
2025-07-06,East,Apparel,EAST_DC,23,647.32
2025-07-06,East,Apparel,WEST_DC,1,29.52
2025-07-06,East,Apparel,CENTRAL_DC,2,59.08
2025-07-06,East,Accessories,EAST_DC,3,41.23
2025-07-06,East,Accessories,WEST_DC,1,14.68
2025-07-06,Central,Electronics,CENTRAL_DC,14,1621.6
2025-07-06,Central,Electronics,WEST_DC,2,245.92
2025-07-06,Central,Electronics,EAST_DC,4,497.3
2025-07-06,Central,Home,CENTRAL_DC,23,1044.59
2025-07-06,Central,Home,WEST_DC,3,130.73
2025-07-06,Central,Home,EAST_DC,2,93.22
2025-07-06,Central,Apparel,CENTRAL_DC,20,604.09
2025-07-06,Central,Apparel,WEST_DC,5,146.75
2025-07-06,Central,Apparel,EAST_DC,2,58.74
2025-07-06,Central,Accessories,CENTRAL_DC,5,74.63
2025-07-06,Central,Accessories,WEST_DC,1,15.8
2025-07-06,Central,Accessories,EAST_DC,2,29.74
2025-07-07,West,Electronics,WEST_DC,32,3920.77
2025-07-07,West,Electronics,EAST_DC,6,728.84
2025-07-07,West,Electronics,CENTRAL_DC,6,744.75
2025-07-07,West,Home,WEST_DC,31,1414.77
2025-07-07,West,Home,EAST_DC,4,180.43
2025-07-07,West,Home,CENTRAL_DC,2,88.37
2025-07-07,West,Apparel,WEST_DC,38,1090.99
2025-07-07,West,Apparel,EAST_DC,4,126.19
2025-07-07,West,Apparel,CENTRAL_DC,2,61.87
2025-07-07,West,Accessories,WEST_DC,6,90.17
2025-07-07,West,Accessories,EAST_DC,2,31.35
2025-07-07,West,Accessories,CENTRAL_DC,2,28.43
2025-07-07,East,Electronics,EAST_DC,31,3696.61
2025-07-07,East,Electronics,WEST_DC,4,471.2
2025-07-07,East,Electronics,CENTRAL_DC,3,359.47
2025-07-07,East,Home,EAST_DC,29,1369.37
2025-07-07,East,Home,WEST_DC,3,130.06
2025-07-07,East,Home,CENTRAL_DC,4,176.98
2025-07-07,East,Apparel,EAST_DC,39,1191.82
2025-07-07,East,Apparel,WEST_DC,2,62.13
2025-07-07,East,Apparel,CENTRAL_DC,4,115.6
2025-07-07,East,Accessories,EAST_DC,3,47.08
2025-07-07,Central,Electronics,CENTRAL_DC,34,3960.33
2025-07-07,Central,Electronics,WEST_DC,3,351.01
2025-07-07,Central,Electronics,EAST_DC,9,1092.17
2025-07-07,Central,Home,CENTRAL_DC,25,1164.45
2025-07-07,Central,Home,WEST_DC,5,210.39
2025-07-07,Central,Home,EAST_DC,2,90.24
2025-07-07,Central,Apparel,CENTRAL_DC,27,834.5
2025-07-07,Central,Apparel,WEST_DC,4,121.28
2025-07-07,Central,Apparel,EAST_DC,5,154.26
2025-07-08,West,Electronics,WEST_DC,33,3849.62
2025-07-08,West,Electronics,EAST_DC,2,242.42
2025-07-08,West,Electronics,CENTRAL_DC,2,243.44
2025-07-08,West,Home,WEST_DC,39,1682.82
2025-07-08,West,Home,CENTRAL_DC,4,191.1
2025-07-08,West,Apparel,WEST_DC,26,800.04
2025-07-08,West,Apparel,EAST_DC,2,59.37
2025-07-08,West,Apparel,CENTRAL_DC,2,58.97
2025-07-08,West,Accessories,WEST_DC,7,111.98
2025-07-08,East,Electronics,EAST_DC,33,3928.37
2025-07-08,East,Electronics,WEST_DC,4,482.71
2025-07-08,East,Electronics,CENTRAL_DC,5,599.58
2025-07-08,East,Home,EAST_DC,19,875.73
2025-07-08,East,Home,WEST_DC,1,44.23
2025-07-08,East,Home,CENTRAL_DC,5,224.73
2025-07-08,East,Apparel,EAST_DC,29,842.01
2025-07-08,East,Apparel,WEST_DC,3,87.46
2025-07-08,East,Apparel,CENTRAL_DC,2,57.61
2025-07-08,East,Accessories,EAST_DC,3,43.39
2025-07-08,Central,Electronics,CENTRAL_DC,31,3754.59
2025-07-08,Central,Electronics,WEST_DC,4,475.09
2025-07-08,Central,Electronics,EAST_DC,8,918.11
2025-07-08,Central,Home,CENTRAL_DC,28,1256.85
2025-07-08,Central,Home,WEST_DC,4,178.25
2025-07-08,Central,Home,EAST_DC,2,91.92
2025-07-08,Central,Apparel,CENTRAL_DC,28,792.12
2025-07-08,Central,Apparel,WEST_DC,5,149.3
2025-07-08,Central,Apparel,EAST_DC,8,233.75
2025-07-08,Central,Accessories,CENTRAL_DC,3,45.3
2025-07-08,Central,Accessories,WEST_DC,1,15.01
2025-07-08,Central,Accessories,EAST_DC,2,29.95
2025-07-09,West,Electronics,WEST_DC,33,4263.98
2025-07-09,West,Electronics,EAST_DC,4,476.38
2025-07-09,West,Electronics,CENTRAL_DC,5,605.01
2025-07-09,West,Home,WEST_DC,21,908.51
2025-07-09,West,Home,EAST_DC,6,269.13
2025-07-09,West,Home,CENTRAL_DC,6,268.61
2025-07-09,West,Apparel,WEST_DC,30,902.31
2025-07-09,West,Apparel,EAST_DC,3,84.19
2025-07-09,West,Apparel,CENTRAL_DC,5,153.5
2025-07-09,West,Accessories,WEST_DC,3,45.56
2025-07-09,West,Accessories,EAST_DC,2,29.44
2025-07-09,East,Electronics,EAST_DC,26,3245.48
2025-07-09,East,Electronics,WEST_DC,2,240.65
2025-07-09,East,Electronics,CENTRAL_DC,6,721.31
2025-07-09,East,Home,EAST_DC,26,1115.15
2025-07-09,East,Home,WEST_DC,5,230.59
2025-07-09,East,Home,CENTRAL_DC,2,91.08
2025-07-09,East,Apparel,EAST_DC,33,987.44
2025-07-09,East,Apparel,WEST_DC,9,280.58
2025-07-09,East,Apparel,CENTRAL_DC,7,223.12
2025-07-09,East,Accessories,EAST_DC,5,74.5
2025-07-09,East,Accessories,CENTRAL_DC,1,14.65
2025-07-09,Central,Electronics,CENTRAL_DC,34,4193.57
2025-07-09,Central,Electronics,WEST_DC,3,345.52
2025-07-09,Central,Electronics,EAST_DC,4,468.4
2025-07-09,Central,Home,CENTRAL_DC,14,628.16
2025-07-09,Central,Home,WEST_DC,4,178.87
2025-07-09,Central,Home,EAST_DC,1,43.61
2025-07-09,Central,Apparel,CENTRAL_DC,27,848.15
2025-07-09,Central,Apparel,WEST_DC,1,28.08
2025-07-09,Central,Apparel,EAST_DC,4,122.94
2025-07-09,Central,Accessories,CENTRAL_DC,3,44.99
2025-07-09,Central,Accessories,WEST_DC,2,32.8
2025-07-09,Central,Accessories,EAST_DC,1,15.61
2025-07-10,West,Electronics,WEST_DC,36,4498.5
2025-07-10,West,Electronics,EAST_DC,4,487.01
2025-07-10,West,Electronics,CENTRAL_DC,6,706.75
2025-07-10,West,Home,WEST_DC,23,1084.31
2025-07-10,West,Home,EAST_DC,5,223.0
2025-07-10,West,Home,CENTRAL_DC,1,43.66
2025-07-10,West,Apparel,WEST_DC,30,909.56
2025-07-10,West,Apparel,EAST_DC,10,292.93
2025-07-10,West,Apparel,CENTRAL_DC,5,162.1
2025-07-10,West,Accessories,WEST_DC,4,60.02
2025-07-10,East,Electronics,EAST_DC,26,3018.34
2025-07-10,East,Electronics,WEST_DC,3,350.59
2025-07-10,East,Electronics,CENTRAL_DC,5,627.42
2025-07-10,East,Home,EAST_DC,35,1536.79
2025-07-10,East,Home,WEST_DC,1,44.54
2025-07-10,East,Home,CENTRAL_DC,5,232.36
2025-07-10,East,Apparel,EAST_DC,26,773.05
2025-07-10,East,Apparel,WEST_DC,7,202.04
2025-07-10,East,Apparel,CENTRAL_DC,7,217.33
2025-07-10,East,Accessories,EAST_DC,3,44.8
2025-07-10,Central,Electronics,CENTRAL_DC,22,2522.07
2025-07-10,Central,Home,CENTRAL_DC,20,957.64
2025-07-10,Central,Home,WEST_DC,2,95.32
2025-07-10,Central,Apparel,CENTRAL_DC,29,887.96
2025-07-10,Central,Apparel,WEST_DC,3,90.08
2025-07-10,Central,Apparel,EAST_DC,8,243.11
2025-07-10,Central,Accessories,CENTRAL_DC,3,42.95
2025-07-11,West,Electronics,WEST_DC,25,3194.76
2025-07-11,West,Electronics,EAST_DC,1,118.9
2025-07-11,West,Electronics,CENTRAL_DC,6,710.48
2025-07-11,West,Home,WEST_DC,26,1051.46
2025-07-11,West,Home,EAST_DC,3,133.95
2025-07-11,West,Home,CENTRAL_DC,2,86.56
2025-07-11,West,Apparel,WEST_DC,18,544.3
2025-07-11,West,Apparel,EAST_DC,2,60.91
2025-07-11,West,Apparel,CENTRAL_DC,4,118.34
2025-07-11,West,Accessories,WEST_DC,3,42.49
2025-07-11,West,Accessories,EAST_DC,1,15.36
2025-07-11,West,Accessories,CENTRAL_DC,1,14.35
2025-07-11,East,Electronics,EAST_DC,25,2941.96
2025-07-11,East,Electronics,WEST_DC,6,725.12
2025-07-11,East,Electronics,CENTRAL_DC,6,730.38
2025-07-11,East,Home,EAST_DC,22,982.0
2025-07-11,East,Home,WEST_DC,2,88.72
2025-07-11,East,Home,CENTRAL_DC,4,176.08
2025-07-11,East,Apparel,EAST_DC,40,1183.13
2025-07-11,East,Apparel,WEST_DC,1,31.23
2025-07-11,East,Apparel,CENTRAL_DC,2,60.1
2025-07-11,East,Accessories,EAST_DC,2,30.35
2025-07-11,East,Accessories,WEST_DC,1,14.69
2025-07-11,East,Accessories,CENTRAL_DC,1,15.33
2025-07-11,Central,Electronics,CENTRAL_DC,48,5497.94
2025-07-11,Central,Electronics,WEST_DC,1,120.92
2025-07-11,Central,Electronics,EAST_DC,4,470.83
2025-07-11,Central,Home,CENTRAL_DC,27,1224.81
2025-07-11,Central,Home,WEST_DC,4,183.22
2025-07-11,Central,Home,EAST_DC,3,135.4
2025-07-11,Central,Apparel,CENTRAL_DC,32,928.9
2025-07-11,Central,Apparel,WEST_DC,2,60.1
2025-07-11,Central,Apparel,EAST_DC,3,88.91
2025-07-11,Central,Accessories,CENTRAL_DC,5,71.58
2025-07-11,Central,Accessories,EAST_DC,2,30.06
2025-07-12,West,Electronics,WEST_DC,15,1726.55
2025-07-12,West,Electronics,EAST_DC,4,471.76
2025-07-12,West,Electronics,CENTRAL_DC,1,112.09
2025-07-12,West,Home,WEST_DC,13,617.63
2025-07-12,West,Home,EAST_DC,5,228.21
2025-07-12,West,Home,CENTRAL_DC,1,46.6
2025-07-12,West,Apparel,WEST_DC,26,783.27
2025-07-12,West,Apparel,EAST_DC,3,92.34
2025-07-12,West,Apparel,CENTRAL_DC,3,88.75
2025-07-12,West,Accessories,WEST_DC,4,61.46
2025-07-12,West,Accessories,EAST_DC,1,15.26
2025-07-12,East,Electronics,EAST_DC,23,2753.21
2025-07-12,East,Electronics,WEST_DC,2,238.14
2025-07-12,East,Electronics,CENTRAL_DC,3,371.85
2025-07-12,East,Home,EAST_DC,13,589.45
2025-07-12,East,Home,WEST_DC,2,88.16
2025-07-12,East,Home,CENTRAL_DC,4,181.07
2025-07-12,East,Apparel,EAST_DC,15,458.76
2025-07-12,East,Apparel,WEST_DC,3,92.98
2025-07-12,East,Apparel,CENTRAL_DC,1,31.28
2025-07-12,East,Accessories,EAST_DC,5,74.42
2025-07-12,Central,Electronics,CENTRAL_DC,25,2935.12
2025-07-12,Central,Electronics,WEST_DC,3,352.59
2025-07-12,Central,Electronics,EAST_DC,4,492.75
2025-07-12,Central,Home,CENTRAL_DC,23,1044.63
2025-07-12,Central,Home,WEST_DC,1,45.53
2025-07-12,Central,Home,EAST_DC,2,92.72
2025-07-12,Central,Apparel,CENTRAL_DC,18,514.35
2025-07-12,Central,Apparel,WEST_DC,2,60.39
2025-07-12,Central,Apparel,EAST_DC,6,187.45
2025-07-12,Central,Accessories,CENTRAL_DC,2,31.6
2025-07-12,Central,Accessories,WEST_DC,1,15.52
2025-07-13,West,Electronics,WEST_DC,18,2347.22
2025-07-13,West,Electronics,EAST_DC,3,361.27
2025-07-13,West,Electronics,CENTRAL_DC,3,366.28
2025-07-13,West,Home,WEST_DC,20,861.67
2025-07-13,West,Home,EAST_DC,4,183.57
2025-07-13,West,Home,CENTRAL_DC,2,87.76
2025-07-13,West,Apparel,WEST_DC,21,668.92
2025-07-13,West,Apparel,EAST_DC,1,30.14
2025-07-13,West,Apparel,CENTRAL_DC,1,31.32
2025-07-13,West,Accessories,WEST_DC,2,29.54
2025-07-13,West,Accessories,EAST_DC,5,72.15
2025-07-13,East,Electronics,EAST_DC,21,2509.63
2025-07-13,East,Electronics,WEST_DC,4,508.8
2025-07-13,East,Electronics,CENTRAL_DC,3,358.44
2025-07-13,East,Home,EAST_DC,20,886.82
2025-07-13,East,Home,WEST_DC,5,224.22
2025-07-13,East,Home,CENTRAL_DC,3,131.0
2025-07-13,East,Apparel,EAST_DC,21,589.18
2025-07-13,East,Apparel,WEST_DC,3,86.71
2025-07-13,East,Apparel,CENTRAL_DC,3,89.04
2025-07-13,East,Accessories,EAST_DC,3,44.87
2025-07-13,East,Accessories,WEST_DC,1,14.89
2025-07-13,East,Accessories,CENTRAL_DC,1,14.62
2025-07-13,Central,Electronics,CENTRAL_DC,22,2718.29
2025-07-13,Central,Electronics,WEST_DC,1,121.71
2025-07-13,Central,Electronics,EAST_DC,4,471.0
2025-07-13,Central,Home,CENTRAL_DC,12,572.28
2025-07-13,Central,Home,WEST_DC,2,84.79
2025-07-13,Central,Home,EAST_DC,3,137.34
2025-07-13,Central,Apparel,CENTRAL_DC,22,636.51
2025-07-13,Central,Apparel,WEST_DC,2,58.03
2025-07-13,Central,Apparel,EAST_DC,3,90.34
2025-07-13,Central,Accessories,CENTRAL_DC,5,74.09
2025-07-14,West,Electronics,WEST_DC,21,2617.23
2025-07-14,West,Electronics,EAST_DC,4,457.84
2025-07-14,West,Electronics,CENTRAL_DC,10,1151.48
2025-07-14,West,Home,WEST_DC,25,1156.43
2025-07-14,West,Home,EAST_DC,6,269.45
2025-07-14,West,Home,CENTRAL_DC,5,229.09
2025-07-14,West,Apparel,WEST_DC,17,522.61
2025-07-14,West,Apparel,EAST_DC,4,116.43
2025-07-14,West,Apparel,CENTRAL_DC,5,150.24
2025-07-14,West,Accessories,WEST_DC,3,46.41
2025-07-14,West,Accessories,CENTRAL_DC,1,15.05
2025-07-14,East,Electronics,EAST_DC,29,3574.32
2025-07-14,East,Electronics,WEST_DC,10,1169.04
2025-07-14,East,Electronics,CENTRAL_DC,8,924.18
2025-07-14,East,Home,EAST_DC,25,1135.6
2025-07-14,East,Home,WEST_DC,3,133.2
2025-07-14,East,Home,CENTRAL_DC,6,269.55
2025-07-14,East,Apparel,EAST_DC,30,902.24
2025-07-14,East,Apparel,WEST_DC,6,176.48
2025-07-14,East,Apparel,CENTRAL_DC,3,92.22
2025-07-14,East,Accessories,EAST_DC,4,61.01
2025-07-14,East,Accessories,WEST_DC,1,15.14
2025-07-14,Central,Electronics,CENTRAL_DC,33,3874.52
2025-07-14,Central,Electronics,WEST_DC,2,246.59
2025-07-14,Central,Electronics,EAST_DC,8,922.06
2025-07-14,Central,Home,CENTRAL_DC,29,1233.52
2025-07-14,Central,Home,WEST_DC,2,88.93
2025-07-14,Central,Home,EAST_DC,5,213.2
2025-07-14,Central,Apparel,CENTRAL_DC,29,895.53
2025-07-14,Central,Apparel,WEST_DC,5,142.96
2025-07-14,Central,Apparel,EAST_DC,3,93.54
2025-07-14,Central,Accessories,CENTRAL_DC,2,30.47
2025-07-15,West,Electronics,WEST_DC,35,4150.38
2025-07-15,West,Electronics,EAST_DC,4,511.42
2025-07-15,West,Electronics,CENTRAL_DC,6,696.32
2025-07-15,West,Home,WEST_DC,24,1078.9
2025-07-15,West,Home,EAST_DC,1,44.99
2025-07-15,West,Home,CENTRAL_DC,3,135.24
2025-07-15,West,Apparel,WEST_DC,31,969.18
2025-07-15,West,Apparel,EAST_DC,3,89.8
2025-07-15,West,Apparel,CENTRAL_DC,5,144.05
2025-07-15,West,Accessories,WEST_DC,3,44.51
2025-07-15,West,Accessories,EAST_DC,1,14.71
2025-07-15,West,Accessories,CENTRAL_DC,1,14.48
2025-07-15,East,Electronics,EAST_DC,35,4495.2
2025-07-15,East,Electronics,WEST_DC,7,861.99
2025-07-15,East,Electronics,CENTRAL_DC,6,738.03
2025-07-15,East,Home,EAST_DC,22,1014.87
2025-07-15,East,Home,WEST_DC,3,126.51
2025-07-15,East,Home,CENTRAL_DC,4,175.02
2025-07-15,East,Apparel,EAST_DC,25,751.85
2025-07-15,East,Apparel,WEST_DC,3,88.99
2025-07-15,East,Apparel,CENTRAL_DC,2,57.65
2025-07-15,East,Accessories,EAST_DC,7,101.8
2025-07-15,East,Accessories,CENTRAL_DC,1,14.86
2025-07-15,Central,Electronics,CENTRAL_DC,18,2214.39
2025-07-15,Central,Electronics,WEST_DC,6,735.11
2025-07-15,Central,Electronics,EAST_DC,8,977.69
2025-07-15,Central,Home,CENTRAL_DC,29,1243.68
2025-07-15,Central,Home,WEST_DC,1,43.33
2025-07-15,Central,Apparel,CENTRAL_DC,27,787.65
2025-07-15,Central,Apparel,WEST_DC,2,60.8
2025-07-15,Central,Apparel,EAST_DC,5,155.81
2025-07-15,Central,Accessories,CENTRAL_DC,6,93.64
2025-07-15,Central,Accessories,WEST_DC,1,14.95
2025-07-16,West,Electronics,WEST_DC,37,4711.18
2025-07-16,West,Electronics,EAST_DC,4,477.08
2025-07-16,West,Electronics,CENTRAL_DC,4,478.57
2025-07-16,West,Home,WEST_DC,21,921.26
2025-07-16,West,Home,EAST_DC,6,266.34
2025-07-16,West,Home,CENTRAL_DC,4,185.79
2025-07-16,West,Apparel,WEST_DC,27,841.99
2025-07-16,West,Apparel,EAST_DC,5,155.88
2025-07-16,West,Apparel,CENTRAL_DC,3,89.66
2025-07-16,West,Accessories,WEST_DC,2,30.21
2025-07-16,West,Accessories,EAST_DC,1,15.14
2025-07-16,East,Electronics,EAST_DC,25,3023.5
2025-07-16,East,Electronics,WEST_DC,7,822.21
2025-07-16,East,Electronics,CENTRAL_DC,2,246.81
2025-07-16,East,Home,EAST_DC,33,1490.79
2025-07-16,East,Home,WEST_DC,4,178.91
2025-07-16,East,Home,CENTRAL_DC,2,91.89
2025-07-16,East,Apparel,EAST_DC,32,921.59
2025-07-16,East,Apparel,WEST_DC,5,151.43
2025-07-16,East,Apparel,CENTRAL_DC,5,149.16
2025-07-16,East,Accessories,EAST_DC,3,44.66
2025-07-16,East,Accessories,CENTRAL_DC,1,14.82
2025-07-16,Central,Electronics,CENTRAL_DC,35,4423.69
2025-07-16,Central,Electronics,WEST_DC,7,834.54
2025-07-16,Central,Electronics,EAST_DC,7,862.04
2025-07-16,Central,Home,CENTRAL_DC,26,1135.38
2025-07-16,Central,Home,WEST_DC,3,130.13
2025-07-16,Central,Home,EAST_DC,4,188.01
2025-07-16,Central,Apparel,CENTRAL_DC,40,1196.93
2025-07-16,Central,Apparel,WEST_DC,6,178.07
2025-07-16,Central,Apparel,EAST_DC,2,59.51
2025-07-16,Central,Accessories,CENTRAL_DC,5,78.1
2025-07-17,West,Electronics,WEST_DC,43,5150.05
2025-07-17,West,Electronics,EAST_DC,1,124.93
2025-07-17,West,Electronics,CENTRAL_DC,5,584.59
2025-07-17,West,Home,WEST_DC,19,890.1
2025-07-17,West,Home,EAST_DC,3,139.86
2025-07-17,West,Home,CENTRAL_DC,3,136.43
2025-07-17,West,Apparel,WEST_DC,26,751.01
2025-07-17,West,Apparel,EAST_DC,8,237.86
2025-07-17,West,Apparel,CENTRAL_DC,6,183.83
2025-07-17,West,Accessories,WEST_DC,3,45.03
2025-07-17,West,Accessories,EAST_DC,1,14.55
2025-07-17,East,Electronics,EAST_DC,38,4461.87
2025-07-17,East,Electronics,WEST_DC,2,232.74
2025-07-17,East,Electronics,CENTRAL_DC,6,709.57
2025-07-17,East,Home,EAST_DC,28,1285.6
2025-07-17,East,Home,WEST_DC,4,182.43
2025-07-17,East,Home,CENTRAL_DC,2,92.0
2025-07-17,East,Apparel,EAST_DC,36,1078.99
2025-07-17,East,Apparel,WEST_DC,1,31.3
2025-07-17,East,Apparel,CENTRAL_DC,5,154.12
2025-07-17,East,Accessories,EAST_DC,4,59.41
2025-07-17,East,Accessories,WEST_DC,1,14.9
2025-07-17,East,Accessories,CENTRAL_DC,3,42.23
2025-07-17,Central,Electronics,CENTRAL_DC,26,3096.02
2025-07-17,Central,Electronics,WEST_DC,6,729.3
2025-07-17,Central,Electronics,EAST_DC,6,715.4
2025-07-17,Central,Home,CENTRAL_DC,25,1075.83
2025-07-17,Central,Home,WEST_DC,8,366.96
2025-07-17,Central,Home,EAST_DC,4,182.27
2025-07-17,Central,Apparel,CENTRAL_DC,31,968.83
2025-07-17,Central,Apparel,WEST_DC,4,120.1
2025-07-17,Central,Apparel,EAST_DC,6,179.75
2025-07-17,Central,Accessories,CENTRAL_DC,1,15.87
2025-07-17,Central,Accessories,WEST_DC,1,15.47
2025-07-18,West,Electronics,WEST_DC,44,5597.4
2025-07-18,West,Electronics,EAST_DC,1,127.2
2025-07-18,West,Electronics,CENTRAL_DC,5,568.44
2025-07-18,West,Home,WEST_DC,16,730.84
2025-07-18,West,Home,EAST_DC,3,131.19
2025-07-18,West,Apparel,WEST_DC,31,918.0
2025-07-18,West,Apparel,EAST_DC,5,153.54
2025-07-18,West,Apparel,CENTRAL_DC,9,273.29
2025-07-18,West,Accessories,WEST_DC,2,29.46
2025-07-18,West,Accessories,EAST_DC,2,30.95
2025-07-18,East,Electronics,EAST_DC,29,3376.47
2025-07-18,East,Electronics,WEST_DC,7,862.21
2025-07-18,East,Electronics,CENTRAL_DC,7,848.39
2025-07-18,East,Home,EAST_DC,20,972.3
2025-07-18,East,Home,WEST_DC,2,92.89
2025-07-18,East,Home,CENTRAL_DC,6,274.18
2025-07-18,East,Apparel,EAST_DC,46,1372.43
2025-07-18,East,Apparel,WEST_DC,5,141.42
2025-07-18,East,Apparel,CENTRAL_DC,4,122.01
2025-07-18,East,Accessories,EAST_DC,4,61.39
2025-07-18,East,Accessories,WEST_DC,1,15.26
2025-07-18,Central,Electronics,CENTRAL_DC,41,4884.01
2025-07-18,Central,Electronics,WEST_DC,5,624.26
2025-07-18,Central,Electronics,EAST_DC,4,470.92
2025-07-18,Central,Home,CENTRAL_DC,27,1233.95
2025-07-18,Central,Home,WEST_DC,1,45.01
2025-07-18,Central,Home,EAST_DC,5,222.65
2025-07-18,Central,Apparel,CENTRAL_DC,26,787.31
2025-07-18,Central,Apparel,WEST_DC,3,89.79
2025-07-18,Central,Apparel,EAST_DC,4,118.7
2025-07-18,Central,Accessories,CENTRAL_DC,2,30.25
2025-07-18,Central,Accessories,WEST_DC,1,15.98
2025-07-18,Central,Accessories,EAST_DC,1,14.61
2025-07-19,West,Electronics,WEST_DC,20,2354.78
2025-07-19,West,Electronics,EAST_DC,5,573.26
2025-07-19,West,Electronics,CENTRAL_DC,3,363.06
2025-07-19,West,Home,WEST_DC,21,972.76
2025-07-19,West,Home,EAST_DC,2,93.87
2025-07-19,West,Home,CENTRAL_DC,1,45.88
2025-07-19,West,Apparel,WEST_DC,33,1012.67
2025-07-19,West,Apparel,EAST_DC,5,152.61
2025-07-19,West,Apparel,CENTRAL_DC,4,122.93
2025-07-19,West,Accessories,WEST_DC,1,15.79
2025-07-19,West,Accessories,EAST_DC,1,14.63
2025-07-19,East,Electronics,EAST_DC,26,3114.57
2025-07-19,East,Electronics,WEST_DC,5,589.2
2025-07-19,East,Electronics,CENTRAL_DC,1,119.1
2025-07-19,East,Home,EAST_DC,15,690.25
2025-07-19,East,Home,WEST_DC,3,129.83
2025-07-19,East,Home,CENTRAL_DC,8,358.72
2025-07-19,East,Apparel,EAST_DC,21,645.04
2025-07-19,East,Apparel,WEST_DC,4,118.98
2025-07-19,East,Apparel,CENTRAL_DC,5,155.28
2025-07-19,East,Accessories,EAST_DC,1,14.61
2025-07-19,East,Accessories,WEST_DC,1,14.9
2025-07-19,East,Accessories,CENTRAL_DC,1,15.66
2025-07-19,Central,Electronics,CENTRAL_DC,19,2299.39
2025-07-19,Central,Electronics,EAST_DC,6,744.34
2025-07-19,Central,Home,CENTRAL_DC,20,922.13
2025-07-19,Central,Home,WEST_DC,2,89.89
2025-07-19,Central,Home,EAST_DC,2,93.32
2025-07-19,Central,Apparel,CENTRAL_DC,20,595.27
2025-07-19,Central,Apparel,WEST_DC,5,156.28
2025-07-19,Central,Apparel,EAST_DC,2,62.65
2025-07-19,Central,Accessories,CENTRAL_DC,3,45.3
2025-07-19,Central,Accessories,WEST_DC,1,15.12
2025-07-20,West,Electronics,WEST_DC,26,3293.61
2025-07-20,West,Electronics,EAST_DC,4,465.46
2025-07-20,West,Electronics,CENTRAL_DC,3,361.55
2025-07-20,West,Home,WEST_DC,16,691.32
2025-07-20,West,Home,EAST_DC,4,169.82
2025-07-20,West,Home,CENTRAL_DC,4,182.57
2025-07-20,West,Apparel,WEST_DC,17,510.11
2025-07-20,West,Apparel,EAST_DC,2,59.72
2025-07-20,West,Apparel,CENTRAL_DC,5,147.08
2025-07-20,West,Accessories,WEST_DC,1,15.24
2025-07-20,East,Electronics,EAST_DC,24,2830.75
2025-07-20,East,Electronics,WEST_DC,4,522.09
2025-07-20,East,Electronics,CENTRAL_DC,4,487.07
2025-07-20,East,Home,EAST_DC,17,764.8
2025-07-20,East,Home,WEST_DC,4,181.87
2025-07-20,East,Home,CENTRAL_DC,1,47.39
2025-07-20,East,Apparel,EAST_DC,24,688.43
2025-07-20,East,Apparel,WEST_DC,4,111.48
2025-07-20,East,Accessories,EAST_DC,1,15.99
2025-07-20,East,Accessories,WEST_DC,2,30.92
2025-07-20,Central,Electronics,CENTRAL_DC,26,3236.97
2025-07-20,Central,Electronics,WEST_DC,1,114.13
2025-07-20,Central,Electronics,EAST_DC,5,612.66
2025-07-20,Central,Home,CENTRAL_DC,27,1204.32
2025-07-20,Central,Home,WEST_DC,5,217.96
2025-07-20,Central,Home,EAST_DC,1,43.98
2025-07-20,Central,Apparel,CENTRAL_DC,13,412.94
2025-07-20,Central,Apparel,WEST_DC,6,177.3
2025-07-20,Central,Accessories,CENTRAL_DC,4,54.68
2025-07-21,West,Electronics,WEST_DC,42,5189.72
2025-07-21,West,Electronics,EAST_DC,7,885.65
2025-07-21,West,Electronics,CENTRAL_DC,4,489.66
2025-07-21,West,Home,WEST_DC,23,1073.3
2025-07-21,West,Home,EAST_DC,3,145.5
2025-07-21,West,Home,CENTRAL_DC,1,46.13
2025-07-21,West,Apparel,WEST_DC,30,898.19
2025-07-21,West,Apparel,EAST_DC,2,60.6
2025-07-21,West,Accessories,WEST_DC,5,72.15
2025-07-21,West,Accessories,EAST_DC,2,29.91
2025-07-21,West,Accessories,CENTRAL_DC,2,28.79
2025-07-21,East,Electronics,EAST_DC,27,3265.25
2025-07-21,East,Electronics,WEST_DC,3,357.48
2025-07-21,East,Electronics,CENTRAL_DC,3,369.44
2025-07-21,East,Home,EAST_DC,26,1144.74
2025-07-21,East,Home,WEST_DC,2,88.83
2025-07-21,East,Home,CENTRAL_DC,4,186.49
2025-07-21,East,Apparel,EAST_DC,26,756.32
2025-07-21,East,Apparel,WEST_DC,2,60.38
2025-07-21,East,Apparel,CENTRAL_DC,6,193.34
2025-07-21,East,Accessories,EAST_DC,1,15.21
2025-07-21,Central,Electronics,CENTRAL_DC,33,3812.37
2025-07-21,Central,Electronics,WEST_DC,7,820.72
2025-07-21,Central,Electronics,EAST_DC,1,120.83
2025-07-21,Central,Home,CENTRAL_DC,26,1211.56
2025-07-21,Central,Home,WEST_DC,6,266.73
2025-07-21,Central,Home,EAST_DC,4,185.46
2025-07-21,Central,Apparel,CENTRAL_DC,14,421.42
2025-07-21,Central,Apparel,WEST_DC,6,179.41
2025-07-21,Central,Apparel,EAST_DC,9,274.84
2025-07-21,Central,Accessories,CENTRAL_DC,3,45.62
2025-07-21,Central,Accessories,EAST_DC,1,13.9
2025-07-22,West,Electronics,WEST_DC,45,5567.32
2025-07-22,West,Electronics,EAST_DC,5,583.34
2025-07-22,West,Home,WEST_DC,15,681.41
2025-07-22,West,Home,EAST_DC,4,174.06
2025-07-22,West,Home,CENTRAL_DC,2,89.27
2025-07-22,West,Apparel,WEST_DC,26,753.48
2025-07-22,West,Apparel,EAST_DC,7,202.55
2025-07-22,West,Accessories,WEST_DC,7,110.43
2025-07-22,East,Electronics,EAST_DC,37,4198.68
2025-07-22,East,Electronics,WEST_DC,2,235.02
2025-07-22,East,Electronics,CENTRAL_DC,6,699.28
2025-07-22,East,Home,EAST_DC,12,534.25
2025-07-22,East,Home,WEST_DC,1,43.23
2025-07-22,East,Home,CENTRAL_DC,4,176.21
2025-07-22,East,Apparel,EAST_DC,28,843.89
2025-07-22,East,Apparel,WEST_DC,3,88.48
2025-07-22,East,Apparel,CENTRAL_DC,4,113.96
2025-07-22,East,Accessories,EAST_DC,4,61.33
2025-07-22,Central,Electronics,CENTRAL_DC,34,4041.82
2025-07-22,Central,Electronics,WEST_DC,6,677.07
2025-07-22,Central,Electronics,EAST_DC,6,710.11
2025-07-22,Central,Home,CENTRAL_DC,23,1017.8
2025-07-22,Central,Home,WEST_DC,2,89.84
2025-07-22,Central,Home,EAST_DC,4,178.12
2025-07-22,Central,Apparel,CENTRAL_DC,32,931.02
2025-07-22,Central,Apparel,WEST_DC,1,30.29
2025-07-22,Central,Apparel,EAST_DC,6,171.48
2025-07-22,Central,Accessories,CENTRAL_DC,3,46.26
2025-07-23,West,Electronics,WEST_DC,25,3039.21
2025-07-23,West,Electronics,EAST_DC,4,485.15
2025-07-23,West,Electronics,CENTRAL_DC,5,608.02
2025-07-23,West,Home,WEST_DC,17,758.26
2025-07-23,West,Home,EAST_DC,1,46.76
2025-07-23,West,Home,CENTRAL_DC,7,334.84
2025-07-23,West,Apparel,WEST_DC,25,766.6
2025-07-23,West,Apparel,EAST_DC,3,93.77
2025-07-23,West,Apparel,CENTRAL_DC,4,125.98
2025-07-23,West,Accessories,WEST_DC,3,43.98
2025-07-23,West,Accessories,CENTRAL_DC,1,15.36
2025-07-23,East,Electronics,EAST_DC,46,5209.32
2025-07-23,East,Electronics,WEST_DC,2,243.12
2025-07-23,East,Electronics,CENTRAL_DC,1,119.37
2025-07-23,East,Home,EAST_DC,22,954.7
2025-07-23,East,Home,WEST_DC,3,134.76
2025-07-23,East,Home,CENTRAL_DC,3,139.23
2025-07-23,East,Apparel,EAST_DC,28,798.12
2025-07-23,East,Apparel,WEST_DC,3,93.19
2025-07-23,East,Apparel,CENTRAL_DC,2,60.83
2025-07-23,East,Accessories,EAST_DC,6,89.4
2025-07-23,East,Accessories,WEST_DC,2,29.99
2025-07-23,Central,Electronics,CENTRAL_DC,37,4247.75
2025-07-23,Central,Electronics,EAST_DC,4,473.85
2025-07-23,Central,Home,CENTRAL_DC,29,1349.0
2025-07-23,Central,Home,WEST_DC,4,187.31
2025-07-23,Central,Home,EAST_DC,10,449.07
2025-07-23,Central,Apparel,CENTRAL_DC,31,961.81
2025-07-23,Central,Apparel,WEST_DC,3,86.76
2025-07-23,Central,Apparel,EAST_DC,2,58.58
2025-07-23,Central,Accessories,CENTRAL_DC,1,14.39
2025-07-23,Central,Accessories,WEST_DC,2,31.88
2025-07-23,Central,Accessories,EAST_DC,1,15.49
2025-07-24,West,Electronics,WEST_DC,36,4541.51
2025-07-24,West,Electronics,EAST_DC,5,623.78
2025-07-24,West,Electronics,CENTRAL_DC,4,480.3
2025-07-24,West,Home,WEST_DC,20,834.88
2025-07-24,West,Home,EAST_DC,2,90.76
2025-07-24,West,Apparel,WEST_DC,39,1228.36
2025-07-24,West,Apparel,EAST_DC,3,89.01
2025-07-24,West,Apparel,CENTRAL_DC,3,88.33
2025-07-24,West,Accessories,WEST_DC,8,110.82
2025-07-24,West,Accessories,CENTRAL_DC,1,15.41
2025-07-24,East,Electronics,EAST_DC,33,4001.62
2025-07-24,East,Electronics,WEST_DC,2,242.23
2025-07-24,East,Electronics,CENTRAL_DC,1,121.09
2025-07-24,East,Home,EAST_DC,29,1247.05
2025-07-24,East,Home,WEST_DC,2,89.98
2025-07-24,East,Home,CENTRAL_DC,5,229.8
2025-07-24,East,Apparel,EAST_DC,23,691.96
2025-07-24,East,Apparel,WEST_DC,4,118.88
2025-07-24,East,Apparel,CENTRAL_DC,7,202.61
2025-07-24,East,Accessories,EAST_DC,3,42.73
2025-07-24,East,Accessories,CENTRAL_DC,1,15.9
2025-07-24,Central,Electronics,CENTRAL_DC,22,2753.9
2025-07-24,Central,Electronics,WEST_DC,7,808.53
2025-07-24,Central,Electronics,EAST_DC,7,801.23
2025-07-24,Central,Home,CENTRAL_DC,27,1213.29
2025-07-24,Central,Home,WEST_DC,4,172.41
2025-07-24,Central,Home,EAST_DC,3,128.24
2025-07-24,Central,Apparel,CENTRAL_DC,32,955.02
2025-07-24,Central,Apparel,WEST_DC,3,89.89
2025-07-24,Central,Apparel,EAST_DC,7,212.51
2025-07-24,Central,Accessories,CENTRAL_DC,5,74.06
2025-07-24,Central,Accessories,WEST_DC,1,15.04
2025-07-25,West,Electronics,WEST_DC,28,3381.95
2025-07-25,West,Electronics,EAST_DC,8,982.2
2025-07-25,West,Electronics,CENTRAL_DC,9,1063.18
2025-07-25,West,Home,WEST_DC,20,885.96
2025-07-25,West,Home,EAST_DC,2,92.56
2025-07-25,West,Home,CENTRAL_DC,7,312.52
2025-07-25,West,Apparel,WEST_DC,19,584.96
2025-07-25,West,Apparel,EAST_DC,3,85.92
2025-07-25,West,Apparel,CENTRAL_DC,3,91.7
2025-07-25,West,Accessories,WEST_DC,2,29.6
2025-07-25,East,Electronics,EAST_DC,43,5096.85
2025-07-25,East,Electronics,WEST_DC,5,588.46
2025-07-25,East,Electronics,CENTRAL_DC,5,613.78
2025-07-25,East,Home,EAST_DC,22,1017.07
2025-07-25,East,Home,WEST_DC,1,41.31
2025-07-25,East,Home,CENTRAL_DC,4,188.51
2025-07-25,East,Apparel,EAST_DC,29,853.46
2025-07-25,East,Apparel,WEST_DC,3,85.63
2025-07-25,East,Apparel,CENTRAL_DC,2,63.8
2025-07-25,East,Accessories,WEST_DC,1,14.06
2025-07-25,Central,Electronics,CENTRAL_DC,27,3108.86
2025-07-25,Central,Electronics,WEST_DC,12,1410.55
2025-07-25,Central,Electronics,EAST_DC,2,241.11
2025-07-25,Central,Home,CENTRAL_DC,22,1006.09
2025-07-25,Central,Home,WEST_DC,3,134.9
2025-07-25,Central,Home,EAST_DC,4,177.84
2025-07-25,Central,Apparel,CENTRAL_DC,22,673.16
2025-07-25,Central,Apparel,WEST_DC,3,89.46
2025-07-25,Central,Apparel,EAST_DC,9,262.6
2025-07-25,Central,Accessories,CENTRAL_DC,3,44.6
2025-07-26,West,Electronics,WEST_DC,23,2712.65
2025-07-26,West,Electronics,EAST_DC,3,372.53
2025-07-26,West,Electronics,CENTRAL_DC,1,116.29
2025-07-26,West,Home,WEST_DC,19,834.08
2025-07-26,West,Home,EAST_DC,2,90.19
2025-07-26,West,Home,CENTRAL_DC,1,44.3
2025-07-26,West,Apparel,WEST_DC,23,654.05
2025-07-26,West,Apparel,EAST_DC,3,88.91
2025-07-26,West,Apparel,CENTRAL_DC,1,29.48
2025-07-26,West,Accessories,WEST_DC,1,14.86
2025-07-26,West,Accessories,CENTRAL_DC,1,15.13
2025-07-26,East,Electronics,EAST_DC,24,2942.47
2025-07-26,East,Electronics,WEST_DC,4,472.03
2025-07-26,East,Electronics,CENTRAL_DC,1,119.82
2025-07-26,East,Home,EAST_DC,17,738.38
2025-07-26,East,Home,CENTRAL_DC,2,88.28
2025-07-26,East,Apparel,EAST_DC,20,610.88
2025-07-26,East,Apparel,WEST_DC,3,91.48
2025-07-26,East,Apparel,CENTRAL_DC,3,86.77
2025-07-26,East,Accessories,EAST_DC,3,44.82
2025-07-26,East,Accessories,CENTRAL_DC,2,28.99
2025-07-26,Central,Electronics,CENTRAL_DC,25,2942.78
2025-07-26,Central,Electronics,WEST_DC,4,471.58
2025-07-26,Central,Home,CENTRAL_DC,19,845.19
2025-07-26,Central,Home,WEST_DC,2,87.93
2025-07-26,Central,Home,EAST_DC,2,92.28
2025-07-26,Central,Apparel,CENTRAL_DC,24,702.78
2025-07-26,Central,Apparel,WEST_DC,8,239.32
2025-07-26,Central,Apparel,EAST_DC,5,146.31
2025-07-26,Central,Accessories,CENTRAL_DC,2,29.4
2025-07-27,West,Electronics,WEST_DC,40,4878.58
2025-07-27,West,Electronics,EAST_DC,3,357.9
2025-07-27,West,Electronics,CENTRAL_DC,2,236.99
2025-07-27,West,Home,WEST_DC,25,1157.12
2025-07-27,West,Home,EAST_DC,2,88.98
2025-07-27,West,Home,CENTRAL_DC,2,88.76
2025-07-27,West,Apparel,WEST_DC,23,669.17
2025-07-27,West,Apparel,EAST_DC,4,114.25
2025-07-27,West,Apparel,CENTRAL_DC,3,87.76
2025-07-27,West,Accessories,WEST_DC,5,71.06
2025-07-27,West,Accessories,EAST_DC,1,14.93
2025-07-27,West,Accessories,CENTRAL_DC,1,14.71
2025-07-27,East,Electronics,EAST_DC,30,3667.02
2025-07-27,East,Electronics,WEST_DC,2,245.18
2025-07-27,East,Electronics,CENTRAL_DC,3,361.52
2025-07-27,East,Home,EAST_DC,21,962.87
2025-07-27,East,Home,WEST_DC,2,90.06
2025-07-27,East,Apparel,EAST_DC,25,733.96
2025-07-27,East,Apparel,WEST_DC,4,122.93
2025-07-27,East,Apparel,CENTRAL_DC,5,149.77
2025-07-27,East,Accessories,EAST_DC,4,61.45
2025-07-27,East,Accessories,WEST_DC,1,15.26
2025-07-27,East,Accessories,CENTRAL_DC,1,14.85
2025-07-27,Central,Electronics,CENTRAL_DC,33,4037.96
2025-07-27,Central,Electronics,WEST_DC,2,233.77
2025-07-27,Central,Electronics,EAST_DC,4,476.75
2025-07-27,Central,Home,CENTRAL_DC,20,913.13
2025-07-27,Central,Home,WEST_DC,2,91.33
2025-07-27,Central,Home,EAST_DC,3,137.47
2025-07-27,Central,Apparel,CENTRAL_DC,24,728.24
2025-07-27,Central,Apparel,WEST_DC,7,218.09
2025-07-27,Central,Apparel,EAST_DC,1,29.58
2025-07-27,Central,Accessories,CENTRAL_DC,3,46.21
2025-07-28,West,Electronics,WEST_DC,35,4302.31
2025-07-28,West,Electronics,EAST_DC,6,731.21
2025-07-28,West,Electronics,CENTRAL_DC,4,478.0
2025-07-28,West,Home,WEST_DC,17,778.39
2025-07-28,West,Home,EAST_DC,2,93.3
2025-07-28,West,Home,CENTRAL_DC,6,267.92
2025-07-28,West,Apparel,WEST_DC,25,744.71
2025-07-28,West,Apparel,EAST_DC,8,233.49
2025-07-28,West,Apparel,CENTRAL_DC,2,61.06
2025-07-28,West,Accessories,WEST_DC,10,144.95
2025-07-28,West,Accessories,EAST_DC,1,14.73
2025-07-28,East,Electronics,EAST_DC,42,4777.17
2025-07-28,East,Electronics,WEST_DC,5,604.9
2025-07-28,East,Electronics,CENTRAL_DC,9,1044.86
2025-07-28,East,Home,EAST_DC,23,1032.68
2025-07-28,East,Home,WEST_DC,1,44.52
2025-07-28,East,Home,CENTRAL_DC,6,267.33
2025-07-28,East,Apparel,EAST_DC,23,702.64
2025-07-28,East,Apparel,WEST_DC,1,31.99
2025-07-28,East,Apparel,CENTRAL_DC,4,113.83
2025-07-28,East,Accessories,EAST_DC,5,79.92
2025-07-28,East,Accessories,WEST_DC,1,14.36
2025-07-28,Central,Electronics,CENTRAL_DC,37,4174.06
2025-07-28,Central,Electronics,WEST_DC,8,979.97
2025-07-28,Central,Electronics,EAST_DC,4,475.92
2025-07-28,Central,Home,CENTRAL_DC,32,1431.33
2025-07-28,Central,Home,WEST_DC,2,90.31
2025-07-28,Central,Home,EAST_DC,1,45.05
2025-07-28,Central,Apparel,CENTRAL_DC,30,881.77
2025-07-28,Central,Apparel,WEST_DC,2,61.15
2025-07-28,Central,Apparel,EAST_DC,5,152.09
2025-07-28,Central,Accessories,CENTRAL_DC,5,73.56
2025-07-28,Central,Accessories,EAST_DC,1,14.92
2025-07-29,West,Electronics,WEST_DC,28,3356.9
2025-07-29,West,Electronics,EAST_DC,6,702.12
2025-07-29,West,Electronics,CENTRAL_DC,4,475.58
2025-07-29,West,Home,WEST_DC,30,1365.91
2025-07-29,West,Home,EAST_DC,5,229.76
2025-07-29,West,Home,CENTRAL_DC,3,134.31
2025-07-29,West,Apparel,WEST_DC,29,837.02
2025-07-29,West,Apparel,EAST_DC,7,222.19
2025-07-29,West,Apparel,CENTRAL_DC,5,142.75
2025-07-29,West,Accessories,WEST_DC,5,71.39
2025-07-29,East,Electronics,EAST_DC,29,3642.38
2025-07-29,East,Electronics,WEST_DC,2,245.09
2025-07-29,East,Electronics,CENTRAL_DC,6,712.49
2025-07-29,East,Home,EAST_DC,21,929.71
2025-07-29,East,Home,WEST_DC,3,134.84
2025-07-29,East,Home,CENTRAL_DC,7,318.2
2025-07-29,East,Apparel,EAST_DC,23,725.47
2025-07-29,East,Apparel,WEST_DC,3,92.23
2025-07-29,East,Apparel,CENTRAL_DC,1,31.57
2025-07-29,East,Accessories,EAST_DC,7,105.1
2025-07-29,East,Accessories,WEST_DC,1,14.63
2025-07-29,East,Accessories,CENTRAL_DC,1,15.69
2025-07-29,Central,Electronics,CENTRAL_DC,31,3754.25
2025-07-29,Central,Electronics,WEST_DC,2,235.14
2025-07-29,Central,Electronics,EAST_DC,7,832.05
2025-07-29,Central,Home,CENTRAL_DC,25,1128.21
2025-07-29,Central,Home,WEST_DC,3,140.39
2025-07-29,Central,Home,EAST_DC,2,90.41
2025-07-29,Central,Apparel,CENTRAL_DC,31,962.32
2025-07-29,Central,Apparel,WEST_DC,6,184.8
2025-07-29,Central,Apparel,EAST_DC,6,169.17
2025-07-29,Central,Accessories,CENTRAL_DC,2,29.7
2025-07-30,West,Electronics,WEST_DC,38,4342.56
2025-07-30,West,Electronics,EAST_DC,1,122.25
2025-07-30,West,Electronics,CENTRAL_DC,4,486.43
2025-07-30,West,Home,WEST_DC,25,1126.14
2025-07-30,West,Home,EAST_DC,1,45.35
2025-07-30,West,Home,CENTRAL_DC,3,128.4
2025-07-30,West,Apparel,WEST_DC,22,664.86
2025-07-30,West,Apparel,EAST_DC,7,208.43
2025-07-30,West,Apparel,CENTRAL_DC,3,90.72
2025-07-30,West,Accessories,WEST_DC,3,48.26
2025-07-30,West,Accessories,EAST_DC,2,29.72
2025-07-30,East,Electronics,EAST_DC,40,4796.61
2025-07-30,East,Electronics,WEST_DC,4,462.72
2025-07-30,East,Electronics,CENTRAL_DC,4,441.1
2025-07-30,East,Home,EAST_DC,23,1006.47
2025-07-30,East,Home,WEST_DC,5,219.09
2025-07-30,East,Home,CENTRAL_DC,4,178.28
2025-07-30,East,Apparel,EAST_DC,26,796.58
2025-07-30,East,Apparel,WEST_DC,6,185.74
2025-07-30,East,Apparel,CENTRAL_DC,2,55.06
2025-07-30,East,Accessories,EAST_DC,4,61.39
2025-07-30,East,Accessories,WEST_DC,1,15.49
2025-07-30,Central,Electronics,CENTRAL_DC,25,3127.68
2025-07-30,Central,Electronics,WEST_DC,4,444.19
2025-07-30,Central,Electronics,EAST_DC,4,494.9
2025-07-30,Central,Home,CENTRAL_DC,22,987.43
2025-07-30,Central,Home,WEST_DC,5,229.82
2025-07-30,Central,Home,EAST_DC,5,239.75
2025-07-30,Central,Apparel,CENTRAL_DC,27,787.49
2025-07-30,Central,Apparel,WEST_DC,7,215.5
2025-07-30,Central,Apparel,EAST_DC,5,143.78
2025-07-30,Central,Accessories,CENTRAL_DC,3,44.75
2025-07-30,Central,Accessories,WEST_DC,1,14.52
2025-07-30,Central,Accessories,EAST_DC,3,45.76
2025-07-31,West,Electronics,WEST_DC,32,4004.33
2025-07-31,West,Electronics,EAST_DC,8,1011.06
2025-07-31,West,Electronics,CENTRAL_DC,4,494.41
2025-07-31,West,Home,WEST_DC,19,843.49
2025-07-31,West,Home,EAST_DC,5,226.44
2025-07-31,West,Home,CENTRAL_DC,5,229.34
2025-07-31,West,Apparel,WEST_DC,32,974.7
2025-07-31,West,Apparel,EAST_DC,5,151.04
2025-07-31,West,Apparel,CENTRAL_DC,1,29.24
2025-07-31,West,Accessories,WEST_DC,6,88.62
2025-07-31,West,Accessories,CENTRAL_DC,1,15.92
2025-07-31,East,Electronics,EAST_DC,28,3359.27
2025-07-31,East,Electronics,WEST_DC,2,247.99
2025-07-31,East,Electronics,CENTRAL_DC,7,820.91
2025-07-31,East,Home,EAST_DC,23,1053.27
2025-07-31,East,Home,WEST_DC,4,172.33
2025-07-31,East,Home,CENTRAL_DC,2,89.08
2025-07-31,East,Apparel,EAST_DC,29,863.83
2025-07-31,East,Apparel,WEST_DC,3,87.13
2025-07-31,East,Apparel,CENTRAL_DC,3,91.34
2025-07-31,East,Accessories,EAST_DC,3,43.96
2025-07-31,East,Accessories,WEST_DC,1,13.96
2025-07-31,Central,Electronics,CENTRAL_DC,35,4305.54
2025-07-31,Central,Electronics,WEST_DC,4,478.17
2025-07-31,Central,Electronics,EAST_DC,6,730.33
2025-07-31,Central,Home,CENTRAL_DC,29,1268.86
2025-07-31,Central,Home,WEST_DC,3,124.88
2025-07-31,Central,Home,EAST_DC,1,44.53
2025-07-31,Central,Apparel,CENTRAL_DC,30,910.73
2025-07-31,Central,Apparel,WEST_DC,2,59.79
2025-07-31,Central,Apparel,EAST_DC,4,126.07
2025-07-31,Central,Accessories,CENTRAL_DC,3,46.59
2025-07-31,Central,Accessories,WEST_DC,1,15.69
2025-08-01,West,Electronics,WEST_DC,41,4641.3
2025-08-01,West,Electronics,EAST_DC,1,118.97
2025-08-01,West,Electronics,CENTRAL_DC,2,244.65
2025-08-01,West,Home,WEST_DC,28,1245.72
2025-08-01,West,Home,EAST_DC,4,180.99
2025-08-01,West,Home,CENTRAL_DC,2,90.58
2025-08-01,West,Apparel,WEST_DC,42,1278.42
2025-08-01,West,Apparel,EAST_DC,2,59.58
2025-08-01,West,Apparel,CENTRAL_DC,5,139.81
2025-08-01,West,Accessories,WEST_DC,5,77.4
2025-08-01,West,Accessories,CENTRAL_DC,2,30.89
2025-08-01,East,Electronics,EAST_DC,34,3887.79
2025-08-01,East,Electronics,WEST_DC,5,603.74
2025-08-01,East,Electronics,CENTRAL_DC,6,695.33
2025-08-01,East,Home,EAST_DC,20,887.07
2025-08-01,East,Home,WEST_DC,5,217.37
2025-08-01,East,Home,CENTRAL_DC,5,227.62
2025-08-01,East,Apparel,EAST_DC,37,1106.12
2025-08-01,East,Apparel,WEST_DC,6,183.28
2025-08-01,East,Apparel,CENTRAL_DC,4,126.4
2025-08-01,East,Accessories,EAST_DC,2,30.12
2025-08-01,East,Accessories,CENTRAL_DC,1,14.95
2025-08-01,Central,Electronics,CENTRAL_DC,22,2636.49
2025-08-01,Central,Electronics,WEST_DC,4,477.93
2025-08-01,Central,Home,CENTRAL_DC,26,1202.45
2025-08-01,Central,Home,WEST_DC,3,135.84
2025-08-01,Central,Home,EAST_DC,2,89.36
2025-08-01,Central,Apparel,CENTRAL_DC,27,806.16
2025-08-01,Central,Apparel,WEST_DC,3,90.5
2025-08-01,Central,Apparel,EAST_DC,10,295.6
2025-08-01,Central,Accessories,CENTRAL_DC,5,77.22
2025-08-01,Central,Accessories,EAST_DC,2,30.87
2025-08-02,West,Electronics,WEST_DC,19,2299.27
2025-08-02,West,Electronics,EAST_DC,3,336.27
2025-08-02,West,Electronics,CENTRAL_DC,3,354.08
2025-08-02,West,Home,WEST_DC,23,1037.05
2025-08-02,West,Home,EAST_DC,4,176.38
2025-08-02,West,Home,CENTRAL_DC,6,262.51
2025-08-02,West,Apparel,WEST_DC,16,474.04
2025-08-02,West,Apparel,EAST_DC,2,58.2
2025-08-02,West,Apparel,CENTRAL_DC,3,88.09
2025-08-02,West,Accessories,WEST_DC,1,15.19
2025-08-02,East,Electronics,EAST_DC,17,1949.42
2025-08-02,East,Electronics,WEST_DC,2,250.12
2025-08-02,East,Electronics,CENTRAL_DC,2,244.77
2025-08-02,East,Home,EAST_DC,22,1076.66
2025-08-02,East,Home,WEST_DC,1,44.83
2025-08-02,East,Home,CENTRAL_DC,2,88.43
2025-08-02,East,Apparel,EAST_DC,24,743.25
2025-08-02,East,Apparel,WEST_DC,1,29.03
2025-08-02,East,Apparel,CENTRAL_DC,1,29.16
2025-08-02,East,Accessories,EAST_DC,4,62.51
2025-08-02,East,Accessories,CENTRAL_DC,1,15.15
2025-08-02,Central,Electronics,CENTRAL_DC,18,2143.9
2025-08-02,Central,Electronics,WEST_DC,9,1094.95
2025-08-02,Central,Electronics,EAST_DC,3,385.81
2025-08-02,Central,Home,CENTRAL_DC,14,646.76
2025-08-02,Central,Home,WEST_DC,3,138.49
2025-08-02,Central,Home,EAST_DC,3,134.27
2025-08-02,Central,Apparel,CENTRAL_DC,22,654.61
2025-08-02,Central,Apparel,WEST_DC,3,87.09
2025-08-02,Central,Apparel,EAST_DC,1,29.57
2025-08-03,West,Electronics,WEST_DC,30,3572.68
2025-08-03,West,Electronics,EAST_DC,4,459.94
2025-08-03,West,Electronics,CENTRAL_DC,3,353.42
2025-08-03,West,Home,WEST_DC,20,878.98
2025-08-03,West,Home,EAST_DC,2,95.49
2025-08-03,West,Apparel,WEST_DC,24,761.16
2025-08-03,West,Apparel,EAST_DC,2,56.97
2025-08-03,West,Apparel,CENTRAL_DC,5,149.84
2025-08-03,West,Accessories,WEST_DC,2,28.92
2025-08-03,West,Accessories,EAST_DC,1,14.64
2025-08-03,East,Electronics,EAST_DC,29,3767.42
2025-08-03,East,Electronics,WEST_DC,5,597.44
2025-08-03,East,Electronics,CENTRAL_DC,3,365.72
2025-08-03,East,Home,EAST_DC,18,815.32
2025-08-03,East,Home,WEST_DC,3,131.79
2025-08-03,East,Home,CENTRAL_DC,1,47.06
2025-08-03,East,Apparel,EAST_DC,21,646.93
2025-08-03,East,Apparel,WEST_DC,4,111.17
2025-08-03,East,Accessories,EAST_DC,3,44.66
2025-08-03,East,Accessories,CENTRAL_DC,1,14.86
2025-08-03,Central,Electronics,CENTRAL_DC,23,2841.27
2025-08-03,Central,Electronics,WEST_DC,4,496.97
2025-08-03,Central,Electronics,EAST_DC,3,365.99
2025-08-03,Central,Home,CENTRAL_DC,20,864.33
2025-08-03,Central,Home,WEST_DC,6,275.55
2025-08-03,Central,Home,EAST_DC,2,87.25
2025-08-03,Central,Apparel,CENTRAL_DC,13,384.25
2025-08-03,Central,Apparel,WEST_DC,4,119.1
2025-08-03,Central,Apparel,EAST_DC,1,29.54
2025-08-03,Central,Accessories,CENTRAL_DC,1,15.03
2025-08-04,West,Electronics,WEST_DC,26,3052.75
2025-08-04,West,Electronics,EAST_DC,4,480.53
2025-08-04,West,Electronics,CENTRAL_DC,6,703.46
2025-08-04,West,Home,WEST_DC,29,1325.36
2025-08-04,West,Home,EAST_DC,3,141.08
2025-08-04,West,Home,CENTRAL_DC,1,44.97
2025-08-04,West,Apparel,WEST_DC,26,780.38
2025-08-04,West,Apparel,EAST_DC,2,61.24
2025-08-04,West,Apparel,CENTRAL_DC,1,30.45
2025-08-04,West,Accessories,WEST_DC,8,116.36
2025-08-04,East,Electronics,EAST_DC,21,2403.91
2025-08-04,East,Electronics,WEST_DC,6,728.6
2025-08-04,East,Electronics,CENTRAL_DC,5,592.86
2025-08-04,East,Home,EAST_DC,16,729.55
2025-08-04,East,Home,WEST_DC,2,87.16
2025-08-04,East,Home,CENTRAL_DC,1,45.21
2025-08-04,East,Apparel,EAST_DC,20,585.3
2025-08-04,East,Apparel,WEST_DC,1,31.34
2025-08-04,East,Apparel,CENTRAL_DC,4,119.34
2025-08-04,East,Accessories,EAST_DC,5,75.8
2025-08-04,Central,Electronics,CENTRAL_DC,24,2925.02
2025-08-04,Central,Electronics,WEST_DC,4,489.51
2025-08-04,Central,Electronics,EAST_DC,7,835.94
2025-08-04,Central,Home,CENTRAL_DC,19,834.88
2025-08-04,Central,Home,WEST_DC,1,45.83
2025-08-04,Central,Home,EAST_DC,6,268.2
2025-08-04,Central,Apparel,CENTRAL_DC,17,514.1
2025-08-04,Central,Apparel,WEST_DC,7,196.21
2025-08-04,Central,Apparel,EAST_DC,5,145.63
2025-08-04,Central,Accessories,CENTRAL_DC,4,58.81
2025-08-04,Central,Accessories,EAST_DC,1,14.69
2025-08-05,West,Electronics,WEST_DC,22,2741.52
2025-08-05,West,Electronics,EAST_DC,7,880.32
2025-08-05,West,Electronics,CENTRAL_DC,5,604.07
2025-08-05,West,Home,WEST_DC,29,1326.1
2025-08-05,West,Home,EAST_DC,2,95.29
2025-08-05,West,Home,CENTRAL_DC,4,179.55
2025-08-05,West,Apparel,WEST_DC,31,948.18
2025-08-05,West,Apparel,EAST_DC,3,93.83
2025-08-05,West,Apparel,CENTRAL_DC,5,151.4
2025-08-05,West,Accessories,WEST_DC,4,59.52
2025-08-05,West,Accessories,EAST_DC,1,15.05
2025-08-05,East,Electronics,EAST_DC,35,4308.25
2025-08-05,East,Electronics,CENTRAL_DC,3,348.89
2025-08-05,East,Home,EAST_DC,20,889.32
2025-08-05,East,Home,WEST_DC,6,265.09
2025-08-05,East,Home,CENTRAL_DC,2,91.19
2025-08-05,East,Apparel,EAST_DC,19,584.58
2025-08-05,East,Apparel,WEST_DC,3,90.73
2025-08-05,East,Apparel,CENTRAL_DC,4,121.41
2025-08-05,East,Accessories,EAST_DC,7,103.68
2025-08-05,East,Accessories,WEST_DC,1,13.88
2025-08-05,Central,Electronics,CENTRAL_DC,37,4315.63
2025-08-05,Central,Electronics,WEST_DC,5,603.34
2025-08-05,Central,Electronics,EAST_DC,7,861.98
2025-08-05,Central,Home,CENTRAL_DC,24,1026.47
2025-08-05,Central,Home,WEST_DC,2,90.91
2025-08-05,Central,Home,EAST_DC,3,131.04
2025-08-05,Central,Apparel,CENTRAL_DC,34,1046.78
2025-08-05,Central,Apparel,WEST_DC,6,175.04
2025-08-05,Central,Apparel,EAST_DC,2,60.5
2025-08-05,Central,Accessories,CENTRAL_DC,5,73.12
2025-08-05,Central,Accessories,WEST_DC,1,14.64
2025-08-05,Central,Accessories,EAST_DC,2,30.52
2025-08-06,West,Electronics,WEST_DC,27,3235.15
2025-08-06,West,Electronics,EAST_DC,4,469.56
2025-08-06,West,Electronics,CENTRAL_DC,7,856.58
2025-08-06,West,Home,WEST_DC,17,734.07
2025-08-06,West,Home,EAST_DC,4,181.66
2025-08-06,West,Home,CENTRAL_DC,4,179.51
2025-08-06,West,Apparel,WEST_DC,32,957.38
2025-08-06,West,Apparel,EAST_DC,1,29.41
2025-08-06,West,Apparel,CENTRAL_DC,1,30.82
2025-08-06,West,Accessories,WEST_DC,3,44.79
2025-08-06,West,Accessories,EAST_DC,1,15.48
2025-08-06,West,Accessories,CENTRAL_DC,1,15.1
2025-08-06,East,Electronics,EAST_DC,32,3720.19
2025-08-06,East,Electronics,WEST_DC,7,842.68
2025-08-06,East,Electronics,CENTRAL_DC,5,568.41
2025-08-06,East,Home,EAST_DC,22,941.32
2025-08-06,East,Home,WEST_DC,3,130.14
2025-08-06,East,Home,CENTRAL_DC,4,181.61
2025-08-06,East,Apparel,EAST_DC,16,475.65
2025-08-06,East,Apparel,WEST_DC,1,29.52
2025-08-06,East,Apparel,CENTRAL_DC,3,84.78
2025-08-06,East,Accessories,EAST_DC,10,152.87
2025-08-06,Central,Electronics,CENTRAL_DC,36,4446.15
2025-08-06,Central,Electronics,WEST_DC,3,349.35
2025-08-06,Central,Electronics,EAST_DC,4,465.75
2025-08-06,Central,Home,CENTRAL_DC,18,842.73
2025-08-06,Central,Home,WEST_DC,2,91.76
2025-08-06,Central,Home,EAST_DC,5,224.95
2025-08-06,Central,Apparel,CENTRAL_DC,27,825.31
2025-08-06,Central,Apparel,WEST_DC,4,124.19
2025-08-06,Central,Apparel,EAST_DC,7,213.41
2025-08-06,Central,Accessories,CENTRAL_DC,3,45.84
2025-08-07,West,Electronics,WEST_DC,31,3738.27
2025-08-07,West,Electronics,EAST_DC,4,479.19
2025-08-07,West,Electronics,CENTRAL_DC,4,481.68
2025-08-07,West,Home,WEST_DC,29,1326.19
2025-08-07,West,Home,EAST_DC,3,134.26
2025-08-07,West,Home,CENTRAL_DC,3,139.69
2025-08-07,West,Apparel,WEST_DC,31,946.3
2025-08-07,West,Apparel,EAST_DC,3,87.98
2025-08-07,West,Apparel,CENTRAL_DC,5,154.03
2025-08-07,West,Accessories,WEST_DC,9,127.99
2025-08-07,West,Accessories,EAST_DC,1,14.97
2025-08-07,East,Electronics,EAST_DC,32,3828.01
2025-08-07,East,Electronics,WEST_DC,2,237.8
2025-08-07,East,Electronics,CENTRAL_DC,4,507.45
2025-08-07,East,Home,EAST_DC,22,988.92
2025-08-07,East,Home,WEST_DC,6,271.47
2025-08-07,East,Home,CENTRAL_DC,4,176.79
2025-08-07,East,Apparel,EAST_DC,24,722.11
2025-08-07,East,Apparel,WEST_DC,8,236.2
2025-08-07,East,Apparel,CENTRAL_DC,2,56.64
2025-08-07,East,Accessories,EAST_DC,3,47.33
2025-08-07,East,Accessories,WEST_DC,1,15.1
2025-08-07,Central,Electronics,CENTRAL_DC,34,4036.52
2025-08-07,Central,Electronics,WEST_DC,9,1041.67
2025-08-07,Central,Electronics,EAST_DC,3,361.21
2025-08-07,Central,Home,CENTRAL_DC,21,962.59
2025-08-07,Central,Home,WEST_DC,2,93.1
2025-08-07,Central,Home,EAST_DC,7,306.47
2025-08-07,Central,Apparel,CENTRAL_DC,28,845.42
2025-08-07,Central,Apparel,WEST_DC,2,63.09
2025-08-07,Central,Apparel,EAST_DC,3,90.69
2025-08-07,Central,Accessories,CENTRAL_DC,1,14.5
2025-08-08,West,Electronics,WEST_DC,36,4284.01
2025-08-08,West,Electronics,EAST_DC,3,356.79
2025-08-08,West,Electronics,CENTRAL_DC,7,835.74
2025-08-08,West,Home,WEST_DC,20,908.16
2025-08-08,West,Home,EAST_DC,2,89.9
2025-08-08,West,Home,CENTRAL_DC,2,89.66
2025-08-08,West,Apparel,WEST_DC,31,933.61
2025-08-08,West,Apparel,EAST_DC,4,112.58
2025-08-08,West,Apparel,CENTRAL_DC,1,29.81
2025-08-08,West,Accessories,WEST_DC,4,60.07
2025-08-08,West,Accessories,EAST_DC,1,15.12
2025-08-08,West,Accessories,CENTRAL_DC,1,14.94
2025-08-08,East,Electronics,EAST_DC,28,3475.15
2025-08-08,East,Electronics,WEST_DC,4,474.7
2025-08-08,East,Electronics,CENTRAL_DC,4,498.28
2025-08-08,East,Home,EAST_DC,23,1005.73
2025-08-08,East,Home,WEST_DC,2,90.23
2025-08-08,East,Home,CENTRAL_DC,2,87.16
2025-08-08,East,Apparel,EAST_DC,29,831.32
2025-08-08,East,Apparel,WEST_DC,7,210.79
2025-08-08,East,Apparel,CENTRAL_DC,7,209.2
2025-08-08,East,Accessories,EAST_DC,2,30.74
2025-08-08,East,Accessories,WEST_DC,2,29.21
2025-08-08,Central,Electronics,CENTRAL_DC,33,3940.88
2025-08-08,Central,Electronics,WEST_DC,5,608.04
2025-08-08,Central,Electronics,EAST_DC,3,334.03
2025-08-08,Central,Home,CENTRAL_DC,23,1054.51
2025-08-08,Central,Home,WEST_DC,3,133.69
2025-08-08,Central,Home,EAST_DC,5,228.68
2025-08-08,Central,Apparel,CENTRAL_DC,24,748.54
2025-08-08,Central,Apparel,WEST_DC,4,123.78
2025-08-08,Central,Apparel,EAST_DC,3,89.51
2025-08-08,Central,Accessories,CENTRAL_DC,4,58.75
2025-08-08,Central,Accessories,WEST_DC,1,14.85
2025-08-08,Central,Accessories,EAST_DC,1,13.8
2025-08-09,West,Electronics,WEST_DC,23,2711.14
2025-08-09,West,Electronics,EAST_DC,5,594.64
2025-08-09,West,Electronics,CENTRAL_DC,1,124.38
2025-08-09,West,Home,WEST_DC,20,956.01
2025-08-09,West,Home,EAST_DC,1,45.24
2025-08-09,West,Home,CENTRAL_DC,3,143.62
2025-08-09,West,Apparel,WEST_DC,31,939.72
2025-08-09,West,Apparel,EAST_DC,6,174.23
2025-08-09,West,Apparel,CENTRAL_DC,5,151.16
2025-08-09,West,Accessories,WEST_DC,1,15.71
2025-08-09,West,Accessories,EAST_DC,1,14.57
2025-08-09,West,Accessories,CENTRAL_DC,1,15.94
2025-08-09,East,Electronics,EAST_DC,31,3885.42
2025-08-09,East,Electronics,WEST_DC,2,231.37
2025-08-09,East,Electronics,CENTRAL_DC,2,240.85
2025-08-09,East,Home,EAST_DC,12,544.9
2025-08-09,East,Home,WEST_DC,4,181.36
2025-08-09,East,Home,CENTRAL_DC,3,139.88
2025-08-09,East,Apparel,EAST_DC,19,559.53
2025-08-09,East,Apparel,WEST_DC,5,147.15
2025-08-09,East,Apparel,CENTRAL_DC,4,114.75
2025-08-09,East,Accessories,EAST_DC,6,92.07
2025-08-09,East,Accessories,WEST_DC,1,14.75
2025-08-09,Central,Electronics,CENTRAL_DC,26,3098.8
2025-08-09,Central,Electronics,WEST_DC,1,119.62
2025-08-09,Central,Electronics,EAST_DC,3,377.59
2025-08-09,Central,Home,CENTRAL_DC,18,811.5
2025-08-09,Central,Home,WEST_DC,2,84.49
2025-08-09,Central,Home,EAST_DC,5,221.79
2025-08-09,Central,Apparel,CENTRAL_DC,19,554.37
2025-08-09,Central,Apparel,WEST_DC,3,90.71
2025-08-09,Central,Apparel,EAST_DC,2,60.17
2025-08-09,Central,Accessories,WEST_DC,1,15.44
2025-08-09,Central,Accessories,EAST_DC,1,14.87
2025-08-10,West,Electronics,WEST_DC,16,1824.62
2025-08-10,West,Electronics,EAST_DC,3,347.07
2025-08-10,West,Electronics,CENTRAL_DC,6,716.83
2025-08-10,West,Home,WEST_DC,15,680.64
2025-08-10,West,Home,EAST_DC,2,88.2
2025-08-10,West,Home,CENTRAL_DC,2,89.71
2025-08-10,West,Apparel,WEST_DC,16,484.78
2025-08-10,West,Apparel,EAST_DC,2,58.85
2025-08-10,West,Apparel,CENTRAL_DC,2,59.48
2025-08-10,West,Accessories,WEST_DC,3,45.51
2025-08-10,East,Electronics,EAST_DC,22,2693.05
2025-08-10,East,Electronics,WEST_DC,5,607.18
2025-08-10,East,Electronics,CENTRAL_DC,7,841.83
2025-08-10,East,Home,EAST_DC,18,826.6
2025-08-10,East,Home,WEST_DC,3,137.76
2025-08-10,East,Home,CENTRAL_DC,2,94.63
2025-08-10,East,Apparel,EAST_DC,24,733.42
2025-08-10,East,Apparel,WEST_DC,2,57.49
2025-08-10,East,Apparel,CENTRAL_DC,3,87.1
2025-08-10,East,Accessories,EAST_DC,2,30.23
2025-08-10,East,Accessories,WEST_DC,2,29.36
2025-08-10,Central,Electronics,CENTRAL_DC,23,2832.39
2025-08-10,Central,Electronics,WEST_DC,4,469.9
2025-08-10,Central,Electronics,EAST_DC,3,354.27
2025-08-10,Central,Home,CENTRAL_DC,25,1071.04
2025-08-10,Central,Home,WEST_DC,1,43.57
2025-08-10,Central,Home,EAST_DC,2,93.5
2025-08-10,Central,Apparel,CENTRAL_DC,32,980.6
2025-08-10,Central,Apparel,WEST_DC,3,87.84
2025-08-10,Central,Apparel,EAST_DC,3,88.44
2025-08-10,Central,Accessories,CENTRAL_DC,1,14.57
2025-08-10,Central,Accessories,EAST_DC,1,15.53
2025-08-11,West,Electronics,WEST_DC,24,2940.24
2025-08-11,West,Electronics,EAST_DC,1,121.52
2025-08-11,West,Electronics,CENTRAL_DC,3,348.68
2025-08-11,West,Home,WEST_DC,24,1070.87
2025-08-11,West,Home,EAST_DC,2,92.07
2025-08-11,West,Home,CENTRAL_DC,3,136.05
2025-08-11,West,Apparel,WEST_DC,27,838.66
2025-08-11,West,Apparel,EAST_DC,6,181.32
2025-08-11,West,Apparel,CENTRAL_DC,9,272.13
2025-08-11,West,Accessories,WEST_DC,4,62.22
2025-08-11,West,Accessories,EAST_DC,1,14.86
2025-08-11,East,Electronics,EAST_DC,36,4263.68
2025-08-11,East,Electronics,WEST_DC,3,371.92
2025-08-11,East,Electronics,CENTRAL_DC,5,585.03
2025-08-11,East,Home,EAST_DC,21,996.87
2025-08-11,East,Home,WEST_DC,2,87.99
2025-08-11,East,Home,CENTRAL_DC,2,86.2
2025-08-11,East,Apparel,EAST_DC,31,944.01
2025-08-11,East,Apparel,WEST_DC,2,59.45
2025-08-11,East,Apparel,CENTRAL_DC,3,88.72
2025-08-11,East,Accessories,EAST_DC,4,59.25
2025-08-11,East,Accessories,CENTRAL_DC,1,15.13
2025-08-11,Central,Electronics,CENTRAL_DC,37,4401.98
2025-08-11,Central,Electronics,WEST_DC,1,120.74
2025-08-11,Central,Electronics,EAST_DC,5,603.96
2025-08-11,Central,Home,CENTRAL_DC,30,1339.06
2025-08-11,Central,Home,EAST_DC,2,85.88
2025-08-11,Central,Apparel,CENTRAL_DC,35,1043.48
2025-08-11,Central,Apparel,WEST_DC,1,29.95
2025-08-11,Central,Accessories,CENTRAL_DC,5,73.82
2025-08-12,West,Electronics,WEST_DC,31,3769.41
2025-08-12,West,Electronics,EAST_DC,5,582.29
2025-08-12,West,Electronics,CENTRAL_DC,7,799.73
2025-08-12,West,Home,WEST_DC,16,728.51
2025-08-12,West,Home,EAST_DC,3,134.06
2025-08-12,West,Home,CENTRAL_DC,3,140.7
2025-08-12,West,Apparel,WEST_DC,29,850.51
2025-08-12,West,Apparel,EAST_DC,2,60.34
2025-08-12,West,Apparel,CENTRAL_DC,5,150.95
2025-08-12,West,Accessories,WEST_DC,1,15.68
2025-08-12,West,Accessories,EAST_DC,2,29.2
2025-08-12,West,Accessories,CENTRAL_DC,1,15.65
2025-08-12,East,Electronics,EAST_DC,32,3922.37
2025-08-12,East,Electronics,WEST_DC,6,719.12
2025-08-12,East,Electronics,CENTRAL_DC,2,232.14
2025-08-12,East,Home,EAST_DC,22,998.99
2025-08-12,East,Home,WEST_DC,4,183.72
2025-08-12,East,Home,CENTRAL_DC,2,88.07
2025-08-12,East,Apparel,EAST_DC,30,930.54
2025-08-12,East,Apparel,WEST_DC,3,89.38
2025-08-12,East,Apparel,CENTRAL_DC,2,57.17
2025-08-12,East,Accessories,EAST_DC,2,30.48
2025-08-12,East,Accessories,WEST_DC,1,14.88
2025-08-12,Central,Electronics,CENTRAL_DC,33,4044.63
2025-08-12,Central,Electronics,WEST_DC,3,357.07
2025-08-12,Central,Electronics,EAST_DC,4,479.13
2025-08-12,Central,Home,CENTRAL_DC,35,1558.89
2025-08-12,Central,Home,WEST_DC,3,130.63
2025-08-12,Central,Home,EAST_DC,2,88.73
2025-08-12,Central,Apparel,CENTRAL_DC,24,698.16
2025-08-12,Central,Apparel,WEST_DC,2,60.53
2025-08-12,Central,Apparel,EAST_DC,2,59.79
2025-08-12,Central,Accessories,CENTRAL_DC,4,61.53
2025-08-13,West,Electronics,WEST_DC,29,3531.28
2025-08-13,West,Electronics,EAST_DC,1,120.01
2025-08-13,West,Electronics,CENTRAL_DC,4,444.31
2025-08-13,West,Home,WEST_DC,20,921.11
2025-08-13,West,Home,EAST_DC,2,91.22
2025-08-13,West,Home,CENTRAL_DC,4,180.43
2025-08-13,West,Apparel,WEST_DC,23,694.54
2025-08-13,West,Apparel,EAST_DC,4,124.01
2025-08-13,West,Apparel,CENTRAL_DC,2,61.03
2025-08-13,West,Accessories,WEST_DC,2,30.65
2025-08-13,East,Electronics,EAST_DC,30,3584.96
2025-08-13,East,Electronics,WEST_DC,6,701.06
2025-08-13,East,Electronics,CENTRAL_DC,4,493.05
2025-08-13,East,Home,EAST_DC,33,1493.69
2025-08-13,East,Home,WEST_DC,6,276.82
2025-08-13,East,Home,CENTRAL_DC,3,135.59
2025-08-13,East,Apparel,EAST_DC,25,732.13
2025-08-13,East,Apparel,WEST_DC,3,89.4
2025-08-13,East,Apparel,CENTRAL_DC,3,85.88
2025-08-13,East,Accessories,EAST_DC,1,14.53
2025-08-13,Central,Electronics,CENTRAL_DC,33,4182.48
2025-08-13,Central,Electronics,WEST_DC,3,355.51
2025-08-13,Central,Electronics,EAST_DC,10,1212.27
2025-08-13,Central,Home,CENTRAL_DC,22,1003.41
2025-08-13,Central,Home,WEST_DC,6,270.16
2025-08-13,Central,Home,EAST_DC,4,182.52
2025-08-13,Central,Apparel,CENTRAL_DC,26,799.47
2025-08-13,Central,Apparel,WEST_DC,3,87.19
2025-08-13,Central,Apparel,EAST_DC,5,154.09
2025-08-13,Central,Accessories,CENTRAL_DC,4,58.84
2025-08-13,Central,Accessories,EAST_DC,1,15.23
2025-08-14,West,Electronics,WEST_DC,35,4293.35
2025-08-14,West,Electronics,EAST_DC,4,469.52
2025-08-14,West,Electronics,CENTRAL_DC,5,609.6
2025-08-14,West,Home,WEST_DC,23,1045.43
2025-08-14,West,Home,EAST_DC,2,86.15
2025-08-14,West,Apparel,WEST_DC,25,727.56
2025-08-14,West,Apparel,EAST_DC,1,29.44
2025-08-14,West,Apparel,CENTRAL_DC,2,59.76
2025-08-14,West,Accessories,WEST_DC,2,28.37
2025-08-14,West,Accessories,EAST_DC,1,15.49
2025-08-14,West,Accessories,CENTRAL_DC,1,15.05
2025-08-14,East,Electronics,EAST_DC,44,5361.94
2025-08-14,East,Electronics,WEST_DC,5,623.36
2025-08-14,East,Electronics,CENTRAL_DC,2,242.17
2025-08-14,East,Home,EAST_DC,27,1283.38
2025-08-14,East,Home,WEST_DC,4,191.53
2025-08-14,East,Home,CENTRAL_DC,1,45.51
2025-08-14,East,Apparel,EAST_DC,32,951.82
2025-08-14,East,Apparel,WEST_DC,2,58.61
2025-08-14,East,Apparel,CENTRAL_DC,5,155.58
2025-08-14,East,Accessories,EAST_DC,3,42.48
2025-08-14,East,Accessories,WEST_DC,1,15.79
2025-08-14,East,Accessories,CENTRAL_DC,1,14.68
2025-08-14,Central,Electronics,CENTRAL_DC,34,4144.12
2025-08-14,Central,Electronics,WEST_DC,1,118.97
2025-08-14,Central,Electronics,EAST_DC,4,461.14
2025-08-14,Central,Home,CENTRAL_DC,15,694.75
2025-08-14,Central,Home,WEST_DC,2,89.68
2025-08-14,Central,Home,EAST_DC,3,133.83
2025-08-14,Central,Apparel,CENTRAL_DC,27,809.47
2025-08-14,Central,Apparel,WEST_DC,4,124.26
2025-08-14,Central,Accessories,CENTRAL_DC,6,92.03
2025-08-15,West,Electronics,WEST_DC,34,4014.52
2025-08-15,West,Electronics,EAST_DC,4,480.8
2025-08-15,West,Electronics,CENTRAL_DC,7,840.56
2025-08-15,West,Home,WEST_DC,24,1080.28
2025-08-15,West,Home,CENTRAL_DC,2,90.03
2025-08-15,West,Apparel,WEST_DC,35,980.06
2025-08-15,West,Apparel,EAST_DC,3,91.68
2025-08-15,West,Apparel,CENTRAL_DC,4,119.6
2025-08-15,West,Accessories,WEST_DC,5,72.77
2025-08-15,East,Electronics,EAST_DC,26,3092.23
2025-08-15,East,Electronics,WEST_DC,1,124.9
2025-08-15,East,Electronics,CENTRAL_DC,2,236.91
2025-08-15,East,Home,EAST_DC,27,1191.81
2025-08-15,East,Home,WEST_DC,2,88.16
2025-08-15,East,Home,CENTRAL_DC,4,182.5
2025-08-15,East,Apparel,EAST_DC,33,1013.78
2025-08-15,East,Apparel,WEST_DC,6,181.43
2025-08-15,East,Apparel,CENTRAL_DC,6,178.95
2025-08-15,East,Accessories,EAST_DC,7,106.6
2025-08-15,Central,Electronics,CENTRAL_DC,31,3714.45
2025-08-15,Central,Electronics,WEST_DC,2,239.08
2025-08-15,Central,Electronics,EAST_DC,4,484.65
2025-08-15,Central,Home,CENTRAL_DC,26,1242.33
2025-08-15,Central,Home,WEST_DC,2,88.96
2025-08-15,Central,Home,EAST_DC,3,136.17
2025-08-15,Central,Apparel,CENTRAL_DC,34,1096.54
2025-08-15,Central,Apparel,WEST_DC,6,181.96
2025-08-15,Central,Apparel,EAST_DC,7,202.26
2025-08-15,Central,Accessories,CENTRAL_DC,5,78.89
2025-08-16,West,Electronics,WEST_DC,16,1862.47
2025-08-16,West,Electronics,EAST_DC,4,487.52
2025-08-16,West,Home,WEST_DC,19,849.83
2025-08-16,West,Home,EAST_DC,1,44.66
2025-08-16,West,Apparel,WEST_DC,14,428.99
2025-08-16,West,Apparel,EAST_DC,2,59.45
2025-08-16,West,Apparel,CENTRAL_DC,2,57.39
2025-08-16,West,Accessories,WEST_DC,1,15.26
2025-08-16,East,Electronics,EAST_DC,28,3417.97
2025-08-16,East,Electronics,CENTRAL_DC,4,466.56
2025-08-16,East,Home,EAST_DC,18,781.17
2025-08-16,East,Home,WEST_DC,2,92.65
2025-08-16,East,Apparel,EAST_DC,16,503.24
2025-08-16,East,Apparel,WEST_DC,3,89.85
2025-08-16,East,Apparel,CENTRAL_DC,4,116.93
2025-08-16,East,Accessories,EAST_DC,4,61.75
2025-08-16,Central,Electronics,CENTRAL_DC,17,2058.6
2025-08-16,Central,Electronics,WEST_DC,8,983.19
2025-08-16,Central,Electronics,EAST_DC,2,243.93
2025-08-16,Central,Home,CENTRAL_DC,16,733.36
2025-08-16,Central,Home,WEST_DC,2,90.97
2025-08-16,Central,Apparel,CENTRAL_DC,13,397.31
2025-08-16,Central,Apparel,WEST_DC,2,58.41
2025-08-16,Central,Apparel,EAST_DC,1,30.07
2025-08-16,Central,Accessories,CENTRAL_DC,8,116.81
2025-08-17,West,Electronics,WEST_DC,25,3065.2
2025-08-17,West,Electronics,EAST_DC,2,236.95
2025-08-17,West,Electronics,CENTRAL_DC,2,230.24
2025-08-17,West,Home,WEST_DC,16,718.06
2025-08-17,West,Home,EAST_DC,3,134.68
2025-08-17,West,Home,CENTRAL_DC,4,180.75
2025-08-17,West,Apparel,WEST_DC,5,152.41
2025-08-17,West,Apparel,EAST_DC,2,60.38
2025-08-17,West,Accessories,WEST_DC,5,74.82
2025-08-17,East,Electronics,EAST_DC,15,1761.98
2025-08-17,East,Electronics,WEST_DC,5,580.26
2025-08-17,East,Electronics,CENTRAL_DC,3,370.66
2025-08-17,East,Home,EAST_DC,18,805.2
2025-08-17,East,Home,WEST_DC,2,89.94
2025-08-17,East,Apparel,EAST_DC,14,421.51
2025-08-17,East,Apparel,WEST_DC,8,235.11
2025-08-17,East,Apparel,CENTRAL_DC,4,118.37
2025-08-17,East,Accessories,EAST_DC,3,44.94
2025-08-17,Central,Electronics,CENTRAL_DC,20,2329.83
2025-08-17,Central,Electronics,WEST_DC,3,343.21
2025-08-17,Central,Electronics,EAST_DC,5,608.97
2025-08-17,Central,Home,CENTRAL_DC,18,836.61
2025-08-17,Central,Home,WEST_DC,5,223.23
2025-08-17,Central,Home,EAST_DC,2,87.23
2025-08-17,Central,Apparel,CENTRAL_DC,27,797.82
2025-08-17,Central,Apparel,WEST_DC,3,89.55
2025-08-17,Central,Apparel,EAST_DC,3,92.7
2025-08-17,Central,Accessories,CENTRAL_DC,6,93.49
2025-08-17,Central,Accessories,WEST_DC,1,15.63
2025-08-18,West,Electronics,WEST_DC,23,2732.27
2025-08-18,West,Electronics,EAST_DC,4,482.79
2025-08-18,West,Electronics,CENTRAL_DC,4,493.78
2025-08-18,West,Home,WEST_DC,18,822.05
2025-08-18,West,Home,EAST_DC,7,316.29
2025-08-18,West,Apparel,WEST_DC,30,906.55
2025-08-18,West,Apparel,EAST_DC,5,157.89
2025-08-18,West,Apparel,CENTRAL_DC,2,61.9
2025-08-18,West,Accessories,WEST_DC,1,15.7
2025-08-18,East,Electronics,EAST_DC,24,2804.89
2025-08-18,East,Electronics,WEST_DC,7,854.36
2025-08-18,East,Electronics,CENTRAL_DC,3,351.97
2025-08-18,East,Home,EAST_DC,24,1102.04
2025-08-18,East,Home,WEST_DC,4,182.0
2025-08-18,East,Home,CENTRAL_DC,2,89.5
2025-08-18,East,Apparel,EAST_DC,32,924.51
2025-08-18,East,Apparel,WEST_DC,2,57.81
2025-08-18,East,Apparel,CENTRAL_DC,4,122.13
2025-08-18,East,Accessories,EAST_DC,5,73.66
2025-08-18,Central,Electronics,CENTRAL_DC,24,2939.68
2025-08-18,Central,Electronics,WEST_DC,6,670.3
2025-08-18,Central,Electronics,EAST_DC,8,974.71
2025-08-18,Central,Home,CENTRAL_DC,24,1116.32
2025-08-18,Central,Home,WEST_DC,5,219.07
2025-08-18,Central,Home,EAST_DC,5,227.31
2025-08-18,Central,Apparel,CENTRAL_DC,24,758.09
2025-08-18,Central,Apparel,WEST_DC,4,118.3
2025-08-18,Central,Apparel,EAST_DC,5,143.75
2025-08-18,Central,Accessories,CENTRAL_DC,6,89.23
2025-08-18,Central,Accessories,WEST_DC,1,15.33
2025-08-19,West,Electronics,WEST_DC,31,3682.47
2025-08-19,West,Electronics,EAST_DC,2,238.98
2025-08-19,West,Electronics,CENTRAL_DC,1,117.67
2025-08-19,West,Home,WEST_DC,21,936.62
2025-08-19,West,Home,EAST_DC,2,88.67
2025-08-19,West,Home,CENTRAL_DC,2,87.52
2025-08-19,West,Apparel,WEST_DC,17,514.43
2025-08-19,West,Apparel,EAST_DC,2,60.49
2025-08-19,West,Apparel,CENTRAL_DC,3,90.56
2025-08-19,West,Accessories,CENTRAL_DC,2,30.39
2025-08-19,East,Electronics,EAST_DC,33,3920.51
2025-08-19,East,Electronics,WEST_DC,1,120.94
2025-08-19,East,Electronics,CENTRAL_DC,6,728.56
2025-08-19,East,Home,EAST_DC,22,980.73
2025-08-19,East,Home,WEST_DC,4,179.26
2025-08-19,East,Home,CENTRAL_DC,1,44.55
2025-08-19,East,Apparel,EAST_DC,35,1083.54
2025-08-19,East,Apparel,WEST_DC,3,89.59
2025-08-19,East,Apparel,CENTRAL_DC,8,239.31
2025-08-19,East,Accessories,EAST_DC,1,14.68
2025-08-19,East,Accessories,WEST_DC,2,29.69
2025-08-19,East,Accessories,CENTRAL_DC,1,15.87
2025-08-19,Central,Electronics,CENTRAL_DC,32,3841.71
2025-08-19,Central,Electronics,WEST_DC,1,118.13
2025-08-19,Central,Home,CENTRAL_DC,28,1215.28
2025-08-19,Central,Home,WEST_DC,2,90.74
2025-08-19,Central,Home,EAST_DC,3,139.33
2025-08-19,Central,Apparel,CENTRAL_DC,25,769.95
2025-08-19,Central,Apparel,WEST_DC,5,143.41
2025-08-19,Central,Apparel,EAST_DC,6,180.18
2025-08-19,Central,Accessories,CENTRAL_DC,2,28.52
2025-08-20,West,Electronics,WEST_DC,27,3145.29
2025-08-20,West,Electronics,EAST_DC,3,358.69
2025-08-20,West,Electronics,CENTRAL_DC,3,353.86
2025-08-20,West,Home,WEST_DC,23,1017.09
2025-08-20,West,Home,EAST_DC,1,45.62
2025-08-20,West,Home,CENTRAL_DC,5,238.13
2025-08-20,West,Apparel,WEST_DC,26,782.54
2025-08-20,West,Apparel,CENTRAL_DC,6,176.63
2025-08-20,West,Accessories,WEST_DC,3,44.99
2025-08-20,West,Accessories,CENTRAL_DC,1,14.06
2025-08-20,East,Electronics,EAST_DC,27,3419.07
2025-08-20,East,Electronics,WEST_DC,5,583.42
2025-08-20,East,Electronics,CENTRAL_DC,5,576.31
2025-08-20,East,Home,EAST_DC,30,1323.91
2025-08-20,East,Home,WEST_DC,4,178.85
2025-08-20,East,Home,CENTRAL_DC,3,137.81
2025-08-20,East,Apparel,EAST_DC,32,979.53
2025-08-20,East,Apparel,WEST_DC,2,61.78
2025-08-20,East,Apparel,CENTRAL_DC,2,60.75
2025-08-20,East,Accessories,EAST_DC,2,28.57
2025-08-20,East,Accessories,WEST_DC,1,15.61
2025-08-20,East,Accessories,CENTRAL_DC,1,15.42
2025-08-20,Central,Electronics,CENTRAL_DC,25,3098.41
2025-08-20,Central,Electronics,WEST_DC,4,478.72
2025-08-20,Central,Electronics,EAST_DC,4,489.33
2025-08-20,Central,Home,CENTRAL_DC,33,1417.08
2025-08-20,Central,Home,WEST_DC,2,90.33
2025-08-20,Central,Home,EAST_DC,4,177.23
2025-08-20,Central,Apparel,CENTRAL_DC,26,791.27
2025-08-20,Central,Apparel,WEST_DC,3,92.79
2025-08-20,Central,Apparel,EAST_DC,1,31.99
2025-08-20,Central,Accessories,CENTRAL_DC,5,72.72
2025-08-21,West,Electronics,WEST_DC,28,3376.9
2025-08-21,West,Electronics,EAST_DC,6,680.28
2025-08-21,West,Electronics,CENTRAL_DC,3,364.19
2025-08-21,West,Home,WEST_DC,26,1111.43
2025-08-21,West,Home,EAST_DC,4,175.11
2025-08-21,West,Home,CENTRAL_DC,4,177.86
2025-08-21,West,Apparel,WEST_DC,27,837.47
2025-08-21,West,Apparel,EAST_DC,2,58.84
2025-08-21,West,Apparel,CENTRAL_DC,8,246.13
2025-08-21,West,Accessories,WEST_DC,2,32.24
2025-08-21,East,Electronics,EAST_DC,31,3697.18
2025-08-21,East,Electronics,WEST_DC,5,619.9
2025-08-21,East,Electronics,CENTRAL_DC,5,567.03
2025-08-21,East,Home,EAST_DC,25,1094.07
2025-08-21,East,Home,WEST_DC,4,179.21
2025-08-21,East,Home,CENTRAL_DC,4,190.12
2025-08-21,East,Apparel,EAST_DC,37,1149.56
2025-08-21,East,Apparel,WEST_DC,7,210.44
2025-08-21,East,Apparel,CENTRAL_DC,3,89.91
2025-08-21,East,Accessories,EAST_DC,7,114.39
2025-08-21,Central,Electronics,CENTRAL_DC,34,4164.5
2025-08-21,Central,Electronics,WEST_DC,6,716.48
2025-08-21,Central,Electronics,EAST_DC,5,633.32
2025-08-21,Central,Home,CENTRAL_DC,25,1100.52
2025-08-21,Central,Home,WEST_DC,5,227.7
2025-08-21,Central,Home,EAST_DC,5,229.15
2025-08-21,Central,Apparel,CENTRAL_DC,28,876.33
2025-08-21,Central,Apparel,WEST_DC,3,87.01
2025-08-21,Central,Apparel,EAST_DC,1,28.47
2025-08-21,Central,Accessories,CENTRAL_DC,2,29.86
2025-08-21,Central,Accessories,WEST_DC,1,14.4
2025-08-21,Central,Accessories,EAST_DC,2,32.21
2025-08-22,West,Electronics,WEST_DC,29,3485.67
2025-08-22,West,Electronics,EAST_DC,3,367.92
2025-08-22,West,Electronics,CENTRAL_DC,4,479.51
2025-08-22,West,Home,WEST_DC,25,1152.64
2025-08-22,West,Home,EAST_DC,2,91.73
2025-08-22,West,Home,CENTRAL_DC,1,47.7
2025-08-22,West,Apparel,WEST_DC,17,540.82
2025-08-22,West,Apparel,EAST_DC,4,117.21
2025-08-22,West,Apparel,CENTRAL_DC,9,277.29
2025-08-22,West,Accessories,WEST_DC,4,63.22
2025-08-22,East,Electronics,EAST_DC,43,4965.92
2025-08-22,East,Electronics,WEST_DC,3,346.92
2025-08-22,East,Electronics,CENTRAL_DC,5,621.04
2025-08-22,East,Home,EAST_DC,20,860.7
2025-08-22,East,Home,WEST_DC,2,89.7
2025-08-22,East,Home,CENTRAL_DC,3,131.63
2025-08-22,East,Apparel,EAST_DC,29,810.0
2025-08-22,East,Apparel,WEST_DC,5,148.56
2025-08-22,East,Apparel,CENTRAL_DC,4,122.5
2025-08-22,East,Accessories,EAST_DC,3,44.86
2025-08-22,Central,Electronics,CENTRAL_DC,28,3297.02
2025-08-22,Central,Electronics,WEST_DC,3,362.41
2025-08-22,Central,Electronics,EAST_DC,4,476.04
2025-08-22,Central,Home,CENTRAL_DC,22,979.19
2025-08-22,Central,Home,WEST_DC,3,141.07
2025-08-22,Central,Home,EAST_DC,2,97.23
2025-08-22,Central,Apparel,CENTRAL_DC,35,1104.75
2025-08-22,Central,Apparel,WEST_DC,3,91.85
2025-08-22,Central,Apparel,EAST_DC,1,30.29
2025-08-22,Central,Accessories,CENTRAL_DC,4,59.66
2025-08-23,West,Electronics,WEST_DC,28,3435.91
2025-08-23,West,Electronics,EAST_DC,2,240.33
2025-08-23,West,Electronics,CENTRAL_DC,4,477.43
2025-08-23,West,Home,WEST_DC,23,1018.35
2025-08-23,West,Home,EAST_DC,1,44.88
2025-08-23,West,Home,CENTRAL_DC,3,135.21
2025-08-23,West,Apparel,WEST_DC,22,648.89
2025-08-23,West,Apparel,EAST_DC,3,95.79
2025-08-23,West,Apparel,CENTRAL_DC,5,146.54
2025-08-23,West,Accessories,WEST_DC,1,14.61
2025-08-23,East,Electronics,EAST_DC,17,2020.16
2025-08-23,East,Electronics,WEST_DC,4,491.89
2025-08-23,East,Electronics,CENTRAL_DC,2,242.53
2025-08-23,East,Home,EAST_DC,11,507.25
2025-08-23,East,Home,WEST_DC,5,227.17
2025-08-23,East,Home,CENTRAL_DC,4,181.26
2025-08-23,East,Apparel,EAST_DC,20,592.06
2025-08-23,East,Apparel,WEST_DC,1,30.35
2025-08-23,East,Apparel,CENTRAL_DC,4,112.36
2025-08-23,East,Accessories,EAST_DC,2,29.28
2025-08-23,East,Accessories,WEST_DC,2,30.09
2025-08-23,East,Accessories,CENTRAL_DC,1,14.87
2025-08-23,Central,Electronics,CENTRAL_DC,22,2651.63
2025-08-23,Central,Electronics,WEST_DC,2,222.64
2025-08-23,Central,Electronics,EAST_DC,2,240.6
2025-08-23,Central,Home,CENTRAL_DC,21,977.61
2025-08-23,Central,Home,WEST_DC,3,136.12
2025-08-23,Central,Apparel,CENTRAL_DC,15,416.72
2025-08-23,Central,Apparel,WEST_DC,3,88.24
2025-08-23,Central,Apparel,EAST_DC,4,121.24
2025-08-23,Central,Accessories,CENTRAL_DC,2,29.42
2025-08-24,West,Electronics,WEST_DC,24,2808.52
2025-08-24,West,Electronics,EAST_DC,2,241.0
2025-08-24,West,Electronics,CENTRAL_DC,5,612.72
2025-08-24,West,Home,WEST_DC,16,735.91
2025-08-24,West,Home,EAST_DC,3,138.26
2025-08-24,West,Home,CENTRAL_DC,2,89.89
2025-08-24,West,Apparel,WEST_DC,26,771.84
2025-08-24,West,Apparel,EAST_DC,2,59.16
2025-08-24,West,Apparel,CENTRAL_DC,2,61.17
2025-08-24,West,Accessories,WEST_DC,3,44.04
2025-08-24,West,Accessories,EAST_DC,1,14.1
2025-08-24,East,Electronics,EAST_DC,18,2137.42
2025-08-24,East,Electronics,WEST_DC,4,507.66
2025-08-24,East,Electronics,CENTRAL_DC,3,384.39
2025-08-24,East,Home,EAST_DC,16,697.98
2025-08-24,East,Home,WEST_DC,4,179.07
2025-08-24,East,Home,CENTRAL_DC,1,46.54
2025-08-24,East,Apparel,EAST_DC,22,683.01
2025-08-24,East,Apparel,WEST_DC,5,155.41
2025-08-24,East,Accessories,EAST_DC,3,44.53
2025-08-24,Central,Electronics,CENTRAL_DC,33,3854.04
2025-08-24,Central,Electronics,WEST_DC,2,242.66
2025-08-24,Central,Electronics,EAST_DC,3,366.26
2025-08-24,Central,Home,CENTRAL_DC,17,752.5
2025-08-24,Central,Home,WEST_DC,5,236.75
2025-08-24,Central,Home,EAST_DC,3,136.74
2025-08-24,Central,Apparel,CENTRAL_DC,11,321.81
2025-08-24,Central,Apparel,WEST_DC,5,146.22
2025-08-24,Central,Apparel,EAST_DC,2,64.38
2025-08-24,Central,Accessories,CENTRAL_DC,4,59.93
2025-08-25,West,Electronics,WEST_DC,30,3629.86
2025-08-25,West,Electronics,EAST_DC,5,640.07
2025-08-25,West,Electronics,CENTRAL_DC,3,374.38
2025-08-25,West,Home,WEST_DC,22,1003.59
2025-08-25,West,Home,EAST_DC,2,89.07
2025-08-25,West,Home,CENTRAL_DC,5,229.86
2025-08-25,West,Apparel,WEST_DC,23,699.72
2025-08-25,West,Apparel,EAST_DC,3,87.97
2025-08-25,West,Apparel,CENTRAL_DC,8,241.84
2025-08-25,West,Accessories,WEST_DC,4,63.69
2025-08-25,West,Outdoor,WEST_DC,7,404.24
2025-08-25,West,Outdoor,CENTRAL_DC,2,124.99
2025-08-25,East,Electronics,EAST_DC,27,3194.9
2025-08-25,East,Electronics,WEST_DC,1,119.98
2025-08-25,East,Electronics,CENTRAL_DC,5,624.22
2025-08-25,East,Home,EAST_DC,23,1039.69
2025-08-25,East,Home,WEST_DC,1,45.8
2025-08-25,East,Home,CENTRAL_DC,1,44.4
2025-08-25,East,Apparel,EAST_DC,27,799.09
2025-08-25,East,Apparel,WEST_DC,5,153.98
2025-08-25,East,Apparel,CENTRAL_DC,3,90.67
2025-08-25,East,Accessories,EAST_DC,1,15.24
2025-08-25,East,Outdoor,EAST_DC,9,537.39
2025-08-25,East,Outdoor,WEST_DC,3,178.48
2025-08-25,Central,Electronics,CENTRAL_DC,34,3886.16
2025-08-25,Central,Electronics,WEST_DC,3,360.26
2025-08-25,Central,Electronics,EAST_DC,8,956.36
2025-08-25,Central,Home,CENTRAL_DC,21,983.65
2025-08-25,Central,Home,WEST_DC,4,176.87
2025-08-25,Central,Home,EAST_DC,3,144.13
2025-08-25,Central,Apparel,CENTRAL_DC,40,1249.37
2025-08-25,Central,Apparel,WEST_DC,5,145.43
2025-08-25,Central,Apparel,EAST_DC,3,88.47
2025-08-25,Central,Accessories,CENTRAL_DC,2,29.16
2025-08-25,Central,Accessories,WEST_DC,1,15.68
2025-08-25,Central,Accessories,EAST_DC,1,14.68
2025-08-25,Central,Outdoor,CENTRAL_DC,10,633.66
2025-08-25,Central,Outdoor,WEST_DC,3,174.38
2025-08-25,Central,Outdoor,EAST_DC,1,59.0
2025-08-26,West,Electronics,WEST_DC,39,4599.63
2025-08-26,West,Electronics,EAST_DC,5,581.61
2025-08-26,West,Electronics,CENTRAL_DC,4,483.08
2025-08-26,West,Home,WEST_DC,31,1368.51
2025-08-26,West,Home,EAST_DC,1,42.89
2025-08-26,West,Home,CENTRAL_DC,2,91.34
2025-08-26,West,Apparel,WEST_DC,21,634.88
2025-08-26,West,Apparel,EAST_DC,5,151.43
2025-08-26,West,Apparel,CENTRAL_DC,6,176.99
2025-08-26,West,Accessories,WEST_DC,5,72.5
2025-08-26,West,Accessories,CENTRAL_DC,1,14.66
2025-08-26,West,Outdoor,WEST_DC,23,1384.02
2025-08-26,West,Outdoor,EAST_DC,1,61.31
2025-08-26,West,Outdoor,CENTRAL_DC,1,62.73
2025-08-26,East,Electronics,EAST_DC,29,3518.92
2025-08-26,East,Electronics,WEST_DC,4,462.36
2025-08-26,East,Electronics,CENTRAL_DC,2,224.74
2025-08-26,East,Home,EAST_DC,25,1092.0
2025-08-26,East,Home,WEST_DC,2,93.75
2025-08-26,East,Home,CENTRAL_DC,1,43.8
2025-08-26,East,Apparel,EAST_DC,38,1120.18
2025-08-26,East,Apparel,WEST_DC,5,149.27
2025-08-26,East,Apparel,CENTRAL_DC,1,31.48
2025-08-26,East,Accessories,EAST_DC,5,77.17
2025-08-26,East,Accessories,WEST_DC,1,14.88
2025-08-26,East,Outdoor,EAST_DC,13,767.48
2025-08-26,East,Outdoor,WEST_DC,1,59.39
2025-08-26,East,Outdoor,CENTRAL_DC,2,114.66
2025-08-26,Central,Electronics,CENTRAL_DC,30,3637.27
2025-08-26,Central,Electronics,WEST_DC,3,363.43
2025-08-26,Central,Electronics,EAST_DC,6,711.35
2025-08-26,Central,Home,CENTRAL_DC,16,678.32
2025-08-26,Central,Home,WEST_DC,1,45.76
2025-08-26,Central,Apparel,CENTRAL_DC,23,705.29
2025-08-26,Central,Apparel,WEST_DC,5,148.1
2025-08-26,Central,Apparel,EAST_DC,3,92.62
2025-08-26,Central,Accessories,CENTRAL_DC,4,61.38
2025-08-26,Central,Outdoor,CENTRAL_DC,8,477.47
2025-08-26,Central,Outdoor,WEST_DC,1,59.91
2025-08-27,West,Electronics,WEST_DC,25,2990.94
2025-08-27,West,Electronics,EAST_DC,7,816.19
2025-08-27,West,Electronics,CENTRAL_DC,9,1105.28
2025-08-27,West,Home,WEST_DC,15,680.82
2025-08-27,West,Home,EAST_DC,2,85.56
2025-08-27,West,Home,CENTRAL_DC,2,93.76
2025-08-27,West,Apparel,WEST_DC,22,680.22
2025-08-27,West,Apparel,EAST_DC,4,119.42
2025-08-27,West,Apparel,CENTRAL_DC,5,152.57
2025-08-27,West,Accessories,WEST_DC,3,45.58
2025-08-27,West,Outdoor,WEST_DC,12,730.03
2025-08-27,West,Outdoor,EAST_DC,1,55.79
2025-08-27,West,Outdoor,CENTRAL_DC,2,114.55
2025-08-27,East,Electronics,EAST_DC,25,2974.5
2025-08-27,East,Electronics,WEST_DC,3,344.31
2025-08-27,East,Electronics,CENTRAL_DC,3,351.48
2025-08-27,East,Home,EAST_DC,27,1244.99
2025-08-27,East,Home,WEST_DC,2,87.64
2025-08-27,East,Home,CENTRAL_DC,2,88.02
2025-08-27,East,Apparel,EAST_DC,23,717.02
2025-08-27,East,Apparel,WEST_DC,4,117.75
2025-08-27,East,Apparel,CENTRAL_DC,5,142.08
2025-08-27,East,Accessories,EAST_DC,8,123.42
2025-08-27,East,Accessories,WEST_DC,1,14.76
2025-08-27,East,Accessories,CENTRAL_DC,1,14.27
2025-08-27,East,Outdoor,EAST_DC,10,625.82
2025-08-27,East,Outdoor,WEST_DC,4,235.4
2025-08-27,East,Outdoor,CENTRAL_DC,1,60.29
2025-08-27,Central,Electronics,CENTRAL_DC,29,3684.83
2025-08-27,Central,Electronics,WEST_DC,4,473.07
2025-08-27,Central,Home,CENTRAL_DC,22,1006.99
2025-08-27,Central,Home,WEST_DC,5,225.68
2025-08-27,Central,Home,EAST_DC,2,85.77
2025-08-27,Central,Apparel,CENTRAL_DC,33,994.78
2025-08-27,Central,Apparel,WEST_DC,4,115.9
2025-08-27,Central,Apparel,EAST_DC,3,90.95
2025-08-27,Central,Accessories,CENTRAL_DC,2,30.92
2025-08-27,Central,Outdoor,CENTRAL_DC,16,937.42
2025-08-27,Central,Outdoor,WEST_DC,3,176.67
2025-08-27,Central,Outdoor,EAST_DC,2,122.94
2025-08-28,West,Electronics,WEST_DC,28,3278.8
2025-08-28,West,Electronics,EAST_DC,5,594.93
2025-08-28,West,Electronics,CENTRAL_DC,2,236.08
2025-08-28,West,Home,WEST_DC,24,1128.66
2025-08-28,West,Home,EAST_DC,3,132.17
2025-08-28,West,Home,CENTRAL_DC,4,186.78
2025-08-28,West,Apparel,WEST_DC,26,759.71
2025-08-28,West,Apparel,EAST_DC,2,61.1
2025-08-28,West,Apparel,CENTRAL_DC,6,178.01
2025-08-28,West,Accessories,WEST_DC,1,15.24
2025-08-28,West,Outdoor,WEST_DC,14,802.09
2025-08-28,East,Electronics,EAST_DC,35,4020.86
2025-08-28,East,Electronics,WEST_DC,4,491.35
2025-08-28,East,Electronics,CENTRAL_DC,2,226.23
2025-08-28,East,Home,EAST_DC,28,1299.2
2025-08-28,East,Home,WEST_DC,3,134.56
2025-08-28,East,Home,CENTRAL_DC,7,293.84
2025-08-28,East,Apparel,EAST_DC,21,613.45
2025-08-28,East,Apparel,WEST_DC,6,173.43
2025-08-28,East,Apparel,CENTRAL_DC,6,179.26
2025-08-28,East,Accessories,EAST_DC,1,14.78
2025-08-28,East,Outdoor,EAST_DC,17,1064.63
2025-08-28,East,Outdoor,WEST_DC,2,122.11
2025-08-28,East,Outdoor,CENTRAL_DC,4,220.29
2025-08-28,Central,Electronics,CENTRAL_DC,35,4222.47
2025-08-28,Central,Electronics,WEST_DC,7,859.39
2025-08-28,Central,Electronics,EAST_DC,4,459.62
2025-08-28,Central,Home,CENTRAL_DC,28,1249.96
2025-08-28,Central,Home,WEST_DC,1,46.48
2025-08-28,Central,Home,EAST_DC,3,140.02
2025-08-28,Central,Apparel,CENTRAL_DC,27,809.04
2025-08-28,Central,Apparel,WEST_DC,2,57.92
2025-08-28,Central,Apparel,EAST_DC,4,122.32
2025-08-28,Central,Accessories,CENTRAL_DC,4,58.77
2025-08-28,Central,Outdoor,CENTRAL_DC,7,436.62
2025-08-28,Central,Outdoor,WEST_DC,2,121.57
2025-08-28,Central,Outdoor,EAST_DC,3,177.01
2025-08-29,West,Electronics,WEST_DC,33,4067.12
2025-08-29,West,Electronics,EAST_DC,6,724.25
2025-08-29,West,Electronics,CENTRAL_DC,10,1205.14
2025-08-29,West,Home,WEST_DC,26,1182.49
2025-08-29,West,Home,EAST_DC,3,140.53
2025-08-29,West,Home,CENTRAL_DC,5,225.44
2025-08-29,West,Apparel,WEST_DC,20,620.87
2025-08-29,West,Apparel,EAST_DC,4,110.03
2025-08-29,West,Apparel,CENTRAL_DC,8,236.37
2025-08-29,West,Accessories,WEST_DC,6,92.44
2025-08-29,West,Outdoor,WEST_DC,14,870.08
2025-08-29,West,Outdoor,CENTRAL_DC,2,120.95
2025-08-29,East,Electronics,EAST_DC,29,3492.18
2025-08-29,East,Electronics,WEST_DC,6,753.45
2025-08-29,East,Home,EAST_DC,23,1026.85
2025-08-29,East,Home,WEST_DC,6,263.21
2025-08-29,East,Home,CENTRAL_DC,1,45.09
2025-08-29,East,Apparel,EAST_DC,25,780.23
2025-08-29,East,Apparel,CENTRAL_DC,4,125.68
2025-08-29,East,Accessories,EAST_DC,3,45.23
2025-08-29,East,Accessories,WEST_DC,1,14.29
2025-08-29,East,Outdoor,EAST_DC,5,301.0
2025-08-29,East,Outdoor,WEST_DC,1,59.64
2025-08-29,East,Outdoor,CENTRAL_DC,2,121.83
2025-08-29,Central,Electronics,CENTRAL_DC,31,3637.14
2025-08-29,Central,Electronics,WEST_DC,4,478.16
2025-08-29,Central,Electronics,EAST_DC,6,742.61
2025-08-29,Central,Home,CENTRAL_DC,24,1053.99
2025-08-29,Central,Home,WEST_DC,2,96.17
2025-08-29,Central,Home,EAST_DC,2,89.52
2025-08-29,Central,Apparel,CENTRAL_DC,35,1095.43
2025-08-29,Central,Apparel,WEST_DC,7,204.72
2025-08-29,Central,Apparel,EAST_DC,4,121.13
2025-08-29,Central,Accessories,CENTRAL_DC,1,14.55
2025-08-29,Central,Outdoor,CENTRAL_DC,8,484.07
2025-08-29,Central,Outdoor,WEST_DC,1,58.11
2025-08-30,West,Electronics,WEST_DC,21,2529.37
2025-08-30,West,Electronics,CENTRAL_DC,1,122.6
2025-08-30,West,Home,WEST_DC,20,929.72
2025-08-30,West,Home,EAST_DC,1,45.52
2025-08-30,West,Apparel,WEST_DC,21,614.75
2025-08-30,West,Apparel,EAST_DC,1,31.81
2025-08-30,West,Apparel,CENTRAL_DC,2,59.82
2025-08-30,West,Accessories,WEST_DC,4,61.47
2025-08-30,West,Accessories,EAST_DC,1,14.92
2025-08-30,West,Outdoor,WEST_DC,11,664.14
2025-08-30,West,Outdoor,CENTRAL_DC,2,117.44
2025-08-30,East,Electronics,EAST_DC,16,1885.21
2025-08-30,East,Electronics,WEST_DC,5,609.61
2025-08-30,East,Electronics,CENTRAL_DC,3,359.74
2025-08-30,East,Home,EAST_DC,21,965.05
2025-08-30,East,Home,WEST_DC,3,131.93
2025-08-30,East,Home,CENTRAL_DC,1,44.99
2025-08-30,East,Apparel,EAST_DC,21,643.96
2025-08-30,East,Apparel,WEST_DC,7,211.85
2025-08-30,East,Apparel,CENTRAL_DC,2,62.26
2025-08-30,East,Accessories,EAST_DC,5,76.12
2025-08-30,East,Outdoor,EAST_DC,9,552.98
2025-08-30,East,Outdoor,WEST_DC,2,120.14
2025-08-30,Central,Electronics,CENTRAL_DC,19,2360.54
2025-08-30,Central,Electronics,WEST_DC,1,113.96
2025-08-30,Central,Electronics,EAST_DC,3,369.61
2025-08-30,Central,Home,CENTRAL_DC,18,811.93
2025-08-30,Central,Home,WEST_DC,6,270.65
2025-08-30,Central,Home,EAST_DC,5,215.77
2025-08-30,Central,Apparel,CENTRAL_DC,19,554.19
2025-08-30,Central,Apparel,WEST_DC,3,92.09
2025-08-30,Central,Apparel,EAST_DC,1,30.22
2025-08-30,Central,Accessories,CENTRAL_DC,4,59.63
2025-08-30,Central,Accessories,EAST_DC,1,15.62
2025-08-30,Central,Outdoor,CENTRAL_DC,7,432.18
2025-08-30,Central,Outdoor,WEST_DC,3,179.41
2025-08-30,Central,Outdoor,EAST_DC,2,123.68
2025-08-31,West,Electronics,WEST_DC,29,3310.41
2025-08-31,West,Electronics,EAST_DC,4,479.02
2025-08-31,West,Home,WEST_DC,18,808.28
2025-08-31,West,Home,EAST_DC,2,96.58
2025-08-31,West,Home,CENTRAL_DC,1,45.71
2025-08-31,West,Apparel,WEST_DC,17,482.44
2025-08-31,West,Apparel,EAST_DC,1,30.32
2025-08-31,West,Apparel,CENTRAL_DC,4,123.01
2025-08-31,West,Accessories,WEST_DC,6,91.5
2025-08-31,West,Outdoor,WEST_DC,8,488.46
2025-08-31,West,Outdoor,CENTRAL_DC,1,59.58
2025-08-31,East,Electronics,EAST_DC,32,3883.91
2025-08-31,East,Electronics,WEST_DC,3,375.4
2025-08-31,East,Electronics,CENTRAL_DC,4,491.93
2025-08-31,East,Home,EAST_DC,23,1037.93
2025-08-31,East,Home,WEST_DC,5,217.81
2025-08-31,East,Home,CENTRAL_DC,4,176.11
2025-08-31,East,Apparel,EAST_DC,23,671.54
2025-08-31,East,Apparel,WEST_DC,5,149.25
2025-08-31,East,Apparel,CENTRAL_DC,4,116.57
2025-08-31,East,Accessories,EAST_DC,4,59.46
2025-08-31,East,Outdoor,EAST_DC,7,437.33
2025-08-31,Central,Electronics,CENTRAL_DC,36,4410.81
2025-08-31,Central,Electronics,WEST_DC,3,362.26
2025-08-31,Central,Home,CENTRAL_DC,21,986.66
2025-08-31,Central,Home,WEST_DC,1,43.59
2025-08-31,Central,Home,EAST_DC,2,92.27
2025-08-31,Central,Apparel,CENTRAL_DC,21,644.87
2025-08-31,Central,Apparel,WEST_DC,3,85.21
2025-08-31,Central,Apparel,EAST_DC,4,122.15
2025-08-31,Central,Accessories,CENTRAL_DC,5,74.62
2025-08-31,Central,Outdoor,CENTRAL_DC,7,428.29
2025-08-31,Central,Outdoor,EAST_DC,1,60.69
2025-09-01,West,Electronics,WEST_DC,24,3019.62
2025-09-01,West,Electronics,EAST_DC,3,362.38
2025-09-01,West,Electronics,CENTRAL_DC,3,360.9
2025-09-01,West,Home,WEST_DC,24,1139.44
2025-09-01,West,Home,EAST_DC,2,89.49
2025-09-01,West,Home,CENTRAL_DC,2,88.52
2025-09-01,West,Apparel,WEST_DC,26,766.06
2025-09-01,West,Apparel,EAST_DC,4,126.7
2025-09-01,West,Apparel,CENTRAL_DC,5,162.13
2025-09-01,West,Accessories,WEST_DC,3,43.61
2025-09-01,West,Accessories,EAST_DC,1,14.55
2025-09-01,West,Outdoor,WEST_DC,12,742.95
2025-09-01,West,Outdoor,EAST_DC,4,240.05
2025-09-01,West,Outdoor,CENTRAL_DC,1,61.04
2025-09-01,East,Electronics,EAST_DC,30,3418.14
2025-09-01,East,Electronics,WEST_DC,6,731.25
2025-09-01,East,Electronics,CENTRAL_DC,2,230.92
2025-09-01,East,Home,EAST_DC,27,1222.11
2025-09-01,East,Home,WEST_DC,2,90.4
2025-09-01,East,Home,CENTRAL_DC,4,176.48
2025-09-01,East,Apparel,EAST_DC,23,702.55
2025-09-01,East,Apparel,WEST_DC,7,208.69
2025-09-01,East,Apparel,CENTRAL_DC,2,56.51
2025-09-01,East,Accessories,EAST_DC,5,74.26
2025-09-01,East,Accessories,WEST_DC,2,31.57
2025-09-01,East,Outdoor,EAST_DC,13,813.18
2025-09-01,East,Outdoor,WEST_DC,1,60.55
2025-09-01,East,Outdoor,CENTRAL_DC,1,59.18
2025-09-01,Central,Electronics,CENTRAL_DC,31,3687.96
2025-09-01,Central,Electronics,WEST_DC,7,857.03
2025-09-01,Central,Electronics,EAST_DC,4,490.11
2025-09-01,Central,Home,CENTRAL_DC,17,771.95
2025-09-01,Central,Home,WEST_DC,3,135.64
2025-09-01,Central,Home,EAST_DC,2,90.7
2025-09-01,Central,Apparel,CENTRAL_DC,29,864.55
2025-09-01,Central,Apparel,WEST_DC,9,280.1
2025-09-01,Central,Apparel,EAST_DC,3,89.22
2025-09-01,Central,Accessories,CENTRAL_DC,3,46.73
2025-09-01,Central,Accessories,WEST_DC,1,15.94
2025-09-01,Central,Accessories,EAST_DC,1,15.22
2025-09-01,Central,Outdoor,CENTRAL_DC,8,486.18
2025-09-01,Central,Outdoor,WEST_DC,3,173.66
2025-09-01,Central,Outdoor,EAST_DC,1,61.96
2025-09-02,West,Electronics,WEST_DC,29,3685.55
2025-09-02,West,Electronics,EAST_DC,11,1302.57
2025-09-02,West,Electronics,CENTRAL_DC,5,563.96
2025-09-02,West,Home,WEST_DC,17,784.7
2025-09-02,West,Home,EAST_DC,5,213.59
2025-09-02,West,Home,CENTRAL_DC,6,280.68
2025-09-02,West,Apparel,WEST_DC,23,652.87
2025-09-02,West,Apparel,EAST_DC,7,210.27
2025-09-02,West,Apparel,CENTRAL_DC,8,248.88
2025-09-02,West,Accessories,WEST_DC,2,29.95
2025-09-02,West,Accessories,EAST_DC,2,31.27
2025-09-02,West,Outdoor,WEST_DC,15,935.01
2025-09-02,West,Outdoor,CENTRAL_DC,3,174.43
2025-09-02,East,Electronics,EAST_DC,29,3285.97
2025-09-02,East,Electronics,WEST_DC,6,685.11
2025-09-02,East,Electronics,CENTRAL_DC,6,732.87
2025-09-02,East,Home,EAST_DC,33,1449.9
2025-09-02,East,Home,WEST_DC,2,91.6
2025-09-02,East,Home,CENTRAL_DC,2,89.32
2025-09-02,East,Apparel,EAST_DC,31,956.5
2025-09-02,East,Apparel,WEST_DC,5,144.78
2025-09-02,East,Apparel,CENTRAL_DC,2,56.4
2025-09-02,East,Accessories,EAST_DC,11,164.56
2025-09-02,East,Accessories,WEST_DC,1,15.14
2025-09-02,East,Accessories,CENTRAL_DC,1,14.91
2025-09-02,East,Outdoor,EAST_DC,12,737.82
2025-09-02,Central,Electronics,CENTRAL_DC,27,3001.6
2025-09-02,Central,Electronics,WEST_DC,7,901.65
2025-09-02,Central,Electronics,EAST_DC,4,486.0
2025-09-02,Central,Home,CENTRAL_DC,17,698.71
2025-09-02,Central,Home,WEST_DC,2,90.91
2025-09-02,Central,Home,EAST_DC,2,89.87
2025-09-02,Central,Apparel,CENTRAL_DC,32,939.59
2025-09-02,Central,Apparel,WEST_DC,3,92.55
2025-09-02,Central,Apparel,EAST_DC,7,206.71
2025-09-02,Central,Accessories,CENTRAL_DC,1,14.51
2025-09-02,Central,Outdoor,CENTRAL_DC,18,1090.01
2025-09-03,West,Electronics,WEST_DC,27,3227.06
2025-09-03,West,Electronics,EAST_DC,1,124.53
2025-09-03,West,Electronics,CENTRAL_DC,4,477.14
2025-09-03,West,Home,WEST_DC,18,813.67
2025-09-03,West,Home,EAST_DC,3,135.67
2025-09-03,West,Home,CENTRAL_DC,4,177.27
2025-09-03,West,Apparel,WEST_DC,28,847.33
2025-09-03,West,Apparel,EAST_DC,5,159.55
2025-09-03,West,Apparel,CENTRAL_DC,4,119.34
2025-09-03,West,Outdoor,WEST_DC,3,169.7
2025-09-03,West,Outdoor,EAST_DC,1,61.5
2025-09-03,East,Electronics,EAST_DC,33,3921.78
2025-09-03,East,Electronics,WEST_DC,3,356.22
2025-09-03,East,Electronics,CENTRAL_DC,3,358.4
2025-09-03,East,Home,EAST_DC,31,1421.33
2025-09-03,East,Home,WEST_DC,2,90.01
2025-09-03,East,Home,CENTRAL_DC,4,185.51
2025-09-03,East,Apparel,EAST_DC,21,617.83
2025-09-03,East,Apparel,WEST_DC,5,152.03
2025-09-03,East,Apparel,CENTRAL_DC,5,146.05
2025-09-03,East,Accessories,EAST_DC,4,59.14
2025-09-03,East,Outdoor,EAST_DC,10,565.66
2025-09-03,East,Outdoor,WEST_DC,1,57.97
2025-09-03,East,Outdoor,CENTRAL_DC,1,61.0
2025-09-03,Central,Electronics,CENTRAL_DC,25,3014.99
2025-09-03,Central,Electronics,WEST_DC,5,600.65
2025-09-03,Central,Electronics,EAST_DC,6,730.13
2025-09-03,Central,Home,CENTRAL_DC,24,1066.79
2025-09-03,Central,Home,WEST_DC,5,226.72
2025-09-03,Central,Home,EAST_DC,3,128.59
2025-09-03,Central,Apparel,CENTRAL_DC,26,787.47
2025-09-03,Central,Apparel,WEST_DC,3,90.2
2025-09-03,Central,Apparel,EAST_DC,4,117.72
2025-09-03,Central,Accessories,CENTRAL_DC,4,58.62
2025-09-03,Central,Outdoor,CENTRAL_DC,13,791.67
2025-09-03,Central,Outdoor,WEST_DC,3,189.64
2025-09-03,Central,Outdoor,EAST_DC,2,124.31
2025-09-04,West,Electronics,WEST_DC,24,2850.27
2025-09-04,West,Electronics,EAST_DC,7,816.93
2025-09-04,West,Electronics,CENTRAL_DC,7,863.99
2025-09-04,West,Home,WEST_DC,23,1038.31
2025-09-04,West,Home,EAST_DC,2,92.39
2025-09-04,West,Home,CENTRAL_DC,2,87.88
2025-09-04,West,Apparel,WEST_DC,30,912.93
2025-09-04,West,Apparel,EAST_DC,4,116.78
2025-09-04,West,Apparel,CENTRAL_DC,5,147.09
2025-09-04,West,Accessories,WEST_DC,7,102.08
2025-09-04,West,Accessories,EAST_DC,1,14.63
2025-09-04,West,Accessories,CENTRAL_DC,3,45.48
2025-09-04,West,Outdoor,WEST_DC,9,519.51
2025-09-04,West,Outdoor,EAST_DC,1,59.73
2025-09-04,West,Outdoor,CENTRAL_DC,3,175.68
2025-09-04,East,Electronics,EAST_DC,30,3472.43
2025-09-04,East,Electronics,WEST_DC,6,718.58
2025-09-04,East,Electronics,CENTRAL_DC,5,605.54
2025-09-04,East,Home,EAST_DC,25,1131.15
2025-09-04,East,Home,WEST_DC,3,134.5
2025-09-04,East,Home,CENTRAL_DC,2,91.49
2025-09-04,East,Apparel,EAST_DC,24,694.11
2025-09-04,East,Apparel,WEST_DC,1,29.86
2025-09-04,East,Apparel,CENTRAL_DC,7,209.76
2025-09-04,East,Accessories,EAST_DC,10,153.54
2025-09-04,East,Outdoor,EAST_DC,10,584.32
2025-09-04,East,Outdoor,WEST_DC,1,61.01
2025-09-04,East,Outdoor,CENTRAL_DC,1,59.81
2025-09-04,Central,Electronics,CENTRAL_DC,32,3938.04
2025-09-04,Central,Electronics,WEST_DC,7,828.7
2025-09-04,Central,Electronics,EAST_DC,3,346.14
2025-09-04,Central,Home,CENTRAL_DC,20,922.52
2025-09-04,Central,Home,WEST_DC,4,170.35
2025-09-04,Central,Home,EAST_DC,6,263.31
2025-09-04,Central,Apparel,CENTRAL_DC,36,1109.8
2025-09-04,Central,Apparel,WEST_DC,3,93.84
2025-09-04,Central,Apparel,EAST_DC,1,29.78
2025-09-04,Central,Accessories,CENTRAL_DC,3,43.33
2025-09-04,Central,Accessories,WEST_DC,1,14.41
2025-09-04,Central,Outdoor,CENTRAL_DC,14,829.45
2025-09-04,Central,Outdoor,WEST_DC,2,118.57
2025-09-05,West,Electronics,WEST_DC,32,4050.96
2025-09-05,West,Electronics,EAST_DC,6,721.6
2025-09-05,West,Electronics,CENTRAL_DC,4,476.12
2025-09-05,West,Home,WEST_DC,15,637.86
2025-09-05,West,Home,EAST_DC,4,185.21
2025-09-05,West,Home,CENTRAL_DC,4,180.42
2025-09-05,West,Apparel,WEST_DC,19,566.34
2025-09-05,West,Apparel,EAST_DC,2,57.28
2025-09-05,West,Apparel,CENTRAL_DC,4,121.77
2025-09-05,West,Accessories,WEST_DC,1,15.32
2025-09-05,West,Accessories,CENTRAL_DC,1,14.54
2025-09-05,West,Outdoor,WEST_DC,13,789.97
2025-09-05,West,Outdoor,EAST_DC,2,116.66
2025-09-05,West,Outdoor,CENTRAL_DC,1,61.42
2025-09-05,East,Electronics,EAST_DC,37,4507.99
2025-09-05,East,Electronics,WEST_DC,4,473.23
2025-09-05,East,Electronics,CENTRAL_DC,3,361.68
2025-09-05,East,Home,EAST_DC,18,810.5
2025-09-05,East,Home,WEST_DC,10,454.87
2025-09-05,East,Home,CENTRAL_DC,7,318.42
2025-09-05,East,Apparel,EAST_DC,31,906.96
2025-09-05,East,Apparel,WEST_DC,4,118.27
2025-09-05,East,Apparel,CENTRAL_DC,5,149.09
2025-09-05,East,Accessories,EAST_DC,8,121.66
2025-09-05,East,Accessories,WEST_DC,1,15.08
2025-09-05,East,Outdoor,EAST_DC,15,848.38
2025-09-05,East,Outdoor,WEST_DC,3,176.13
2025-09-05,East,Outdoor,CENTRAL_DC,1,58.68
2025-09-05,Central,Electronics,CENTRAL_DC,34,3935.41
2025-09-05,Central,Electronics,WEST_DC,1,116.29
2025-09-05,Central,Electronics,EAST_DC,4,474.57
2025-09-05,Central,Home,CENTRAL_DC,25,1131.4
2025-09-05,Central,Home,WEST_DC,5,220.52
2025-09-05,Central,Home,EAST_DC,4,175.63
2025-09-05,Central,Apparel,CENTRAL_DC,25,734.82
2025-09-05,Central,Apparel,WEST_DC,3,92.3
2025-09-05,Central,Apparel,EAST_DC,5,145.04
2025-09-05,Central,Accessories,CENTRAL_DC,8,118.23
2025-09-05,Central,Outdoor,CENTRAL_DC,13,747.65
2025-09-05,Central,Outdoor,WEST_DC,2,116.99
2025-09-05,Central,Outdoor,EAST_DC,2,118.48
2025-09-06,West,Electronics,WEST_DC,24,2865.95
2025-09-06,West,Electronics,EAST_DC,4,470.53
2025-09-06,West,Electronics,CENTRAL_DC,8,976.92
2025-09-06,West,Home,WEST_DC,10,444.62
2025-09-06,West,Home,EAST_DC,2,97.18
2025-09-06,West,Home,CENTRAL_DC,2,92.05
2025-09-06,West,Apparel,WEST_DC,18,532.65
2025-09-06,West,Apparel,EAST_DC,2,57.85
2025-09-06,West,Accessories,WEST_DC,5,79.3
2025-09-06,West,Accessories,CENTRAL_DC,1,14.6
2025-09-06,West,Outdoor,WEST_DC,9,534.01
2025-09-06,West,Outdoor,CENTRAL_DC,1,60.6
2025-09-06,East,Electronics,EAST_DC,26,3197.94
2025-09-06,East,Electronics,WEST_DC,1,118.7
2025-09-06,East,Electronics,CENTRAL_DC,4,491.58
2025-09-06,East,Home,EAST_DC,16,731.66
2025-09-06,East,Home,WEST_DC,4,182.38
2025-09-06,East,Home,CENTRAL_DC,4,180.39
2025-09-06,East,Apparel,EAST_DC,16,472.06
2025-09-06,East,Apparel,WEST_DC,1,30.42
2025-09-06,East,Apparel,CENTRAL_DC,2,60.87
2025-09-06,East,Accessories,EAST_DC,4,61.52
2025-09-06,East,Accessories,WEST_DC,1,14.8
2025-09-06,East,Accessories,CENTRAL_DC,1,15.18
2025-09-06,East,Outdoor,EAST_DC,7,429.13
2025-09-06,East,Outdoor,WEST_DC,1,61.35
2025-09-06,East,Outdoor,CENTRAL_DC,1,60.61
2025-09-06,Central,Electronics,CENTRAL_DC,26,3056.8
2025-09-06,Central,Electronics,WEST_DC,5,597.28
2025-09-06,Central,Electronics,EAST_DC,2,231.55
2025-09-06,Central,Home,CENTRAL_DC,20,873.24
2025-09-06,Central,Home,WEST_DC,1,44.53
2025-09-06,Central,Home,EAST_DC,1,43.39
2025-09-06,Central,Apparel,CENTRAL_DC,24,718.87
2025-09-06,Central,Apparel,WEST_DC,3,88.32
2025-09-06,Central,Apparel,EAST_DC,1,29.93
2025-09-06,Central,Accessories,CENTRAL_DC,6,84.73
2025-09-06,Central,Outdoor,CENTRAL_DC,8,479.48
2025-09-07,West,Electronics,WEST_DC,27,3310.81
2025-09-07,West,Electronics,EAST_DC,2,241.58
2025-09-07,West,Electronics,CENTRAL_DC,1,121.81
2025-09-07,West,Home,WEST_DC,17,750.98
2025-09-07,West,Home,EAST_DC,2,92.33
2025-09-07,West,Home,CENTRAL_DC,2,89.2
2025-09-07,West,Apparel,WEST_DC,14,415.75
2025-09-07,West,Apparel,CENTRAL_DC,2,62.27
2025-09-07,West,Accessories,WEST_DC,4,61.66
2025-09-07,West,Outdoor,WEST_DC,12,688.08
2025-09-07,West,Outdoor,EAST_DC,5,294.34
2025-09-07,West,Outdoor,CENTRAL_DC,1,58.78
2025-09-07,East,Electronics,EAST_DC,30,3390.3
2025-09-07,East,Electronics,WEST_DC,3,369.36
2025-09-07,East,Electronics,CENTRAL_DC,3,359.02
2025-09-07,East,Home,EAST_DC,17,798.64
2025-09-07,East,Home,WEST_DC,2,85.59
2025-09-07,East,Home,CENTRAL_DC,3,137.51
2025-09-07,East,Apparel,EAST_DC,24,728.25
2025-09-07,East,Apparel,WEST_DC,5,148.19
2025-09-07,East,Apparel,CENTRAL_DC,3,88.38
2025-09-07,East,Accessories,EAST_DC,3,45.33
2025-09-07,East,Outdoor,EAST_DC,10,623.08
2025-09-07,East,Outdoor,CENTRAL_DC,1,58.0
2025-09-07,Central,Electronics,CENTRAL_DC,23,2766.85
2025-09-07,Central,Electronics,WEST_DC,3,372.41
2025-09-07,Central,Electronics,EAST_DC,5,627.46
2025-09-07,Central,Home,CENTRAL_DC,18,821.61
2025-09-07,Central,Home,WEST_DC,1,47.62
2025-09-07,Central,Apparel,CENTRAL_DC,22,682.22
2025-09-07,Central,Apparel,WEST_DC,1,30.58
2025-09-07,Central,Apparel,EAST_DC,2,59.96
2025-09-07,Central,Accessories,CENTRAL_DC,3,45.21
2025-09-07,Central,Outdoor,CENTRAL_DC,7,425.83
2025-09-07,Central,Outdoor,WEST_DC,1,61.2
2025-09-07,Central,Outdoor,EAST_DC,2,120.5
2025-09-08,West,Electronics,WEST_DC,29,3341.04
2025-09-08,West,Electronics,EAST_DC,4,481.1
2025-09-08,West,Electronics,CENTRAL_DC,3,370.04
2025-09-08,West,Home,WEST_DC,21,944.79
2025-09-08,West,Home,CENTRAL_DC,2,92.99
2025-09-08,West,Apparel,WEST_DC,12,347.88
2025-09-08,West,Apparel,EAST_DC,5,148.05
2025-09-08,West,Apparel,CENTRAL_DC,7,207.98
2025-09-08,West,Accessories,WEST_DC,3,45.65
2025-09-08,West,Accessories,CENTRAL_DC,1,15.04
2025-09-08,West,Outdoor,WEST_DC,16,974.06
2025-09-08,West,Outdoor,EAST_DC,2,123.44
2025-09-08,West,Outdoor,CENTRAL_DC,3,178.83
2025-09-08,East,Electronics,EAST_DC,38,4390.67
2025-09-08,East,Electronics,WEST_DC,4,478.34
2025-09-08,East,Electronics,CENTRAL_DC,3,355.16
2025-09-08,East,Home,EAST_DC,28,1313.79
2025-09-08,East,Home,WEST_DC,3,133.57
2025-09-08,East,Home,CENTRAL_DC,3,134.42
2025-09-08,East,Apparel,EAST_DC,30,908.38
2025-09-08,East,Apparel,WEST_DC,3,86.97
2025-09-08,East,Apparel,CENTRAL_DC,2,59.73
2025-09-08,East,Accessories,EAST_DC,5,76.46
2025-09-08,East,Outdoor,EAST_DC,13,769.67
2025-09-08,East,Outdoor,WEST_DC,1,60.55
2025-09-08,East,Outdoor,CENTRAL_DC,3,175.22
2025-09-08,Central,Electronics,CENTRAL_DC,22,2593.12
2025-09-08,Central,Electronics,WEST_DC,7,822.8
2025-09-08,Central,Electronics,EAST_DC,2,246.41
2025-09-08,Central,Home,CENTRAL_DC,12,544.22
2025-09-08,Central,Home,WEST_DC,4,172.07
2025-09-08,Central,Home,EAST_DC,7,320.77
2025-09-08,Central,Apparel,CENTRAL_DC,37,1077.43
2025-09-08,Central,Apparel,WEST_DC,5,144.93
2025-09-08,Central,Apparel,EAST_DC,5,146.31
2025-09-08,Central,Accessories,CENTRAL_DC,5,78.81
2025-09-08,Central,Accessories,EAST_DC,1,14.75
2025-09-08,Central,Outdoor,CENTRAL_DC,16,930.38
2025-09-09,West,Electronics,WEST_DC,31,3909.45
2025-09-09,West,Electronics,EAST_DC,3,376.05
2025-09-09,West,Electronics,CENTRAL_DC,4,507.42
2025-09-09,West,Home,WEST_DC,21,968.23
2025-09-09,West,Home,EAST_DC,3,134.05
2025-09-09,West,Home,CENTRAL_DC,4,172.08
2025-09-09,West,Apparel,WEST_DC,30,865.21
2025-09-09,West,Apparel,EAST_DC,4,119.45
2025-09-09,West,Apparel,CENTRAL_DC,8,233.67
2025-09-09,West,Accessories,WEST_DC,2,31.33
2025-09-09,West,Outdoor,WEST_DC,9,560.83
2025-09-09,West,Outdoor,CENTRAL_DC,1,61.87
2025-09-09,East,Electronics,EAST_DC,44,5237.99
2025-09-09,East,Electronics,WEST_DC,3,360.62
2025-09-09,East,Electronics,CENTRAL_DC,4,498.77
2025-09-09,East,Home,EAST_DC,18,803.18
2025-09-09,East,Home,WEST_DC,3,143.63
2025-09-09,East,Home,CENTRAL_DC,3,139.33
2025-09-09,East,Apparel,EAST_DC,24,680.1
2025-09-09,East,Apparel,WEST_DC,5,155.99
2025-09-09,East,Apparel,CENTRAL_DC,3,88.29
2025-09-09,East,Accessories,EAST_DC,4,58.05
2025-09-09,East,Accessories,WEST_DC,1,15.28
2025-09-09,East,Outdoor,EAST_DC,15,908.32
2025-09-09,East,Outdoor,WEST_DC,2,119.75
2025-09-09,East,Outdoor,CENTRAL_DC,3,182.3
2025-09-09,Central,Electronics,CENTRAL_DC,31,3665.94
2025-09-09,Central,Electronics,WEST_DC,3,362.73
2025-09-09,Central,Electronics,EAST_DC,2,234.88
2025-09-09,Central,Home,CENTRAL_DC,18,828.55
2025-09-09,Central,Home,WEST_DC,1,43.1
2025-09-09,Central,Home,EAST_DC,3,128.58
2025-09-09,Central,Apparel,CENTRAL_DC,20,627.84
2025-09-09,Central,Apparel,WEST_DC,6,175.51
2025-09-09,Central,Apparel,EAST_DC,3,87.73
2025-09-09,Central,Accessories,CENTRAL_DC,3,49.69
2025-09-09,Central,Accessories,EAST_DC,1,15.2
2025-09-09,Central,Outdoor,CENTRAL_DC,11,640.36
2025-09-09,Central,Outdoor,WEST_DC,3,189.17
2025-09-09,Central,Outdoor,EAST_DC,2,125.65
2025-09-10,West,Electronics,WEST_DC,38,4564.08
2025-09-10,West,Electronics,EAST_DC,8,928.14
2025-09-10,West,Electronics,CENTRAL_DC,2,239.07
2025-09-10,West,Home,WEST_DC,21,945.93
2025-09-10,West,Home,EAST_DC,4,181.31
2025-09-10,West,Home,CENTRAL_DC,3,132.84
2025-09-10,West,Apparel,WEST_DC,28,783.19
2025-09-10,West,Apparel,EAST_DC,7,221.23
2025-09-10,West,Apparel,CENTRAL_DC,5,146.19
2025-09-10,West,Accessories,WEST_DC,5,81.45
2025-09-10,West,Accessories,CENTRAL_DC,2,28.36
2025-09-10,West,Outdoor,WEST_DC,11,673.59
2025-09-10,West,Outdoor,EAST_DC,2,119.35
2025-09-10,West,Outdoor,CENTRAL_DC,1,58.62
2025-09-10,East,Electronics,EAST_DC,30,3700.52
2025-09-10,East,Electronics,WEST_DC,11,1335.96
2025-09-10,East,Electronics,CENTRAL_DC,2,243.97
2025-09-10,East,Home,EAST_DC,28,1211.0
2025-09-10,East,Home,WEST_DC,7,293.71
2025-09-10,East,Home,CENTRAL_DC,4,189.86
2025-09-10,East,Apparel,EAST_DC,24,712.75
2025-09-10,East,Apparel,WEST_DC,4,117.32
2025-09-10,East,Apparel,CENTRAL_DC,7,217.34
2025-09-10,East,Accessories,EAST_DC,5,75.41
2025-09-10,East,Accessories,WEST_DC,1,15.02
2025-09-10,East,Outdoor,EAST_DC,10,605.39
2025-09-10,East,Outdoor,WEST_DC,1,60.11
2025-09-10,East,Outdoor,CENTRAL_DC,1,60.41
2025-09-10,Central,Electronics,CENTRAL_DC,30,3553.87
2025-09-10,Central,Electronics,WEST_DC,2,257.36
2025-09-10,Central,Electronics,EAST_DC,3,369.17
2025-09-10,Central,Home,CENTRAL_DC,17,774.15
2025-09-10,Central,Home,WEST_DC,2,94.31
2025-09-10,Central,Home,EAST_DC,5,222.03
2025-09-10,Central,Apparel,CENTRAL_DC,28,846.34
2025-09-10,Central,Apparel,WEST_DC,3,89.3
2025-09-10,Central,Apparel,EAST_DC,4,119.21
2025-09-10,Central,Accessories,CENTRAL_DC,7,99.49
2025-09-10,Central,Accessories,WEST_DC,1,14.43
2025-09-10,Central,Outdoor,CENTRAL_DC,14,834.58
2025-09-10,Central,Outdoor,EAST_DC,1,60.69
2025-09-11,West,Electronics,WEST_DC,35,4168.9
2025-09-11,West,Electronics,EAST_DC,2,229.56
2025-09-11,West,Electronics,CENTRAL_DC,4,481.13
2025-09-11,West,Home,WEST_DC,30,1445.31
2025-09-11,West,Home,EAST_DC,4,180.19
2025-09-11,West,Home,CENTRAL_DC,2,90.95
2025-09-11,West,Apparel,WEST_DC,22,676.94
2025-09-11,West,Apparel,EAST_DC,4,121.79
2025-09-11,West,Apparel,CENTRAL_DC,5,150.16
2025-09-11,West,Accessories,WEST_DC,7,99.3
2025-09-11,West,Outdoor,WEST_DC,10,587.96
2025-09-11,West,Outdoor,EAST_DC,1,62.09
2025-09-11,East,Electronics,EAST_DC,29,3395.06
2025-09-11,East,Electronics,WEST_DC,4,487.5
2025-09-11,East,Electronics,CENTRAL_DC,5,575.4
2025-09-11,East,Home,EAST_DC,29,1291.11
2025-09-11,East,Home,WEST_DC,1,45.41
2025-09-11,East,Home,CENTRAL_DC,4,185.09
2025-09-11,East,Apparel,EAST_DC,24,712.63
2025-09-11,East,Apparel,WEST_DC,7,209.25
2025-09-11,East,Apparel,CENTRAL_DC,6,177.81
2025-09-11,East,Accessories,EAST_DC,5,73.34
2025-09-11,East,Accessories,WEST_DC,1,15.01
2025-09-11,East,Accessories,CENTRAL_DC,3,46.0
2025-09-11,East,Outdoor,EAST_DC,10,586.75
2025-09-11,East,Outdoor,WEST_DC,1,60.25
2025-09-11,East,Outdoor,CENTRAL_DC,1,62.03
2025-09-11,Central,Electronics,CENTRAL_DC,24,2907.2
2025-09-11,Central,Electronics,WEST_DC,11,1382.21
2025-09-11,Central,Electronics,EAST_DC,6,681.41
2025-09-11,Central,Home,CENTRAL_DC,13,551.69
2025-09-11,Central,Home,WEST_DC,3,135.54
2025-09-11,Central,Home,EAST_DC,6,260.18
2025-09-11,Central,Apparel,CENTRAL_DC,18,557.31
2025-09-11,Central,Apparel,WEST_DC,5,146.53
2025-09-11,Central,Apparel,EAST_DC,4,118.42
2025-09-11,Central,Accessories,CENTRAL_DC,3,37.41
2025-09-11,Central,Accessories,EAST_DC,1,15.48
2025-09-11,Central,Outdoor,CENTRAL_DC,11,681.43
2025-09-11,Central,Outdoor,WEST_DC,6,364.94
2025-09-11,Central,Outdoor,EAST_DC,1,59.65
2025-09-12,West,Electronics,WEST_DC,26,3094.11
2025-09-12,West,Electronics,EAST_DC,2,249.68
2025-09-12,West,Electronics,CENTRAL_DC,6,732.55
2025-09-12,West,Home,WEST_DC,24,1039.91
2025-09-12,West,Home,EAST_DC,3,134.77
2025-09-12,West,Home,CENTRAL_DC,2,91.54
2025-09-12,West,Apparel,WEST_DC,23,676.3
2025-09-12,West,Apparel,EAST_DC,2,61.99
2025-09-12,West,Apparel,CENTRAL_DC,1,30.51
2025-09-12,West,Accessories,WEST_DC,3,44.27
2025-09-12,West,Accessories,EAST_DC,1,14.47
2025-09-12,West,Accessories,CENTRAL_DC,1,14.83
2025-09-12,West,Outdoor,WEST_DC,9,560.55
2025-09-12,West,Outdoor,EAST_DC,2,122.57
2025-09-12,East,Electronics,EAST_DC,37,4326.46
2025-09-12,East,Electronics,WEST_DC,5,623.13
2025-09-12,East,Electronics,CENTRAL_DC,3,367.24
2025-09-12,East,Home,EAST_DC,18,835.97
2025-09-12,East,Home,WEST_DC,3,137.16
2025-09-12,East,Home,CENTRAL_DC,3,138.31
2025-09-12,East,Apparel,EAST_DC,30,869.47
2025-09-12,East,Apparel,WEST_DC,5,145.03
2025-09-12,East,Apparel,CENTRAL_DC,4,128.94
2025-09-12,East,Accessories,EAST_DC,2,30.29
2025-09-12,East,Accessories,CENTRAL_DC,1,14.72
2025-09-12,East,Outdoor,EAST_DC,6,354.87
2025-09-12,East,Outdoor,WEST_DC,1,61.31
2025-09-12,East,Outdoor,CENTRAL_DC,1,61.13
2025-09-12,Central,Electronics,CENTRAL_DC,28,3061.96
2025-09-12,Central,Electronics,WEST_DC,9,1101.99
2025-09-12,Central,Electronics,EAST_DC,4,466.87
2025-09-12,Central,Home,CENTRAL_DC,19,854.77
2025-09-12,Central,Home,WEST_DC,6,270.84
2025-09-12,Central,Home,EAST_DC,5,221.51
2025-09-12,Central,Apparel,CENTRAL_DC,26,787.4
2025-09-12,Central,Apparel,WEST_DC,2,58.39
2025-09-12,Central,Apparel,EAST_DC,3,90.22
2025-09-12,Central,Accessories,CENTRAL_DC,3,49.82
2025-09-12,Central,Outdoor,CENTRAL_DC,12,679.26
2025-09-12,Central,Outdoor,WEST_DC,1,61.89
2025-09-12,Central,Outdoor,EAST_DC,2,121.84
2025-09-13,West,Electronics,WEST_DC,24,2893.37
2025-09-13,West,Electronics,EAST_DC,5,611.69
2025-09-13,West,Electronics,CENTRAL_DC,7,818.74
2025-09-13,West,Home,WEST_DC,15,668.44
2025-09-13,West,Home,CENTRAL_DC,4,181.14
2025-09-13,West,Apparel,WEST_DC,15,433.03
2025-09-13,West,Apparel,EAST_DC,2,60.69
2025-09-13,West,Apparel,CENTRAL_DC,2,57.85
2025-09-13,West,Accessories,WEST_DC,4,59.26
2025-09-13,West,Accessories,EAST_DC,1,15.18
2025-09-13,West,Outdoor,WEST_DC,5,301.46
2025-09-13,West,Outdoor,EAST_DC,1,60.46
2025-09-13,West,Outdoor,CENTRAL_DC,2,118.56
2025-09-13,East,Electronics,EAST_DC,17,2106.58
2025-09-13,East,Electronics,WEST_DC,5,587.33
2025-09-13,East,Electronics,CENTRAL_DC,7,820.93
2025-09-13,East,Home,EAST_DC,12,529.77
2025-09-13,East,Home,WEST_DC,2,91.82
2025-09-13,East,Apparel,EAST_DC,26,800.44
2025-09-13,East,Apparel,WEST_DC,4,127.75
2025-09-13,East,Apparel,CENTRAL_DC,3,86.88
2025-09-13,East,Accessories,EAST_DC,3,46.39
2025-09-13,East,Accessories,WEST_DC,1,14.56
2025-09-13,East,Outdoor,EAST_DC,8,479.93
2025-09-13,East,Outdoor,WEST_DC,1,59.2
2025-09-13,Central,Electronics,CENTRAL_DC,22,2601.37
2025-09-13,Central,Electronics,WEST_DC,1,121.77
2025-09-13,Central,Electronics,EAST_DC,3,359.39
2025-09-13,Central,Home,CENTRAL_DC,17,724.53
2025-09-13,Central,Home,WEST_DC,3,132.28
2025-09-13,Central,Home,EAST_DC,4,182.64
2025-09-13,Central,Apparel,CENTRAL_DC,21,617.7
2025-09-13,Central,Apparel,WEST_DC,4,119.49
2025-09-13,Central,Apparel,EAST_DC,3,92.3
2025-09-13,Central,Accessories,CENTRAL_DC,1,13.13
2025-09-13,Central,Accessories,WEST_DC,1,14.67
2025-09-13,Central,Accessories,EAST_DC,1,15.42
2025-09-13,Central,Outdoor,CENTRAL_DC,6,360.55
2025-09-14,West,Electronics,WEST_DC,17,2068.34
2025-09-14,West,Electronics,EAST_DC,2,227.77
2025-09-14,West,Electronics,CENTRAL_DC,2,244.21
2025-09-14,West,Home,WEST_DC,12,542.94
2025-09-14,West,Home,EAST_DC,4,184.2
2025-09-14,West,Home,CENTRAL_DC,1,45.69
2025-09-14,West,Apparel,WEST_DC,16,483.68
2025-09-14,West,Apparel,EAST_DC,2,58.89
2025-09-14,West,Apparel,CENTRAL_DC,6,178.18
2025-09-14,West,Accessories,WEST_DC,4,60.72
2025-09-14,West,Accessories,CENTRAL_DC,1,15.31
2025-09-14,West,Outdoor,WEST_DC,6,374.55
2025-09-14,West,Outdoor,EAST_DC,1,60.86
2025-09-14,West,Outdoor,CENTRAL_DC,1,59.8
2025-09-14,East,Electronics,EAST_DC,22,2621.82
2025-09-14,East,Electronics,CENTRAL_DC,2,247.89
2025-09-14,East,Home,EAST_DC,17,744.34
2025-09-14,East,Home,WEST_DC,4,182.36
2025-09-14,East,Home,CENTRAL_DC,2,88.77
2025-09-14,East,Apparel,EAST_DC,25,755.28
2025-09-14,East,Apparel,WEST_DC,2,60.59
2025-09-14,East,Apparel,CENTRAL_DC,3,87.66
2025-09-14,East,Accessories,EAST_DC,1,15.51
2025-09-14,East,Outdoor,EAST_DC,9,525.63
2025-09-14,East,Outdoor,WEST_DC,2,113.98
2025-09-14,East,Outdoor,CENTRAL_DC,1,59.14
2025-09-14,Central,Electronics,CENTRAL_DC,21,2452.26
2025-09-14,Central,Electronics,WEST_DC,8,969.87
2025-09-14,Central,Electronics,EAST_DC,4,473.93
2025-09-14,Central,Home,CENTRAL_DC,17,726.64
2025-09-14,Central,Home,WEST_DC,4,179.58
2025-09-14,Central,Home,EAST_DC,2,94.42
2025-09-14,Central,Apparel,CENTRAL_DC,19,559.72
2025-09-14,Central,Apparel,WEST_DC,1,29.25
2025-09-14,Central,Apparel,EAST_DC,3,86.69
2025-09-14,Central,Accessories,CENTRAL_DC,1,12.44
2025-09-14,Central,Accessories,WEST_DC,1,15.34
2025-09-14,Central,Accessories,EAST_DC,2,29.43
2025-09-14,Central,Outdoor,CENTRAL_DC,12,702.73
2025-09-14,Central,Outdoor,EAST_DC,1,58.91
2025-09-15,West,Electronics,WEST_DC,29,3596.74
2025-09-15,West,Electronics,EAST_DC,9,1060.83
2025-09-15,West,Electronics,CENTRAL_DC,5,578.38
2025-09-15,West,Home,WEST_DC,16,726.27
2025-09-15,West,Home,EAST_DC,7,322.12
2025-09-15,West,Home,CENTRAL_DC,5,234.24
2025-09-15,West,Apparel,WEST_DC,29,853.12
2025-09-15,West,Apparel,EAST_DC,3,87.27
2025-09-15,West,Apparel,CENTRAL_DC,5,151.88
2025-09-15,West,Accessories,WEST_DC,1,14.67
2025-09-15,West,Accessories,EAST_DC,1,14.41
2025-09-15,West,Outdoor,WEST_DC,11,625.37
2025-09-15,West,Outdoor,EAST_DC,3,176.73
2025-09-15,East,Electronics,EAST_DC,28,3237.41
2025-09-15,East,Electronics,WEST_DC,2,240.49
2025-09-15,East,Electronics,CENTRAL_DC,2,244.52
2025-09-15,East,Home,EAST_DC,25,1161.29
2025-09-15,East,Home,WEST_DC,3,139.1
2025-09-15,East,Home,CENTRAL_DC,1,44.97
2025-09-15,East,Apparel,EAST_DC,36,1124.24
2025-09-15,East,Apparel,WEST_DC,4,117.44
2025-09-15,East,Apparel,CENTRAL_DC,2,60.21
2025-09-15,East,Accessories,EAST_DC,5,78.57
2025-09-15,East,Accessories,WEST_DC,1,14.79
2025-09-15,East,Outdoor,EAST_DC,7,413.94
2025-09-15,East,Outdoor,CENTRAL_DC,3,184.27
2025-09-15,Central,Electronics,CENTRAL_DC,39,4683.39
2025-09-15,Central,Electronics,WEST_DC,7,798.13
2025-09-15,Central,Electronics,EAST_DC,1,117.46
2025-09-15,Central,Home,CENTRAL_DC,18,825.63
2025-09-15,Central,Home,WEST_DC,5,239.75
2025-09-15,Central,Home,EAST_DC,4,175.8
2025-09-15,Central,Apparel,CENTRAL_DC,14,448.08
2025-09-15,Central,Apparel,WEST_DC,3,89.87
2025-09-15,Central,Apparel,EAST_DC,5,142.67
2025-09-15,Central,Accessories,CENTRAL_DC,3,50.69
2025-09-15,Central,Outdoor,CENTRAL_DC,10,615.91
2025-09-15,Central,Outdoor,WEST_DC,4,236.36
2025-09-15,Central,Outdoor,EAST_DC,2,113.17
2025-09-16,West,Electronics,WEST_DC,31,3604.05
2025-09-16,West,Electronics,EAST_DC,4,493.66
2025-09-16,West,Electronics,CENTRAL_DC,6,745.7
2025-09-16,West,Home,WEST_DC,19,826.34
2025-09-16,West,Home,EAST_DC,4,180.16
2025-09-16,West,Home,CENTRAL_DC,1,44.55
2025-09-16,West,Apparel,WEST_DC,27,813.56
2025-09-16,West,Apparel,CENTRAL_DC,2,61.89
2025-09-16,West,Accessories,WEST_DC,4,61.5
2025-09-16,West,Accessories,EAST_DC,2,29.86
2025-09-16,West,Outdoor,WEST_DC,14,829.44
2025-09-16,West,Outdoor,CENTRAL_DC,2,124.36
2025-09-16,East,Electronics,EAST_DC,26,3132.51
2025-09-16,East,Electronics,WEST_DC,8,908.21
2025-09-16,East,Home,EAST_DC,24,1143.64
2025-09-16,East,Home,WEST_DC,4,184.58
2025-09-16,East,Home,CENTRAL_DC,6,256.85
2025-09-16,East,Apparel,EAST_DC,25,779.59
2025-09-16,East,Apparel,WEST_DC,2,58.09
2025-09-16,East,Apparel,CENTRAL_DC,2,60.72
2025-09-16,East,Accessories,EAST_DC,9,135.86
2025-09-16,East,Accessories,WEST_DC,1,14.4
2025-09-16,East,Outdoor,EAST_DC,6,342.26
2025-09-16,East,Outdoor,CENTRAL_DC,2,124.37
2025-09-16,Central,Electronics,CENTRAL_DC,21,2604.78
2025-09-16,Central,Electronics,WEST_DC,3,353.29
2025-09-16,Central,Electronics,EAST_DC,6,736.6
2025-09-16,Central,Home,CENTRAL_DC,17,781.15
2025-09-16,Central,Home,WEST_DC,4,178.53
2025-09-16,Central,Home,EAST_DC,2,91.47
2025-09-16,Central,Apparel,CENTRAL_DC,20,602.94
2025-09-16,Central,Apparel,WEST_DC,4,125.25
2025-09-16,Central,Apparel,EAST_DC,3,90.18
2025-09-16,Central,Accessories,CENTRAL_DC,4,65.4
2025-09-16,Central,Outdoor,CENTRAL_DC,8,478.0
2025-09-16,Central,Outdoor,WEST_DC,1,56.65
2025-09-16,Central,Outdoor,EAST_DC,2,125.42
2025-09-17,West,Electronics,WEST_DC,29,3407.46
2025-09-17,West,Electronics,EAST_DC,4,465.57
2025-09-17,West,Electronics,CENTRAL_DC,4,475.25
2025-09-17,West,Home,WEST_DC,30,1343.42
2025-09-17,West,Home,EAST_DC,5,234.49
2025-09-17,West,Home,CENTRAL_DC,4,172.33
2025-09-17,West,Apparel,WEST_DC,26,790.99
2025-09-17,West,Apparel,EAST_DC,7,205.62
2025-09-17,West,Apparel,CENTRAL_DC,4,117.18
2025-09-17,West,Accessories,WEST_DC,3,44.66
2025-09-17,West,Accessories,EAST_DC,1,14.33
2025-09-17,West,Outdoor,WEST_DC,5,293.31
2025-09-17,West,Outdoor,EAST_DC,3,175.67
2025-09-17,West,Outdoor,CENTRAL_DC,1,56.56
2025-09-17,East,Electronics,EAST_DC,41,5120.32
2025-09-17,East,Electronics,WEST_DC,2,237.08
2025-09-17,East,Electronics,CENTRAL_DC,6,672.29
2025-09-17,East,Home,EAST_DC,15,723.59
2025-09-17,East,Home,WEST_DC,4,182.19
2025-09-17,East,Home,CENTRAL_DC,3,130.03
2025-09-17,East,Apparel,EAST_DC,27,775.15
2025-09-17,East,Apparel,WEST_DC,8,234.71
2025-09-17,East,Apparel,CENTRAL_DC,9,267.71
2025-09-17,East,Accessories,EAST_DC,1,15.51
2025-09-17,East,Accessories,WEST_DC,1,14.8
2025-09-17,East,Accessories,CENTRAL_DC,1,15.93
2025-09-17,East,Outdoor,EAST_DC,7,385.66
2025-09-17,East,Outdoor,WEST_DC,1,61.48
2025-09-17,Central,Electronics,CENTRAL_DC,26,3065.13
2025-09-17,Central,Electronics,WEST_DC,6,711.78
2025-09-17,Central,Electronics,EAST_DC,1,119.73
2025-09-17,Central,Home,CENTRAL_DC,20,882.84
2025-09-17,Central,Home,WEST_DC,2,81.49
2025-09-17,Central,Home,EAST_DC,4,178.34
2025-09-17,Central,Apparel,CENTRAL_DC,20,604.09
2025-09-17,Central,Apparel,WEST_DC,6,185.67
2025-09-17,Central,Apparel,EAST_DC,4,116.49
2025-09-17,Central,Accessories,CENTRAL_DC,4,68.47
2025-09-17,Central,Accessories,EAST_DC,1,14.56
2025-09-17,Central,Outdoor,CENTRAL_DC,15,918.7
2025-09-17,Central,Outdoor,WEST_DC,2,117.15
2025-09-17,Central,Outdoor,EAST_DC,1,60.78
2025-09-18,West,Electronics,WEST_DC,27,3264.96
2025-09-18,West,Electronics,EAST_DC,3,358.28
2025-09-18,West,Electronics,CENTRAL_DC,1,113.46
2025-09-18,West,Home,WEST_DC,13,568.66
2025-09-18,West,Home,EAST_DC,4,185.03
2025-09-18,West,Home,CENTRAL_DC,3,124.68
2025-09-18,West,Apparel,WEST_DC,24,729.93
2025-09-18,West,Apparel,EAST_DC,4,129.89
2025-09-18,West,Apparel,CENTRAL_DC,7,210.03
2025-09-18,West,Accessories,WEST_DC,4,59.22
2025-09-18,West,Outdoor,WEST_DC,11,662.55
2025-09-18,West,Outdoor,EAST_DC,1,62.01
2025-09-18,West,Outdoor,CENTRAL_DC,3,183.76
2025-09-18,East,Electronics,EAST_DC,30,3697.56
2025-09-18,East,Electronics,WEST_DC,4,486.57
2025-09-18,East,Electronics,CENTRAL_DC,4,502.11
2025-09-18,East,Home,EAST_DC,29,1292.27
2025-09-18,East,Home,WEST_DC,5,223.61
2025-09-18,East,Home,CENTRAL_DC,2,88.94
2025-09-18,East,Apparel,EAST_DC,31,936.21
2025-09-18,East,Apparel,WEST_DC,2,58.98
2025-09-18,East,Apparel,CENTRAL_DC,5,148.73
2025-09-18,East,Accessories,EAST_DC,3,46.95
2025-09-18,East,Accessories,WEST_DC,1,14.76
2025-09-18,East,Outdoor,EAST_DC,8,487.46
2025-09-18,East,Outdoor,WEST_DC,1,62.45
2025-09-18,Central,Electronics,CENTRAL_DC,31,3564.1
2025-09-18,Central,Electronics,WEST_DC,3,348.16
2025-09-18,Central,Electronics,EAST_DC,7,814.24
2025-09-18,Central,Home,CENTRAL_DC,19,823.06
2025-09-18,Central,Home,WEST_DC,4,185.37
2025-09-18,Central,Home,EAST_DC,3,137.16
2025-09-18,Central,Apparel,CENTRAL_DC,21,652.76
2025-09-18,Central,Apparel,WEST_DC,2,61.3
2025-09-18,Central,Apparel,EAST_DC,3,89.66
2025-09-18,Central,Accessories,CENTRAL_DC,1,13.17
2025-09-18,Central,Accessories,EAST_DC,1,15.36
2025-09-18,Central,Outdoor,CENTRAL_DC,11,632.26
2025-09-18,Central,Outdoor,WEST_DC,2,124.95
2025-09-18,Central,Outdoor,EAST_DC,1,63.34
2025-09-19,West,Electronics,WEST_DC,30,3689.63
2025-09-19,West,Electronics,EAST_DC,2,244.96
2025-09-19,West,Electronics,CENTRAL_DC,5,621.77
2025-09-19,West,Home,WEST_DC,18,814.86
2025-09-19,West,Home,EAST_DC,10,457.41
2025-09-19,West,Home,CENTRAL_DC,4,179.02
2025-09-19,West,Apparel,WEST_DC,22,676.81
2025-09-19,West,Apparel,EAST_DC,5,154.93
2025-09-19,West,Apparel,CENTRAL_DC,4,120.71
2025-09-19,West,Accessories,WEST_DC,2,30.97
2025-09-19,West,Outdoor,WEST_DC,9,550.93
2025-09-19,East,Electronics,EAST_DC,22,2654.08
2025-09-19,East,Electronics,WEST_DC,3,365.97
2025-09-19,East,Electronics,CENTRAL_DC,2,234.02
2025-09-19,East,Home,EAST_DC,29,1257.66
2025-09-19,East,Home,WEST_DC,3,143.26
2025-09-19,East,Home,CENTRAL_DC,4,185.7
2025-09-19,East,Apparel,EAST_DC,35,960.73
2025-09-19,East,Apparel,WEST_DC,10,306.72
2025-09-19,East,Apparel,CENTRAL_DC,3,92.34
2025-09-19,East,Accessories,EAST_DC,9,138.13
2025-09-19,East,Accessories,CENTRAL_DC,2,30.38
2025-09-19,East,Outdoor,EAST_DC,17,1042.19
2025-09-19,East,Outdoor,WEST_DC,1,59.51
2025-09-19,East,Outdoor,CENTRAL_DC,1,58.75
2025-09-19,Central,Electronics,CENTRAL_DC,26,3103.21
2025-09-19,Central,Electronics,WEST_DC,6,729.09
2025-09-19,Central,Electronics,EAST_DC,7,842.65
2025-09-19,Central,Home,CENTRAL_DC,19,882.43
2025-09-19,Central,Home,WEST_DC,4,183.21
2025-09-19,Central,Home,EAST_DC,1,45.45
2025-09-19,Central,Apparel,CENTRAL_DC,30,901.23
2025-09-19,Central,Apparel,WEST_DC,2,60.25
2025-09-19,Central,Apparel,EAST_DC,4,124.24
2025-09-19,Central,Accessories,CENTRAL_DC,6,92.85
2025-09-19,Central,Accessories,WEST_DC,1,14.95
2025-09-19,Central,Outdoor,CENTRAL_DC,9,576.13
2025-09-19,Central,Outdoor,WEST_DC,1,59.86
2025-09-20,West,Electronics,WEST_DC,24,2870.32
2025-09-20,West,Electronics,EAST_DC,4,507.29
2025-09-20,West,Electronics,CENTRAL_DC,4,471.75
2025-09-20,West,Home,WEST_DC,13,559.55
2025-09-20,West,Home,EAST_DC,5,231.82
2025-09-20,West,Home,CENTRAL_DC,2,88.46
2025-09-20,West,Apparel,WEST_DC,19,574.94
2025-09-20,West,Apparel,EAST_DC,6,199.89
2025-09-20,West,Apparel,CENTRAL_DC,4,113.86
2025-09-20,West,Accessories,EAST_DC,2,30.41
2025-09-20,West,Outdoor,WEST_DC,6,375.61
2025-09-20,East,Electronics,EAST_DC,39,4687.77
2025-09-20,East,Electronics,WEST_DC,2,236.99
2025-09-20,East,Electronics,CENTRAL_DC,3,375.84
2025-09-20,East,Home,EAST_DC,22,983.42
2025-09-20,East,Home,CENTRAL_DC,2,90.02
2025-09-20,East,Apparel,EAST_DC,15,460.3
2025-09-20,East,Apparel,WEST_DC,6,188.04
2025-09-20,East,Apparel,CENTRAL_DC,1,31.55
2025-09-20,East,Accessories,EAST_DC,2,28.99
2025-09-20,East,Outdoor,EAST_DC,3,181.38
2025-09-20,East,Outdoor,WEST_DC,2,124.02
2025-09-20,East,Outdoor,CENTRAL_DC,3,168.64
2025-09-20,Central,Electronics,CENTRAL_DC,17,1944.54
2025-09-20,Central,Electronics,WEST_DC,2,233.47
2025-09-20,Central,Electronics,EAST_DC,1,124.04
2025-09-20,Central,Home,CENTRAL_DC,15,679.49
2025-09-20,Central,Home,WEST_DC,3,134.39
2025-09-20,Central,Home,EAST_DC,3,137.59
2025-09-20,Central,Apparel,CENTRAL_DC,16,483.92
2025-09-20,Central,Apparel,WEST_DC,1,28.82
2025-09-20,Central,Apparel,EAST_DC,6,180.82
2025-09-20,Central,Accessories,CENTRAL_DC,4,61.45
2025-09-20,Central,Outdoor,CENTRAL_DC,11,671.62
2025-09-20,Central,Outdoor,WEST_DC,1,58.97
2025-09-20,Central,Outdoor,EAST_DC,2,123.93
2025-09-21,West,Electronics,WEST_DC,20,2493.74
2025-09-21,West,Electronics,EAST_DC,3,360.9
2025-09-21,West,Electronics,CENTRAL_DC,3,328.04
2025-09-21,West,Home,WEST_DC,17,759.34
2025-09-21,West,Home,EAST_DC,1,43.86
2025-09-21,West,Apparel,WEST_DC,14,438.41
2025-09-21,West,Apparel,EAST_DC,3,92.41
2025-09-21,West,Apparel,CENTRAL_DC,2,59.78
2025-09-21,West,Accessories,WEST_DC,3,47.22
2025-09-21,West,Outdoor,WEST_DC,6,351.44
2025-09-21,West,Outdoor,EAST_DC,2,121.92
2025-09-21,West,Outdoor,CENTRAL_DC,2,116.32
2025-09-21,East,Electronics,EAST_DC,17,2119.49
2025-09-21,East,Electronics,WEST_DC,2,238.24
2025-09-21,East,Electronics,CENTRAL_DC,2,237.07
2025-09-21,East,Home,EAST_DC,16,765.23
2025-09-21,East,Home,WEST_DC,3,136.85
2025-09-21,East,Home,CENTRAL_DC,3,131.0
2025-09-21,East,Apparel,EAST_DC,23,709.04
2025-09-21,East,Apparel,WEST_DC,3,87.65
2025-09-21,East,Apparel,CENTRAL_DC,2,61.66
2025-09-21,East,Accessories,EAST_DC,2,30.07
2025-09-21,East,Accessories,WEST_DC,1,15.11
2025-09-21,East,Accessories,CENTRAL_DC,1,14.76
2025-09-21,East,Outdoor,EAST_DC,14,908.01
2025-09-21,East,Outdoor,CENTRAL_DC,2,118.27
2025-09-21,Central,Electronics,CENTRAL_DC,23,2784.7
2025-09-21,Central,Electronics,WEST_DC,4,471.71
2025-09-21,Central,Electronics,EAST_DC,2,234.33
2025-09-21,Central,Home,CENTRAL_DC,14,605.3
2025-09-21,Central,Home,EAST_DC,2,87.97
2025-09-21,Central,Apparel,CENTRAL_DC,23,689.52
2025-09-21,Central,Apparel,WEST_DC,3,92.45
2025-09-21,Central,Apparel,EAST_DC,5,159.28
2025-09-21,Central,Accessories,CENTRAL_DC,2,24.82
2025-09-21,Central,Outdoor,CENTRAL_DC,8,457.03
2025-09-21,Central,Outdoor,EAST_DC,1,63.19
2025-09-22,West,Electronics,WEST_DC,21,2594.47
2025-09-22,West,Electronics,EAST_DC,2,243.99
2025-09-22,West,Electronics,CENTRAL_DC,8,928.57
2025-09-22,West,Home,WEST_DC,28,1241.72
2025-09-22,West,Home,EAST_DC,1,44.53
2025-09-22,West,Home,CENTRAL_DC,2,86.25
2025-09-22,West,Apparel,WEST_DC,29,862.45
2025-09-22,West,Apparel,EAST_DC,4,123.53
2025-09-22,West,Apparel,CENTRAL_DC,3,87.41
2025-09-22,West,Accessories,WEST_DC,2,30.95
2025-09-22,West,Outdoor,WEST_DC,11,650.79
2025-09-22,West,Outdoor,EAST_DC,6,356.76
2025-09-22,West,Outdoor,CENTRAL_DC,2,122.68
2025-09-22,East,Electronics,EAST_DC,30,3546.84
2025-09-22,East,Electronics,WEST_DC,4,499.26
2025-09-22,East,Electronics,CENTRAL_DC,5,612.35
2025-09-22,East,Home,EAST_DC,14,626.52
2025-09-22,East,Home,WEST_DC,3,135.77
2025-09-22,East,Home,CENTRAL_DC,2,86.19
2025-09-22,East,Apparel,EAST_DC,28,825.45
2025-09-22,East,Apparel,WEST_DC,7,209.45
2025-09-22,East,Apparel,CENTRAL_DC,3,86.08
2025-09-22,East,Accessories,EAST_DC,3,43.64
2025-09-22,East,Accessories,CENTRAL_DC,1,14.92
2025-09-22,East,Outdoor,EAST_DC,10,599.95
2025-09-22,East,Outdoor,WEST_DC,1,58.73
2025-09-22,East,Outdoor,CENTRAL_DC,4,241.01
2025-09-22,Central,Electronics,CENTRAL_DC,15,1782.86
2025-09-22,Central,Electronics,WEST_DC,1,117.71
2025-09-22,Central,Electronics,EAST_DC,4,468.53
2025-09-22,Central,Home,CENTRAL_DC,19,849.8
2025-09-22,Central,Home,EAST_DC,2,89.91
2025-09-22,Central,Apparel,CENTRAL_DC,18,513.64
2025-09-22,Central,Apparel,WEST_DC,8,232.9
2025-09-22,Central,Apparel,EAST_DC,3,90.22
2025-09-22,Central,Accessories,CENTRAL_DC,3,52.44
2025-09-22,Central,Accessories,WEST_DC,1,14.95
2025-09-22,Central,Accessories,EAST_DC,1,14.82
2025-09-22,Central,Outdoor,CENTRAL_DC,8,484.59
2025-09-22,Central,Outdoor,WEST_DC,3,177.73
2025-09-22,Central,Outdoor,EAST_DC,2,115.11
2025-09-23,West,Electronics,WEST_DC,25,3059.99
2025-09-23,West,Electronics,EAST_DC,8,954.31
2025-09-23,West,Electronics,CENTRAL_DC,3,366.01
2025-09-23,West,Home,WEST_DC,17,788.72
2025-09-23,West,Home,EAST_DC,2,92.51
2025-09-23,West,Home,CENTRAL_DC,4,173.6
2025-09-23,West,Apparel,WEST_DC,26,749.68
2025-09-23,West,Apparel,EAST_DC,1,29.78
2025-09-23,West,Apparel,CENTRAL_DC,4,113.92
2025-09-23,West,Accessories,WEST_DC,4,60.23
2025-09-23,West,Accessories,CENTRAL_DC,1,15.12
2025-09-23,West,Outdoor,WEST_DC,13,762.09
2025-09-23,West,Outdoor,EAST_DC,2,120.97
2025-09-23,East,Electronics,EAST_DC,32,3815.06
2025-09-23,East,Electronics,WEST_DC,2,245.27
2025-09-23,East,Electronics,CENTRAL_DC,2,235.14
2025-09-23,East,Home,EAST_DC,29,1256.38
2025-09-23,East,Home,WEST_DC,3,131.6
2025-09-23,East,Home,CENTRAL_DC,3,131.19
2025-09-23,East,Apparel,EAST_DC,20,590.64
2025-09-23,East,Apparel,WEST_DC,2,61.21
2025-09-23,East,Accessories,EAST_DC,4,60.56
2025-09-23,East,Accessories,CENTRAL_DC,1,15.02
2025-09-23,East,Outdoor,EAST_DC,14,826.08
2025-09-23,Central,Electronics,CENTRAL_DC,25,2983.13
2025-09-23,Central,Electronics,WEST_DC,8,942.68
2025-09-23,Central,Electronics,EAST_DC,7,823.2
2025-09-23,Central,Home,CENTRAL_DC,21,944.37
2025-09-23,Central,Home,WEST_DC,3,137.46
2025-09-23,Central,Home,EAST_DC,1,43.17
2025-09-23,Central,Apparel,CENTRAL_DC,30,875.84
2025-09-23,Central,Apparel,WEST_DC,1,28.94
2025-09-23,Central,Apparel,EAST_DC,3,89.76
2025-09-23,Central,Accessories,CENTRAL_DC,3,38.58
2025-09-23,Central,Outdoor,CENTRAL_DC,12,719.9
2025-09-23,Central,Outdoor,WEST_DC,2,127.63
2025-09-23,Central,Outdoor,EAST_DC,3,181.45
2025-09-24,West,Electronics,WEST_DC,28,3428.89
2025-09-24,West,Electronics,EAST_DC,3,352.52
2025-09-24,West,Electronics,CENTRAL_DC,4,433.12
2025-09-24,West,Home,WEST_DC,21,933.44
2025-09-24,West,Home,EAST_DC,2,92.51
2025-09-24,West,Home,CENTRAL_DC,4,185.14
2025-09-24,West,Apparel,WEST_DC,20,591.66
2025-09-24,West,Apparel,EAST_DC,4,113.1
2025-09-24,West,Apparel,CENTRAL_DC,4,119.35
2025-09-24,West,Accessories,WEST_DC,4,58.36
2025-09-24,West,Accessories,CENTRAL_DC,2,28.45
2025-09-24,West,Outdoor,WEST_DC,16,1002.21
2025-09-24,West,Outdoor,EAST_DC,1,58.44
2025-09-24,West,Outdoor,CENTRAL_DC,3,178.12
2025-09-24,East,Electronics,EAST_DC,39,4737.61
2025-09-24,East,Electronics,WEST_DC,1,125.03
2025-09-24,East,Electronics,CENTRAL_DC,5,598.77
2025-09-24,East,Home,EAST_DC,26,1192.99
2025-09-24,East,Home,WEST_DC,3,130.87
2025-09-24,East,Home,CENTRAL_DC,4,173.96
2025-09-24,East,Apparel,EAST_DC,22,651.87
2025-09-24,East,Apparel,WEST_DC,4,116.02
2025-09-24,East,Apparel,CENTRAL_DC,4,117.49
2025-09-24,East,Accessories,EAST_DC,1,14.54
2025-09-24,East,Accessories,CENTRAL_DC,1,15.08
2025-09-24,East,Outdoor,EAST_DC,12,697.21
2025-09-24,East,Outdoor,CENTRAL_DC,3,191.31
2025-09-24,Central,Electronics,CENTRAL_DC,31,3576.71
2025-09-24,Central,Electronics,WEST_DC,9,1073.08
2025-09-24,Central,Electronics,EAST_DC,10,1204.17
2025-09-24,Central,Home,CENTRAL_DC,26,1143.37
2025-09-24,Central,Home,WEST_DC,4,183.2
2025-09-24,Central,Home,EAST_DC,5,220.84
2025-09-24,Central,Apparel,CENTRAL_DC,25,737.58
2025-09-24,Central,Apparel,WEST_DC,7,217.3
2025-09-24,Central,Apparel,EAST_DC,2,60.91
2025-09-24,Central,Accessories,CENTRAL_DC,3,52.0
2025-09-24,Central,Accessories,WEST_DC,2,31.19
2025-09-24,Central,Outdoor,CENTRAL_DC,6,339.74
2025-09-24,Central,Outdoor,WEST_DC,1,57.64
2025-09-24,Central,Outdoor,EAST_DC,1,59.4
2025-09-25,West,Electronics,WEST_DC,28,3388.2
2025-09-25,West,Electronics,CENTRAL_DC,9,1180.8
2025-09-25,West,Home,WEST_DC,29,1311.14
2025-09-25,West,Home,EAST_DC,2,94.0
2025-09-25,West,Home,CENTRAL_DC,4,187.33
2025-09-25,West,Apparel,WEST_DC,29,881.07
2025-09-25,West,Apparel,EAST_DC,7,226.82
2025-09-25,West,Apparel,CENTRAL_DC,5,156.63
2025-09-25,West,Accessories,WEST_DC,2,29.76
2025-09-25,West,Accessories,EAST_DC,1,14.85
2025-09-25,West,Accessories,CENTRAL_DC,1,15.67
2025-09-25,West,Outdoor,WEST_DC,8,486.21
2025-09-25,East,Electronics,EAST_DC,29,3335.2
2025-09-25,East,Electronics,WEST_DC,5,584.94
2025-09-25,East,Electronics,CENTRAL_DC,5,594.7
2025-09-25,East,Home,EAST_DC,21,938.92
2025-09-25,East,Home,WEST_DC,4,178.11
2025-09-25,East,Home,CENTRAL_DC,5,223.32
2025-09-25,East,Apparel,EAST_DC,35,1058.75
2025-09-25,East,Apparel,WEST_DC,3,91.23
2025-09-25,East,Apparel,CENTRAL_DC,3,86.8
2025-09-25,East,Accessories,EAST_DC,4,64.8
2025-09-25,East,Accessories,CENTRAL_DC,1,15.14
2025-09-25,East,Outdoor,EAST_DC,13,748.24
2025-09-25,East,Outdoor,WEST_DC,3,185.2
2025-09-25,East,Outdoor,CENTRAL_DC,2,119.06
2025-09-25,Central,Electronics,CENTRAL_DC,29,3751.96
2025-09-25,Central,Electronics,WEST_DC,4,486.6
2025-09-25,Central,Electronics,EAST_DC,7,849.18
2025-09-25,Central,Home,CENTRAL_DC,21,919.01
2025-09-25,Central,Home,WEST_DC,2,89.82
2025-09-25,Central,Home,EAST_DC,4,178.87
2025-09-25,Central,Apparel,CENTRAL_DC,31,956.75
2025-09-25,Central,Apparel,WEST_DC,2,60.62
2025-09-25,Central,Apparel,EAST_DC,3,90.02
2025-09-25,Central,Accessories,CENTRAL_DC,3,51.1
2025-09-25,Central,Accessories,WEST_DC,1,14.32
2025-09-25,Central,Outdoor,CENTRAL_DC,13,775.8
2025-09-25,Central,Outdoor,WEST_DC,1,62.12
2025-09-25,Central,Outdoor,EAST_DC,2,122.52
2025-09-26,West,Electronics,WEST_DC,35,4272.27
2025-09-26,West,Electronics,EAST_DC,3,355.85
2025-09-26,West,Electronics,CENTRAL_DC,4,463.02
2025-09-26,West,Home,WEST_DC,23,1038.44
2025-09-26,West,Home,EAST_DC,1,45.09
2025-09-26,West,Home,CENTRAL_DC,1,43.43
2025-09-26,West,Apparel,WEST_DC,21,656.71
2025-09-26,West,Apparel,EAST_DC,4,121.4
2025-09-26,West,Apparel,CENTRAL_DC,9,270.98
2025-09-26,West,Accessories,WEST_DC,6,90.53
2025-09-26,West,Accessories,CENTRAL_DC,2,30.81
2025-09-26,West,Outdoor,WEST_DC,9,561.86
2025-09-26,West,Outdoor,EAST_DC,3,174.79
2025-09-26,West,Outdoor,CENTRAL_DC,2,122.78
2025-09-26,East,Electronics,EAST_DC,34,4369.03
2025-09-26,East,Electronics,WEST_DC,2,247.38
2025-09-26,East,Electronics,CENTRAL_DC,3,352.04
2025-09-26,East,Home,EAST_DC,32,1470.82
2025-09-26,East,Home,WEST_DC,5,213.65
2025-09-26,East,Home,CENTRAL_DC,5,218.85
2025-09-26,East,Apparel,EAST_DC,25,735.09
2025-09-26,East,Apparel,WEST_DC,1,31.49
2025-09-26,East,Apparel,CENTRAL_DC,2,60.61
2025-09-26,East,Accessories,EAST_DC,4,61.93
2025-09-26,East,Accessories,CENTRAL_DC,2,28.87
2025-09-26,East,Outdoor,EAST_DC,17,1004.43
2025-09-26,East,Outdoor,WEST_DC,2,115.15
2025-09-26,East,Outdoor,CENTRAL_DC,2,118.8
2025-09-26,Central,Electronics,CENTRAL_DC,25,3023.67
2025-09-26,Central,Electronics,WEST_DC,5,629.49
2025-09-26,Central,Electronics,EAST_DC,5,615.66
2025-09-26,Central,Home,CENTRAL_DC,25,1093.2
2025-09-26,Central,Home,WEST_DC,5,224.71
2025-09-26,Central,Home,EAST_DC,4,176.76
2025-09-26,Central,Apparel,CENTRAL_DC,26,819.17
2025-09-26,Central,Apparel,WEST_DC,2,59.74
2025-09-26,Central,Apparel,EAST_DC,1,29.83
2025-09-26,Central,Accessories,CENTRAL_DC,4,66.83
2025-09-26,Central,Accessories,WEST_DC,1,14.75
2025-09-26,Central,Outdoor,CENTRAL_DC,8,451.26
2025-09-26,Central,Outdoor,WEST_DC,1,58.67
2025-09-26,Central,Outdoor,EAST_DC,2,119.95
2025-09-27,West,Electronics,WEST_DC,25,3021.7
2025-09-27,West,Electronics,EAST_DC,3,360.75
2025-09-27,West,Electronics,CENTRAL_DC,2,236.46
2025-09-27,West,Home,WEST_DC,11,504.11
2025-09-27,West,Home,EAST_DC,2,91.58
2025-09-27,West,Home,CENTRAL_DC,4,182.47
2025-09-27,West,Apparel,WEST_DC,17,508.4
2025-09-27,West,Apparel,EAST_DC,1,29.32
2025-09-27,West,Apparel,CENTRAL_DC,3,91.18
2025-09-27,West,Outdoor,WEST_DC,11,651.24
2025-09-27,West,Outdoor,EAST_DC,2,121.35
2025-09-27,East,Electronics,EAST_DC,24,2774.77
2025-09-27,East,Electronics,WEST_DC,6,709.6
2025-09-27,East,Electronics,CENTRAL_DC,5,626.98
2025-09-27,East,Home,EAST_DC,16,710.9
2025-09-27,East,Home,WEST_DC,4,178.52
2025-09-27,East,Home,CENTRAL_DC,1,46.62
2025-09-27,East,Apparel,EAST_DC,21,619.94
2025-09-27,East,Apparel,CENTRAL_DC,2,58.06
2025-09-27,East,Accessories,EAST_DC,1,14.35
2025-09-27,East,Accessories,CENTRAL_DC,1,14.46
2025-09-27,East,Outdoor,EAST_DC,9,536.55
2025-09-27,East,Outdoor,CENTRAL_DC,1,59.34
2025-09-27,Central,Electronics,CENTRAL_DC,21,2406.04
2025-09-27,Central,Electronics,WEST_DC,4,479.28
2025-09-27,Central,Electronics,EAST_DC,4,481.28
2025-09-27,Central,Home,CENTRAL_DC,10,488.1
2025-09-27,Central,Home,WEST_DC,2,90.68
2025-09-27,Central,Home,EAST_DC,3,125.99
2025-09-27,Central,Apparel,CENTRAL_DC,16,471.34
2025-09-27,Central,Apparel,WEST_DC,5,145.96
2025-09-27,Central,Apparel,EAST_DC,1,30.14
2025-09-27,Central,Accessories,CENTRAL_DC,3,39.64
2025-09-27,Central,Outdoor,CENTRAL_DC,9,538.85
2025-09-27,Central,Outdoor,WEST_DC,2,123.1
2025-09-27,Central,Outdoor,EAST_DC,1,59.79
2025-09-28,West,Electronics,WEST_DC,19,2247.77
2025-09-28,West,Electronics,EAST_DC,1,118.88
2025-09-28,West,Home,WEST_DC,14,614.68
2025-09-28,West,Home,EAST_DC,2,90.51
2025-09-28,West,Home,CENTRAL_DC,1,42.97
2025-09-28,West,Apparel,WEST_DC,12,337.89
2025-09-28,West,Apparel,EAST_DC,2,58.4
2025-09-28,West,Apparel,CENTRAL_DC,2,59.17
2025-09-28,West,Accessories,WEST_DC,1,14.8
2025-09-28,West,Outdoor,WEST_DC,8,482.38
2025-09-28,West,Outdoor,CENTRAL_DC,1,59.1
2025-09-28,East,Electronics,EAST_DC,24,2930.66
2025-09-28,East,Electronics,WEST_DC,2,228.56
2025-09-28,East,Electronics,CENTRAL_DC,3,355.46
2025-09-28,East,Home,EAST_DC,16,713.18
2025-09-28,East,Home,CENTRAL_DC,3,138.19
2025-09-28,East,Apparel,EAST_DC,22,645.45
2025-09-28,East,Apparel,WEST_DC,2,57.01
2025-09-28,East,Apparel,CENTRAL_DC,2,57.68
2025-09-28,East,Accessories,EAST_DC,2,29.71
2025-09-28,East,Outdoor,EAST_DC,8,486.85
2025-09-28,East,Outdoor,CENTRAL_DC,1,58.77
2025-09-28,Central,Electronics,CENTRAL_DC,20,2376.53
2025-09-28,Central,Electronics,WEST_DC,7,852.56
2025-09-28,Central,Electronics,EAST_DC,1,123.42
2025-09-28,Central,Home,CENTRAL_DC,17,786.58
2025-09-28,Central,Home,WEST_DC,1,43.93
2025-09-28,Central,Home,EAST_DC,3,136.96
2025-09-28,Central,Apparel,CENTRAL_DC,16,473.04
2025-09-28,Central,Apparel,WEST_DC,3,90.07
2025-09-28,Central,Apparel,EAST_DC,1,29.6
2025-09-28,Central,Accessories,CENTRAL_DC,2,25.7
2025-09-28,Central,Accessories,EAST_DC,1,14.81
2025-09-28,Central,Outdoor,CENTRAL_DC,7,395.02
2025-09-28,Central,Outdoor,WEST_DC,1,59.81
2025-09-28,Central,Outdoor,EAST_DC,1,59.37
2025-09-29,West,Electronics,WEST_DC,30,3599.73
2025-09-29,West,Electronics,EAST_DC,5,579.95
2025-09-29,West,Electronics,CENTRAL_DC,1,122.43
2025-09-29,West,Home,WEST_DC,29,1310.39
2025-09-29,West,Home,CENTRAL_DC,5,230.6
2025-09-29,West,Apparel,WEST_DC,27,790.04
2025-09-29,West,Apparel,EAST_DC,3,86.92
2025-09-29,West,Apparel,CENTRAL_DC,2,59.38
2025-09-29,West,Accessories,WEST_DC,3,46.24
2025-09-29,West,Accessories,CENTRAL_DC,1,15.41
2025-09-29,West,Outdoor,WEST_DC,11,657.9
2025-09-29,West,Outdoor,EAST_DC,2,116.1
2025-09-29,West,Outdoor,CENTRAL_DC,1,58.9
2025-09-29,East,Electronics,EAST_DC,35,4429.97
2025-09-29,East,Electronics,WEST_DC,3,366.8
2025-09-29,East,Electronics,CENTRAL_DC,2,243.27
2025-09-29,East,Home,EAST_DC,16,709.82
2025-09-29,East,Home,CENTRAL_DC,2,85.98
2025-09-29,East,Apparel,EAST_DC,32,951.33
2025-09-29,East,Apparel,WEST_DC,5,142.77
2025-09-29,East,Apparel,CENTRAL_DC,5,153.61
2025-09-29,East,Accessories,EAST_DC,3,45.85
2025-09-29,East,Accessories,WEST_DC,1,14.79
2025-09-29,East,Outdoor,EAST_DC,11,653.12
2025-09-29,Central,Electronics,CENTRAL_DC,27,3370.6
2025-09-29,Central,Electronics,WEST_DC,3,365.15
2025-09-29,Central,Electronics,EAST_DC,4,472.63
2025-09-29,Central,Home,CENTRAL_DC,20,859.86
2025-09-29,Central,Home,EAST_DC,5,217.03
2025-09-29,Central,Apparel,CENTRAL_DC,20,584.75
2025-09-29,Central,Apparel,WEST_DC,5,147.09
2025-09-29,Central,Apparel,EAST_DC,3,89.16
2025-09-29,Central,Accessories,CENTRAL_DC,3,52.37
2025-09-29,Central,Accessories,EAST_DC,2,29.22
2025-09-29,Central,Outdoor,CENTRAL_DC,9,565.82
2025-09-29,Central,Outdoor,WEST_DC,2,116.75
2025-09-29,Central,Outdoor,EAST_DC,1,57.41
2025-09-30,West,Electronics,WEST_DC,28,3400.44
2025-09-30,West,Electronics,EAST_DC,3,372.11
2025-09-30,West,Electronics,CENTRAL_DC,6,668.26
2025-09-30,West,Home,WEST_DC,22,994.98
2025-09-30,West,Home,EAST_DC,3,136.97
2025-09-30,West,Home,CENTRAL_DC,4,180.8
2025-09-30,West,Apparel,WEST_DC,31,954.15
2025-09-30,West,Apparel,EAST_DC,2,58.57
2025-09-30,West,Apparel,CENTRAL_DC,1,29.83
2025-09-30,West,Accessories,WEST_DC,6,88.22
2025-09-30,West,Outdoor,WEST_DC,15,896.73
2025-09-30,West,Outdoor,EAST_DC,2,121.21
2025-09-30,West,Outdoor,CENTRAL_DC,2,122.18
2025-09-30,East,Electronics,EAST_DC,38,4516.87
2025-09-30,East,Electronics,WEST_DC,1,117.09
2025-09-30,East,Electronics,CENTRAL_DC,4,486.04
2025-09-30,East,Home,EAST_DC,20,938.37
2025-09-30,East,Home,WEST_DC,6,265.09
2025-09-30,East,Home,CENTRAL_DC,6,273.19
2025-09-30,East,Apparel,EAST_DC,17,504.03
2025-09-30,East,Apparel,WEST_DC,8,238.19
2025-09-30,East,Apparel,CENTRAL_DC,5,148.07
2025-09-30,East,Accessories,EAST_DC,1,15.48
2025-09-30,East,Outdoor,EAST_DC,10,582.88
2025-09-30,East,Outdoor,WEST_DC,1,61.39
2025-09-30,Central,Electronics,CENTRAL_DC,40,4851.8
2025-09-30,Central,Electronics,WEST_DC,4,484.83
2025-09-30,Central,Electronics,EAST_DC,1,119.85
2025-09-30,Central,Home,CENTRAL_DC,18,804.81
2025-09-30,Central,Home,EAST_DC,5,227.51
2025-09-30,Central,Apparel,CENTRAL_DC,26,770.68
2025-09-30,Central,Apparel,WEST_DC,9,268.08
2025-09-30,Central,Apparel,EAST_DC,3,91.12
2025-09-30,Central,Accessories,CENTRAL_DC,1,11.89
2025-09-30,Central,Accessories,WEST_DC,1,14.94
2025-09-30,Central,Accessories,EAST_DC,1,14.45
2025-09-30,Central,Outdoor,CENTRAL_DC,13,765.18
2025-09-30,Central,Outdoor,EAST_DC,1,64.98
2025-10-01,West,Electronics,WEST_DC,34,3740.94
2025-10-01,West,Electronics,EAST_DC,6,720.05
2025-10-01,West,Electronics,CENTRAL_DC,5,604.08
2025-10-01,West,Home,WEST_DC,28,1250.27
2025-10-01,West,Home,EAST_DC,3,126.65
2025-10-01,West,Home,CENTRAL_DC,4,178.88
2025-10-01,West,Apparel,WEST_DC,25,740.11
2025-10-01,West,Apparel,EAST_DC,5,144.33
2025-10-01,West,Apparel,CENTRAL_DC,4,119.76
2025-10-01,West,Accessories,WEST_DC,7,109.89
2025-10-01,West,Outdoor,WEST_DC,13,783.75
2025-10-01,West,Outdoor,EAST_DC,2,121.56
2025-10-01,West,Outdoor,CENTRAL_DC,2,118.66
2025-10-01,East,Electronics,EAST_DC,42,5231.65
2025-10-01,East,Electronics,WEST_DC,5,591.77
2025-10-01,East,Electronics,CENTRAL_DC,5,575.19
2025-10-01,East,Home,EAST_DC,33,1532.87
2025-10-01,East,Home,WEST_DC,1,43.28
2025-10-01,East,Home,CENTRAL_DC,5,223.83
2025-10-01,East,Apparel,EAST_DC,22,649.78
2025-10-01,East,Apparel,WEST_DC,5,140.07
2025-10-01,East,Apparel,CENTRAL_DC,4,117.6
2025-10-01,East,Accessories,EAST_DC,3,44.19
2025-10-01,East,Accessories,CENTRAL_DC,1,14.63
2025-10-01,East,Outdoor,EAST_DC,15,862.94
2025-10-01,East,Outdoor,WEST_DC,3,184.12
2025-10-01,East,Outdoor,CENTRAL_DC,2,120.47
2025-10-01,Central,Electronics,CENTRAL_DC,20,2414.81
2025-10-01,Central,Electronics,WEST_DC,6,719.9
2025-10-01,Central,Electronics,EAST_DC,8,991.24
2025-10-01,Central,Home,CENTRAL_DC,25,1129.44
2025-10-01,Central,Home,WEST_DC,3,135.82
2025-10-01,Central,Home,EAST_DC,2,91.92
2025-10-01,Central,Apparel,CENTRAL_DC,37,1100.43
2025-10-01,Central,Apparel,WEST_DC,1,30.27
2025-10-01,Central,Accessories,CENTRAL_DC,5,75.8
2025-10-01,Central,Accessories,EAST_DC,1,15.1
2025-10-01,Central,Outdoor,CENTRAL_DC,13,728.13
2025-10-02,West,Electronics,WEST_DC,37,4343.86
2025-10-02,West,Electronics,EAST_DC,5,611.72
2025-10-02,West,Electronics,CENTRAL_DC,2,232.31
2025-10-02,West,Home,WEST_DC,16,709.27
2025-10-02,West,Home,EAST_DC,6,284.44
2025-10-02,West,Home,CENTRAL_DC,2,89.14
2025-10-02,West,Apparel,WEST_DC,30,969.63
2025-10-02,West,Apparel,EAST_DC,5,143.81
2025-10-02,West,Apparel,CENTRAL_DC,6,179.47
2025-10-02,West,Accessories,WEST_DC,3,45.69
2025-10-02,West,Accessories,CENTRAL_DC,1,15.06
2025-10-02,West,Outdoor,WEST_DC,6,368.92
2025-10-02,West,Outdoor,EAST_DC,2,117.79
2025-10-02,West,Outdoor,CENTRAL_DC,1,61.27
2025-10-02,East,Electronics,EAST_DC,31,3880.21
2025-10-02,East,Electronics,WEST_DC,3,365.79
2025-10-02,East,Electronics,CENTRAL_DC,1,121.9
2025-10-02,East,Home,EAST_DC,27,1208.08
2025-10-02,East,Home,WEST_DC,1,44.26
2025-10-02,East,Home,CENTRAL_DC,6,269.46
2025-10-02,East,Apparel,EAST_DC,32,965.71
2025-10-02,East,Apparel,WEST_DC,4,117.6
2025-10-02,East,Apparel,CENTRAL_DC,2,61.89
2025-10-02,East,Accessories,EAST_DC,6,88.13
2025-10-02,East,Accessories,WEST_DC,1,14.87
2025-10-02,East,Outdoor,EAST_DC,9,551.24
2025-10-02,East,Outdoor,WEST_DC,1,61.38
2025-10-02,East,Outdoor,CENTRAL_DC,1,62.25
2025-10-02,Central,Electronics,CENTRAL_DC,26,3058.07
2025-10-02,Central,Electronics,WEST_DC,6,731.45
2025-10-02,Central,Electronics,EAST_DC,3,365.54
2025-10-02,Central,Home,CENTRAL_DC,23,1088.77
2025-10-02,Central,Home,WEST_DC,2,88.9
2025-10-02,Central,Home,EAST_DC,5,222.64
2025-10-02,Central,Apparel,CENTRAL_DC,25,752.76
2025-10-02,Central,Apparel,WEST_DC,8,238.63
2025-10-02,Central,Apparel,EAST_DC,7,205.8
2025-10-02,Central,Accessories,CENTRAL_DC,5,76.51
2025-10-02,Central,Outdoor,CENTRAL_DC,11,703.56
2025-10-02,Central,Outdoor,WEST_DC,1,62.35
2025-10-02,Central,Outdoor,EAST_DC,1,61.43
2025-10-03,West,Electronics,WEST_DC,28,3270.64
2025-10-03,West,Electronics,EAST_DC,3,359.69
2025-10-03,West,Electronics,CENTRAL_DC,4,462.36
2025-10-03,West,Home,WEST_DC,17,790.64
2025-10-03,West,Home,EAST_DC,6,251.74
2025-10-03,West,Home,CENTRAL_DC,1,44.81
2025-10-03,West,Apparel,WEST_DC,19,555.2
2025-10-03,West,Apparel,EAST_DC,7,205.04
2025-10-03,West,Apparel,CENTRAL_DC,2,61.44
2025-10-03,West,Accessories,WEST_DC,2,29.8
2025-10-03,West,Accessories,CENTRAL_DC,1,15.19
2025-10-03,West,Outdoor,WEST_DC,9,552.22
2025-10-03,West,Outdoor,EAST_DC,1,59.48
2025-10-03,West,Outdoor,CENTRAL_DC,1,60.55
2025-10-03,East,Electronics,EAST_DC,42,4909.39
2025-10-03,East,Electronics,WEST_DC,9,1079.39
2025-10-03,East,Electronics,CENTRAL_DC,5,625.37
2025-10-03,East,Home,EAST_DC,26,1179.22
2025-10-03,East,Home,WEST_DC,1,42.87
2025-10-03,East,Home,CENTRAL_DC,3,133.2
2025-10-03,East,Apparel,EAST_DC,21,618.66
2025-10-03,East,Apparel,WEST_DC,4,122.57
2025-10-03,East,Apparel,CENTRAL_DC,4,111.68
2025-10-03,East,Accessories,EAST_DC,1,15.08
2025-10-03,East,Outdoor,EAST_DC,16,979.13
2025-10-03,East,Outdoor,WEST_DC,7,422.81
2025-10-03,East,Outdoor,CENTRAL_DC,1,59.54
2025-10-03,Central,Electronics,CENTRAL_DC,25,2801.44
2025-10-03,Central,Electronics,WEST_DC,4,466.85
2025-10-03,Central,Electronics,EAST_DC,6,690.82
2025-10-03,Central,Home,CENTRAL_DC,26,1181.49
2025-10-03,Central,Home,WEST_DC,1,45.37
2025-10-03,Central,Home,EAST_DC,6,280.69
2025-10-03,Central,Apparel,CENTRAL_DC,29,904.37
2025-10-03,Central,Apparel,WEST_DC,1,30.48
2025-10-03,Central,Apparel,EAST_DC,5,152.65
2025-10-03,Central,Accessories,CENTRAL_DC,3,39.55
2025-10-03,Central,Accessories,WEST_DC,1,14.68
2025-10-03,Central,Accessories,EAST_DC,1,15.24
2025-10-03,Central,Outdoor,CENTRAL_DC,10,606.63
2025-10-03,Central,Outdoor,WEST_DC,2,122.64
2025-10-03,Central,Outdoor,EAST_DC,3,177.11
2025-10-04,West,Electronics,WEST_DC,27,3247.46
2025-10-04,West,Electronics,CENTRAL_DC,5,586.88
2025-10-04,West,Home,WEST_DC,18,800.42
2025-10-04,West,Home,EAST_DC,2,85.51
2025-10-04,West,Home,CENTRAL_DC,1,45.87
2025-10-04,West,Apparel,WEST_DC,33,1008.12
2025-10-04,West,Apparel,EAST_DC,1,30.69
2025-10-04,West,Apparel,CENTRAL_DC,2,56.68
2025-10-04,West,Accessories,WEST_DC,1,14.44
2025-10-04,West,Accessories,CENTRAL_DC,1,15.17
2025-10-04,West,Outdoor,WEST_DC,9,545.8
2025-10-04,West,Outdoor,EAST_DC,2,119.96
2025-10-04,West,Outdoor,CENTRAL_DC,1,58.21
2025-10-04,East,Electronics,EAST_DC,32,3873.34
2025-10-04,East,Electronics,WEST_DC,2,243.04
2025-10-04,East,Electronics,CENTRAL_DC,3,372.56
2025-10-04,East,Home,EAST_DC,19,839.82
2025-10-04,East,Home,WEST_DC,7,329.22
2025-10-04,East,Home,CENTRAL_DC,6,282.31
2025-10-04,East,Apparel,EAST_DC,20,563.37
2025-10-04,East,Apparel,WEST_DC,4,115.99
2025-10-04,East,Apparel,CENTRAL_DC,2,59.09
2025-10-04,East,Outdoor,EAST_DC,7,406.01
2025-10-04,East,Outdoor,WEST_DC,4,247.84
2025-10-04,East,Outdoor,CENTRAL_DC,1,60.04
2025-10-04,Central,Electronics,CENTRAL_DC,16,2005.92
2025-10-04,Central,Electronics,WEST_DC,4,462.01
2025-10-04,Central,Electronics,EAST_DC,4,483.04
2025-10-04,Central,Home,CENTRAL_DC,20,858.19
2025-10-04,Central,Home,WEST_DC,1,44.51
2025-10-04,Central,Home,EAST_DC,1,44.48
2025-10-04,Central,Apparel,CENTRAL_DC,20,607.87
2025-10-04,Central,Apparel,EAST_DC,4,122.16
2025-10-04,Central,Accessories,CENTRAL_DC,1,12.82
2025-10-04,Central,Accessories,WEST_DC,1,15.38
2025-10-04,Central,Outdoor,CENTRAL_DC,13,751.09
2025-10-05,West,Electronics,WEST_DC,21,2444.81
2025-10-05,West,Electronics,EAST_DC,3,342.59
2025-10-05,West,Electronics,CENTRAL_DC,8,1000.16
2025-10-05,West,Home,WEST_DC,16,705.98
2025-10-05,West,Home,EAST_DC,1,42.31
2025-10-05,West,Home,CENTRAL_DC,2,87.31
2025-10-05,West,Apparel,WEST_DC,17,509.14
2025-10-05,West,Apparel,EAST_DC,2,57.96
2025-10-05,West,Apparel,CENTRAL_DC,2,62.29
2025-10-05,West,Accessories,WEST_DC,1,14.85
2025-10-05,West,Accessories,CENTRAL_DC,2,29.87
2025-10-05,West,Outdoor,WEST_DC,9,547.97
2025-10-05,West,Outdoor,CENTRAL_DC,4,234.91
2025-10-05,East,Electronics,EAST_DC,19,2232.26
2025-10-05,East,Electronics,WEST_DC,4,469.01
2025-10-05,East,Electronics,CENTRAL_DC,3,354.93
2025-10-05,East,Home,EAST_DC,19,861.35
2025-10-05,East,Home,WEST_DC,3,136.05
2025-10-05,East,Home,CENTRAL_DC,3,129.67
2025-10-05,East,Apparel,EAST_DC,20,579.51
2025-10-05,East,Apparel,WEST_DC,2,60.36
2025-10-05,East,Apparel,CENTRAL_DC,5,152.41
2025-10-05,East,Accessories,EAST_DC,3,45.09
2025-10-05,East,Outdoor,EAST_DC,10,581.54
2025-10-05,East,Outdoor,WEST_DC,1,58.76
2025-10-05,East,Outdoor,CENTRAL_DC,1,58.32
2025-10-05,Central,Electronics,CENTRAL_DC,25,3009.41
2025-10-05,Central,Electronics,WEST_DC,7,817.81
2025-10-05,Central,Electronics,EAST_DC,5,596.98
2025-10-05,Central,Home,CENTRAL_DC,16,720.15
2025-10-05,Central,Home,WEST_DC,2,88.9
2025-10-05,Central,Home,EAST_DC,4,176.39
2025-10-05,Central,Apparel,CENTRAL_DC,12,335.71
2025-10-05,Central,Apparel,WEST_DC,1,30.27
2025-10-05,Central,Apparel,EAST_DC,3,86.61
2025-10-05,Central,Accessories,CENTRAL_DC,2,25.63
2025-10-05,Central,Accessories,EAST_DC,2,31.06
2025-10-05,Central,Outdoor,CENTRAL_DC,7,399.84
2025-10-05,Central,Outdoor,WEST_DC,2,116.05
2025-10-05,Central,Outdoor,EAST_DC,3,179.82
2025-10-06,West,Electronics,WEST_DC,38,4704.83
2025-10-06,West,Electronics,EAST_DC,6,718.27
2025-10-06,West,Electronics,CENTRAL_DC,8,958.1
2025-10-06,West,Home,WEST_DC,17,799.35
2025-10-06,West,Home,EAST_DC,1,45.97
2025-10-06,West,Apparel,WEST_DC,26,792.66
2025-10-06,West,Apparel,EAST_DC,3,91.65
2025-10-06,West,Apparel,CENTRAL_DC,8,249.36
2025-10-06,West,Accessories,WEST_DC,4,58.49
2025-10-06,West,Outdoor,WEST_DC,6,347.79
2025-10-06,West,Outdoor,EAST_DC,1,59.36
2025-10-06,West,Outdoor,CENTRAL_DC,1,60.19
2025-10-06,East,Electronics,EAST_DC,29,3570.97
2025-10-06,East,Electronics,WEST_DC,5,575.86
2025-10-06,East,Electronics,CENTRAL_DC,1,121.61
2025-10-06,East,Home,EAST_DC,24,1102.3
2025-10-06,East,Home,WEST_DC,5,226.86
2025-10-06,East,Home,CENTRAL_DC,3,126.08
2025-10-06,East,Apparel,EAST_DC,26,814.17
2025-10-06,East,Apparel,WEST_DC,3,90.68
2025-10-06,East,Apparel,CENTRAL_DC,4,119.31
2025-10-06,East,Accessories,EAST_DC,4,60.26
2025-10-06,East,Accessories,WEST_DC,1,15.54
2025-10-06,East,Accessories,CENTRAL_DC,1,15.39
2025-10-06,East,Outdoor,EAST_DC,10,606.37
2025-10-06,East,Outdoor,WEST_DC,1,57.37
2025-10-06,East,Outdoor,CENTRAL_DC,1,59.14
2025-10-06,Central,Electronics,CENTRAL_DC,20,2420.49
2025-10-06,Central,Electronics,WEST_DC,4,483.77
2025-10-06,Central,Electronics,EAST_DC,4,494.71
2025-10-06,Central,Home,CENTRAL_DC,14,627.35
2025-10-06,Central,Home,WEST_DC,3,140.11
2025-10-06,Central,Home,EAST_DC,5,219.78
2025-10-06,Central,Apparel,CENTRAL_DC,23,668.6
2025-10-06,Central,Apparel,WEST_DC,7,207.08
2025-10-06,Central,Apparel,EAST_DC,6,173.78
2025-10-06,Central,Accessories,CENTRAL_DC,3,37.77
2025-10-06,Central,Accessories,WEST_DC,2,29.4
2025-10-06,Central,Accessories,EAST_DC,1,14.87
2025-10-06,Central,Outdoor,CENTRAL_DC,9,589.01
2025-10-07,West,Electronics,WEST_DC,29,3620.86
2025-10-07,West,Electronics,EAST_DC,7,842.04
2025-10-07,West,Electronics,CENTRAL_DC,6,735.42
2025-10-07,West,Home,WEST_DC,26,1182.58
2025-10-07,West,Home,EAST_DC,4,170.19
2025-10-07,West,Home,CENTRAL_DC,3,138.77
2025-10-07,West,Apparel,WEST_DC,24,775.04
2025-10-07,West,Apparel,EAST_DC,2,59.53
2025-10-07,West,Apparel,CENTRAL_DC,2,58.17
2025-10-07,West,Accessories,WEST_DC,2,29.04
2025-10-07,West,Accessories,EAST_DC,1,15.32
2025-10-07,West,Accessories,CENTRAL_DC,1,14.49
2025-10-07,West,Outdoor,WEST_DC,15,883.51
2025-10-07,East,Electronics,EAST_DC,38,4541.64
2025-10-07,East,Electronics,WEST_DC,5,592.67
2025-10-07,East,Electronics,CENTRAL_DC,4,492.39
2025-10-07,East,Home,EAST_DC,30,1354.07
2025-10-07,East,Home,WEST_DC,6,270.88
2025-10-07,East,Home,CENTRAL_DC,4,169.69
2025-10-07,East,Apparel,EAST_DC,24,715.69
2025-10-07,East,Apparel,WEST_DC,8,249.78
2025-10-07,East,Apparel,CENTRAL_DC,4,118.78
2025-10-07,East,Accessories,EAST_DC,2,30.78
2025-10-07,East,Outdoor,EAST_DC,10,603.49
2025-10-07,East,Outdoor,WEST_DC,1,60.63
2025-10-07,East,Outdoor,CENTRAL_DC,3,184.71
2025-10-07,Central,Electronics,CENTRAL_DC,24,2834.77
2025-10-07,Central,Electronics,WEST_DC,2,237.01
2025-10-07,Central,Electronics,EAST_DC,4,478.32
2025-10-07,Central,Home,CENTRAL_DC,18,789.92
2025-10-07,Central,Home,WEST_DC,5,231.99
2025-10-07,Central,Home,EAST_DC,4,185.56
2025-10-07,Central,Apparel,CENTRAL_DC,30,917.98
2025-10-07,Central,Apparel,WEST_DC,3,87.93
2025-10-07,Central,Apparel,EAST_DC,3,87.65
2025-10-07,Central,Accessories,CENTRAL_DC,4,61.82
2025-10-07,Central,Accessories,EAST_DC,1,14.64
2025-10-07,Central,Outdoor,CENTRAL_DC,9,579.22
2025-10-07,Central,Outdoor,WEST_DC,2,120.81
2025-10-07,Central,Outdoor,EAST_DC,2,118.82
2025-10-08,West,Electronics,WEST_DC,31,3647.61
2025-10-08,West,Electronics,EAST_DC,6,722.02
2025-10-08,West,Electronics,CENTRAL_DC,1,125.66
2025-10-08,West,Home,WEST_DC,28,1254.01
2025-10-08,West,Home,EAST_DC,4,190.99
2025-10-08,West,Apparel,WEST_DC,24,705.75
2025-10-08,West,Apparel,EAST_DC,1,31.3
2025-10-08,West,Apparel,CENTRAL_DC,5,155.44
2025-10-08,West,Accessories,WEST_DC,2,29.89
2025-10-08,West,Accessories,EAST_DC,1,15.61
2025-10-08,West,Outdoor,WEST_DC,12,730.01
2025-10-08,West,Outdoor,EAST_DC,3,177.73
2025-10-08,West,Outdoor,CENTRAL_DC,1,59.08
2025-10-08,East,Electronics,EAST_DC,45,5441.09
2025-10-08,East,Electronics,CENTRAL_DC,3,337.21
2025-10-08,East,Home,EAST_DC,19,878.72
2025-10-08,East,Home,WEST_DC,6,272.9
2025-10-08,East,Home,CENTRAL_DC,5,230.21
2025-10-08,East,Apparel,EAST_DC,35,1051.85
2025-10-08,East,Apparel,WEST_DC,2,61.43
2025-10-08,East,Apparel,CENTRAL_DC,4,117.3
2025-10-08,East,Accessories,EAST_DC,6,87.35
2025-10-08,East,Outdoor,EAST_DC,12,702.88
2025-10-08,East,Outdoor,WEST_DC,4,247.69
2025-10-08,East,Outdoor,CENTRAL_DC,1,58.46
2025-10-08,Central,Electronics,CENTRAL_DC,26,3246.5
2025-10-08,Central,Electronics,EAST_DC,1,122.0
2025-10-08,Central,Home,CENTRAL_DC,18,774.83
2025-10-08,Central,Home,WEST_DC,3,140.99
2025-10-08,Central,Home,EAST_DC,1,45.74
2025-10-08,Central,Apparel,CENTRAL_DC,26,791.97
2025-10-08,Central,Apparel,WEST_DC,5,148.64
2025-10-08,Central,Apparel,EAST_DC,5,144.29
2025-10-08,Central,Accessories,CENTRAL_DC,5,75.59
2025-10-08,Central,Accessories,WEST_DC,1,14.96
2025-10-08,Central,Accessories,EAST_DC,3,45.41
2025-10-08,Central,Outdoor,CENTRAL_DC,8,522.66
2025-10-08,Central,Outdoor,EAST_DC,6,356.41
2025-10-09,West,Electronics,WEST_DC,23,2639.79
2025-10-09,West,Electronics,EAST_DC,6,714.25
2025-10-09,West,Electronics,CENTRAL_DC,5,585.14
2025-10-09,West,Home,WEST_DC,17,767.03
2025-10-09,West,Home,EAST_DC,4,186.09
2025-10-09,West,Home,CENTRAL_DC,4,176.9
2025-10-09,West,Apparel,WEST_DC,28,831.16
2025-10-09,West,Apparel,EAST_DC,1,31.25
2025-10-09,West,Apparel,CENTRAL_DC,2,61.14
2025-10-09,West,Accessories,WEST_DC,4,63.25
2025-10-09,West,Accessories,EAST_DC,1,14.84
2025-10-09,West,Outdoor,WEST_DC,17,991.78
2025-10-09,West,Outdoor,CENTRAL_DC,1,61.13
2025-10-09,East,Electronics,EAST_DC,31,3861.45
2025-10-09,East,Electronics,WEST_DC,3,354.26
2025-10-09,East,Electronics,CENTRAL_DC,5,602.3
2025-10-09,East,Home,EAST_DC,26,1136.32
2025-10-09,East,Home,WEST_DC,3,131.69
2025-10-09,East,Home,CENTRAL_DC,4,183.56
2025-10-09,East,Apparel,EAST_DC,30,891.45
2025-10-09,East,Apparel,WEST_DC,4,116.35
2025-10-09,East,Apparel,CENTRAL_DC,3,91.07
2025-10-09,East,Accessories,EAST_DC,1,14.34
2025-10-09,East,Accessories,WEST_DC,2,29.82
2025-10-09,East,Accessories,CENTRAL_DC,1,15.11
2025-10-09,East,Outdoor,EAST_DC,13,779.67
2025-10-09,East,Outdoor,CENTRAL_DC,1,59.92
2025-10-09,Central,Electronics,CENTRAL_DC,30,3507.15
2025-10-09,Central,Electronics,WEST_DC,4,472.24
2025-10-09,Central,Electronics,EAST_DC,2,229.98
2025-10-09,Central,Home,CENTRAL_DC,15,666.88
2025-10-09,Central,Home,WEST_DC,2,92.46
2025-10-09,Central,Home,EAST_DC,2,91.13
2025-10-09,Central,Apparel,CENTRAL_DC,18,507.03
2025-10-09,Central,Apparel,WEST_DC,3,91.73
2025-10-09,Central,Apparel,EAST_DC,3,92.32
2025-10-09,Central,Accessories,CENTRAL_DC,4,62.24
2025-10-09,Central,Accessories,WEST_DC,1,15.12
2025-10-09,Central,Outdoor,CENTRAL_DC,8,503.23
2025-10-09,Central,Outdoor,EAST_DC,1,59.87
2025-10-10,West,Electronics,WEST_DC,37,4443.43
2025-10-10,West,Electronics,EAST_DC,2,247.22
2025-10-10,West,Electronics,CENTRAL_DC,2,233.38
2025-10-10,West,Home,WEST_DC,27,1211.25
2025-10-10,West,Home,EAST_DC,2,90.2
2025-10-10,West,Apparel,WEST_DC,21,632.89
2025-10-10,West,Apparel,EAST_DC,2,59.44
2025-10-10,West,Apparel,CENTRAL_DC,2,59.18
2025-10-10,West,Accessories,WEST_DC,5,74.71
2025-10-10,West,Outdoor,WEST_DC,11,684.15
2025-10-10,West,Outdoor,EAST_DC,2,119.43
2025-10-10,West,Outdoor,CENTRAL_DC,3,181.04
2025-10-10,East,Electronics,EAST_DC,39,4505.19
2025-10-10,East,Electronics,WEST_DC,6,666.43
2025-10-10,East,Electronics,CENTRAL_DC,3,372.52
2025-10-10,East,Home,EAST_DC,24,1093.34
2025-10-10,East,Home,WEST_DC,6,278.16
2025-10-10,East,Home,CENTRAL_DC,6,258.35
2025-10-10,East,Apparel,EAST_DC,30,892.03
2025-10-10,East,Apparel,WEST_DC,3,95.46
2025-10-10,East,Apparel,CENTRAL_DC,5,148.4
2025-10-10,East,Accessories,EAST_DC,1,14.99
2025-10-10,East,Outdoor,EAST_DC,10,585.31
2025-10-10,East,Outdoor,WEST_DC,2,113.39
2025-10-10,East,Outdoor,CENTRAL_DC,2,120.74
2025-10-10,Central,Electronics,CENTRAL_DC,31,3871.88
2025-10-10,Central,Electronics,WEST_DC,9,1048.42
2025-10-10,Central,Electronics,EAST_DC,4,496.56
2025-10-10,Central,Home,CENTRAL_DC,21,955.26
2025-10-10,Central,Home,WEST_DC,3,139.93
2025-10-10,Central,Home,EAST_DC,3,143.19
2025-10-10,Central,Apparel,CENTRAL_DC,18,527.22
2025-10-10,Central,Apparel,WEST_DC,3,91.53
2025-10-10,Central,Apparel,EAST_DC,2,60.38
2025-10-10,Central,Accessories,CENTRAL_DC,2,26.04
2025-10-10,Central,Accessories,EAST_DC,1,15.25
2025-10-10,Central,Outdoor,CENTRAL_DC,5,304.79
2025-10-10,Central,Outdoor,WEST_DC,1,56.93
2025-10-11,West,Electronics,WEST_DC,19,2217.55
2025-10-11,West,Electronics,EAST_DC,1,116.62
2025-10-11,West,Electronics,CENTRAL_DC,4,494.69
2025-10-11,West,Home,WEST_DC,16,720.31
2025-10-11,West,Home,EAST_DC,3,140.52
2025-10-11,West,Home,CENTRAL_DC,2,92.22
2025-10-11,West,Apparel,WEST_DC,18,517.85
2025-10-11,West,Apparel,EAST_DC,1,29.97
2025-10-11,West,Apparel,CENTRAL_DC,2,59.52
2025-10-11,West,Accessories,WEST_DC,4,60.63
2025-10-11,West,Accessories,CENTRAL_DC,1,14.93
2025-10-11,West,Outdoor,WEST_DC,12,737.93
2025-10-11,West,Outdoor,EAST_DC,2,118.68
2025-10-11,West,Outdoor,CENTRAL_DC,1,60.8
2025-10-11,East,Electronics,EAST_DC,22,2809.9
2025-10-11,East,Electronics,WEST_DC,3,344.41
2025-10-11,East,Electronics,CENTRAL_DC,5,587.76
2025-10-11,East,Home,EAST_DC,19,858.42
2025-10-11,East,Home,WEST_DC,2,89.07
2025-10-11,East,Home,CENTRAL_DC,2,91.35
2025-10-11,East,Apparel,EAST_DC,17,501.96
2025-10-11,East,Apparel,WEST_DC,2,60.06
2025-10-11,East,Apparel,CENTRAL_DC,4,113.26
2025-10-11,East,Accessories,EAST_DC,5,70.75
2025-10-11,East,Accessories,WEST_DC,1,15.15
2025-10-11,East,Accessories,CENTRAL_DC,1,15.38
2025-10-11,East,Outdoor,EAST_DC,12,703.32
2025-10-11,East,Outdoor,CENTRAL_DC,1,58.81
2025-10-11,Central,Electronics,CENTRAL_DC,20,2288.38
2025-10-11,Central,Electronics,WEST_DC,7,844.2
2025-10-11,Central,Electronics,EAST_DC,4,464.3
2025-10-11,Central,Home,CENTRAL_DC,20,887.96
2025-10-11,Central,Home,WEST_DC,2,87.6
2025-10-11,Central,Home,EAST_DC,1,45.05
2025-10-11,Central,Apparel,CENTRAL_DC,17,483.75
2025-10-11,Central,Apparel,WEST_DC,2,58.69
2025-10-11,Central,Apparel,EAST_DC,5,144.16
2025-10-11,Central,Accessories,CENTRAL_DC,2,25.27
2025-10-11,Central,Accessories,WEST_DC,1,15.72
2025-10-11,Central,Outdoor,CENTRAL_DC,9,562.62
2025-10-11,Central,Outdoor,WEST_DC,2,122.7
2025-10-11,Central,Outdoor,EAST_DC,2,112.38
2025-10-12,West,Electronics,WEST_DC,23,2900.84
2025-10-12,West,Electronics,EAST_DC,3,357.98
2025-10-12,West,Electronics,CENTRAL_DC,1,125.45
2025-10-12,West,Home,WEST_DC,12,547.3
2025-10-12,West,Home,EAST_DC,3,130.5
2025-10-12,West,Home,CENTRAL_DC,2,90.48
2025-10-12,West,Apparel,WEST_DC,23,705.23
2025-10-12,West,Apparel,EAST_DC,2,58.52
2025-10-12,West,Apparel,CENTRAL_DC,4,108.94
2025-10-12,West,Accessories,WEST_DC,1,15.04
2025-10-12,West,Accessories,EAST_DC,1,13.97
2025-10-12,West,Outdoor,WEST_DC,7,412.21
2025-10-12,West,Outdoor,EAST_DC,4,229.47
2025-10-12,East,Electronics,EAST_DC,16,1902.02
2025-10-12,East,Electronics,WEST_DC,2,235.42
2025-10-12,East,Electronics,CENTRAL_DC,4,499.38
2025-10-12,East,Home,EAST_DC,14,615.83
2025-10-12,East,Home,WEST_DC,2,90.42
2025-10-12,East,Home,CENTRAL_DC,2,91.36
2025-10-12,East,Apparel,EAST_DC,16,488.78
2025-10-12,East,Apparel,WEST_DC,4,122.92
2025-10-12,East,Apparel,CENTRAL_DC,6,181.05
2025-10-12,East,Accessories,EAST_DC,3,46.0
2025-10-12,East,Accessories,CENTRAL_DC,1,15.19
2025-10-12,East,Outdoor,EAST_DC,8,464.76
2025-10-12,East,Outdoor,CENTRAL_DC,2,127.38
2025-10-12,Central,Electronics,CENTRAL_DC,28,3347.33
2025-10-12,Central,Electronics,EAST_DC,8,997.1
2025-10-12,Central,Home,CENTRAL_DC,16,748.39
2025-10-12,Central,Home,WEST_DC,4,176.05
2025-10-12,Central,Home,EAST_DC,2,91.17
2025-10-12,Central,Apparel,CENTRAL_DC,12,355.98
2025-10-12,Central,Apparel,WEST_DC,2,60.71
2025-10-12,Central,Apparel,EAST_DC,4,125.94
2025-10-12,Central,Accessories,CENTRAL_DC,1,12.82
2025-10-12,Central,Outdoor,CENTRAL_DC,5,298.83
2025-10-12,Central,Outdoor,WEST_DC,1,58.18
2025-10-12,Central,Outdoor,EAST_DC,1,59.91
